2025-03-24 22:00:00,185 ERROR [com.alibaba.nacos.client.naming.updater][NamingProxy.java:617] - [NA] failed to request
java.net.SocketTimeoutException: connect timed out
	at java.net.DualStackPlainSocketImpl.waitForConnect(Native Method)
	at java.net.DualStackPlainSocketImpl.socketConnect(DualStackPlainSocketImpl.java:85)
	at java.net.AbstractPlainSocketImpl.doConnect(AbstractPlainSocketImpl.java:350)
	at java.net.AbstractPlainSocketImpl.connectToAddress(AbstractPlainSocketImpl.java:206)
	at java.net.AbstractPlainSocketImpl.connect(AbstractPlainSocketImpl.java:188)
	at java.net.PlainSocketImpl.connect(PlainSocketImpl.java:172)
	at java.net.SocksSocketImpl.connect(SocksSocketImpl.java:392)
	at java.net.Socket.connect(Socket.java:589)
	at sun.net.NetworkClient.doConnect(NetworkClient.java:175)
	at sun.net.www.http.HttpClient.openServer(HttpClient.java:463)
	at sun.net.www.http.HttpClient.openServer(HttpClient.java:558)
	at sun.net.www.http.HttpClient.<init>(HttpClient.java:242)
	at sun.net.www.http.HttpClient.New(HttpClient.java:339)
	at sun.net.www.http.HttpClient.New(HttpClient.java:357)
	at sun.net.www.protocol.http.HttpURLConnection.getNewHttpClient(HttpURLConnection.java:1202)
	at sun.net.www.protocol.http.HttpURLConnection.plainConnect0(HttpURLConnection.java:1138)
	at sun.net.www.protocol.http.HttpURLConnection.plainConnect(HttpURLConnection.java:1032)
	at sun.net.www.protocol.http.HttpURLConnection.connect(HttpURLConnection.java:966)
	at com.alibaba.nacos.common.http.client.request.JdkHttpClientRequest.execute(JdkHttpClientRequest.java:112)
	at com.alibaba.nacos.common.http.client.NacosRestTemplate.execute(NacosRestTemplate.java:482)
	at com.alibaba.nacos.common.http.client.NacosRestTemplate.exchangeForm(NacosRestTemplate.java:427)
	at com.alibaba.nacos.client.naming.net.NamingProxy.callServer(NamingProxy.java:603)
	at com.alibaba.nacos.client.naming.net.NamingProxy.reqApi(NamingProxy.java:526)
	at com.alibaba.nacos.client.naming.net.NamingProxy.reqApi(NamingProxy.java:498)
	at com.alibaba.nacos.client.naming.net.NamingProxy.reqApi(NamingProxy.java:493)
	at com.alibaba.nacos.client.naming.net.NamingProxy.queryList(NamingProxy.java:407)
	at com.alibaba.nacos.client.naming.core.HostReactor.updateService(HostReactor.java:382)
	at com.alibaba.nacos.client.naming.core.HostReactor$UpdateTask.run(HostReactor.java:464)
	at java.util.concurrent.Executors$RunnableAdapter.call(Executors.java:511)
	at java.util.concurrent.FutureTask.run(FutureTask.java:266)
	at java.util.concurrent.ScheduledThreadPoolExecutor$ScheduledFutureTask.access$201(ScheduledThreadPoolExecutor.java:180)
	at java.util.concurrent.ScheduledThreadPoolExecutor$ScheduledFutureTask.run(ScheduledThreadPoolExecutor.java:293)
	at java.util.concurrent.ThreadPoolExecutor.runWorker(ThreadPoolExecutor.java:1142)
	at java.util.concurrent.ThreadPoolExecutor$Worker.run(ThreadPoolExecutor.java:617)
	at java.lang.Thread.run(Thread.java:748)
2025-03-24 22:00:00,346 ERROR [com.alibaba.nacos.client.naming.updater][NamingProxy.java:552] - request: /nacos/v1/ns/instance/list failed, servers: [192.168.128.130:8848], code: 500, msg: connect timed out
2025-03-24 22:00:02,483 ERROR [com.alibaba.nacos.client.Worker.longPolling.fixed-192.168.128.130_8848-xczx][ServerHttpAgent.java:169] - [NACOS SocketTimeoutException httpPost] currentServerAddr: http://192.168.128.130:8848， err : connect timed out
2025-03-24 22:00:04,088 ERROR [com.alibaba.nacos.naming.beat.sender][NamingProxy.java:617] - [NA] failed to request
java.net.SocketTimeoutException: connect timed out
	at java.net.DualStackPlainSocketImpl.waitForConnect(Native Method)
	at java.net.DualStackPlainSocketImpl.socketConnect(DualStackPlainSocketImpl.java:85)
	at java.net.AbstractPlainSocketImpl.doConnect(AbstractPlainSocketImpl.java:350)
	at java.net.AbstractPlainSocketImpl.connectToAddress(AbstractPlainSocketImpl.java:206)
	at java.net.AbstractPlainSocketImpl.connect(AbstractPlainSocketImpl.java:188)
	at java.net.PlainSocketImpl.connect(PlainSocketImpl.java:172)
	at java.net.SocksSocketImpl.connect(SocksSocketImpl.java:392)
	at java.net.Socket.connect(Socket.java:589)
	at sun.net.NetworkClient.doConnect(NetworkClient.java:175)
	at sun.net.www.http.HttpClient.openServer(HttpClient.java:463)
	at sun.net.www.http.HttpClient.openServer(HttpClient.java:558)
	at sun.net.www.http.HttpClient.<init>(HttpClient.java:242)
	at sun.net.www.http.HttpClient.New(HttpClient.java:339)
	at sun.net.www.http.HttpClient.New(HttpClient.java:357)
	at sun.net.www.protocol.http.HttpURLConnection.getNewHttpClient(HttpURLConnection.java:1202)
	at sun.net.www.protocol.http.HttpURLConnection.plainConnect0(HttpURLConnection.java:1138)
	at sun.net.www.protocol.http.HttpURLConnection.plainConnect(HttpURLConnection.java:1032)
	at sun.net.www.protocol.http.HttpURLConnection.connect(HttpURLConnection.java:966)
	at com.alibaba.nacos.common.http.client.request.JdkHttpClientRequest.execute(JdkHttpClientRequest.java:112)
	at com.alibaba.nacos.common.http.client.NacosRestTemplate.execute(NacosRestTemplate.java:482)
	at com.alibaba.nacos.common.http.client.NacosRestTemplate.exchangeForm(NacosRestTemplate.java:427)
	at com.alibaba.nacos.client.naming.net.NamingProxy.callServer(NamingProxy.java:603)
	at com.alibaba.nacos.client.naming.net.NamingProxy.reqApi(NamingProxy.java:526)
	at com.alibaba.nacos.client.naming.net.NamingProxy.reqApi(NamingProxy.java:498)
	at com.alibaba.nacos.client.naming.net.NamingProxy.sendBeat(NamingProxy.java:433)
	at com.alibaba.nacos.client.naming.beat.BeatReactor$BeatTask.run(BeatReactor.java:167)
	at java.util.concurrent.Executors$RunnableAdapter.call(Executors.java:511)
	at java.util.concurrent.FutureTask.run(FutureTask.java:266)
	at java.util.concurrent.ScheduledThreadPoolExecutor$ScheduledFutureTask.access$201(ScheduledThreadPoolExecutor.java:180)
	at java.util.concurrent.ScheduledThreadPoolExecutor$ScheduledFutureTask.run(ScheduledThreadPoolExecutor.java:293)
	at java.util.concurrent.ThreadPoolExecutor.runWorker(ThreadPoolExecutor.java:1142)
	at java.util.concurrent.ThreadPoolExecutor$Worker.run(ThreadPoolExecutor.java:617)
	at java.lang.Thread.run(Thread.java:748)
2025-03-24 22:00:05,494 ERROR [com.alibaba.nacos.client.Worker.longPolling.fixed-192.168.128.130_8848-xczx][ServerHttpAgent.java:169] - [NACOS SocketTimeoutException httpPost] currentServerAddr: http://192.168.128.130:8848， err : connect timed out
2025-03-24 22:00:07,092 ERROR [com.alibaba.nacos.naming.beat.sender][NamingProxy.java:617] - [NA] failed to request
java.net.SocketTimeoutException: connect timed out
	at java.net.DualStackPlainSocketImpl.waitForConnect(Native Method)
	at java.net.DualStackPlainSocketImpl.socketConnect(DualStackPlainSocketImpl.java:85)
	at java.net.AbstractPlainSocketImpl.doConnect(AbstractPlainSocketImpl.java:350)
	at java.net.AbstractPlainSocketImpl.connectToAddress(AbstractPlainSocketImpl.java:206)
	at java.net.AbstractPlainSocketImpl.connect(AbstractPlainSocketImpl.java:188)
	at java.net.PlainSocketImpl.connect(PlainSocketImpl.java:172)
	at java.net.SocksSocketImpl.connect(SocksSocketImpl.java:392)
	at java.net.Socket.connect(Socket.java:589)
	at sun.net.NetworkClient.doConnect(NetworkClient.java:175)
	at sun.net.www.http.HttpClient.openServer(HttpClient.java:463)
	at sun.net.www.http.HttpClient.openServer(HttpClient.java:558)
	at sun.net.www.http.HttpClient.<init>(HttpClient.java:242)
	at sun.net.www.http.HttpClient.New(HttpClient.java:339)
	at sun.net.www.http.HttpClient.New(HttpClient.java:357)
	at sun.net.www.protocol.http.HttpURLConnection.getNewHttpClient(HttpURLConnection.java:1202)
	at sun.net.www.protocol.http.HttpURLConnection.plainConnect0(HttpURLConnection.java:1138)
	at sun.net.www.protocol.http.HttpURLConnection.plainConnect(HttpURLConnection.java:1032)
	at sun.net.www.protocol.http.HttpURLConnection.connect(HttpURLConnection.java:966)
	at com.alibaba.nacos.common.http.client.request.JdkHttpClientRequest.execute(JdkHttpClientRequest.java:112)
	at com.alibaba.nacos.common.http.client.NacosRestTemplate.execute(NacosRestTemplate.java:482)
	at com.alibaba.nacos.common.http.client.NacosRestTemplate.exchangeForm(NacosRestTemplate.java:427)
	at com.alibaba.nacos.client.naming.net.NamingProxy.callServer(NamingProxy.java:603)
	at com.alibaba.nacos.client.naming.net.NamingProxy.reqApi(NamingProxy.java:526)
	at com.alibaba.nacos.client.naming.net.NamingProxy.reqApi(NamingProxy.java:498)
	at com.alibaba.nacos.client.naming.net.NamingProxy.sendBeat(NamingProxy.java:433)
	at com.alibaba.nacos.client.naming.beat.BeatReactor$BeatTask.run(BeatReactor.java:167)
	at java.util.concurrent.Executors$RunnableAdapter.call(Executors.java:511)
	at java.util.concurrent.FutureTask.run(FutureTask.java:266)
	at java.util.concurrent.ScheduledThreadPoolExecutor$ScheduledFutureTask.access$201(ScheduledThreadPoolExecutor.java:180)
	at java.util.concurrent.ScheduledThreadPoolExecutor$ScheduledFutureTask.run(ScheduledThreadPoolExecutor.java:293)
	at java.util.concurrent.ThreadPoolExecutor.runWorker(ThreadPoolExecutor.java:1142)
	at java.util.concurrent.ThreadPoolExecutor$Worker.run(ThreadPoolExecutor.java:617)
	at java.lang.Thread.run(Thread.java:748)
2025-03-24 22:00:08,497 ERROR [com.alibaba.nacos.client.Worker.longPolling.fixed-192.168.128.130_8848-xczx][ServerHttpAgent.java:169] - [NACOS SocketTimeoutException httpPost] currentServerAddr: http://192.168.128.130:8848， err : connect timed out
2025-03-24 22:00:08,497 ERROR [com.alibaba.nacos.client.Worker.longPolling.fixed-192.168.128.130_8848-xczx][ClientWorker.java:393] - [fixed-192.168.128.130_8848-xczx] [check-update] get changed dataId exception
java.net.ConnectException: [NACOS HTTP-POST] The maximum number of tolerable server reconnection errors has been reached
	at com.alibaba.nacos.client.config.http.ServerHttpAgent.httpPost(ServerHttpAgent.java:181)
	at com.alibaba.nacos.client.config.http.MetricsHttpAgent.httpPost(MetricsHttpAgent.java:67)
	at com.alibaba.nacos.client.config.impl.ClientWorker.checkUpdateConfigStr(ClientWorker.java:380)
	at com.alibaba.nacos.client.config.impl.ClientWorker.checkUpdateDataIds(ClientWorker.java:347)
	at com.alibaba.nacos.client.config.impl.ClientWorker$LongPollingRunnable.run(ClientWorker.java:535)
	at java.util.concurrent.Executors$RunnableAdapter.call(Executors.java:511)
	at java.util.concurrent.FutureTask.run(FutureTask.java:266)
	at java.util.concurrent.ScheduledThreadPoolExecutor$ScheduledFutureTask.access$201(ScheduledThreadPoolExecutor.java:180)
	at java.util.concurrent.ScheduledThreadPoolExecutor$ScheduledFutureTask.run(ScheduledThreadPoolExecutor.java:293)
	at java.util.concurrent.ThreadPoolExecutor.runWorker(ThreadPoolExecutor.java:1142)
	at java.util.concurrent.ThreadPoolExecutor$Worker.run(ThreadPoolExecutor.java:617)
	at java.lang.Thread.run(Thread.java:748)
2025-03-24 22:00:08,499 ERROR [com.alibaba.nacos.client.Worker.longPolling.fixed-192.168.128.130_8848-xczx][ClientWorker.java:580] - longPolling error : 
java.net.ConnectException: [NACOS HTTP-POST] The maximum number of tolerable server reconnection errors has been reached
	at com.alibaba.nacos.client.config.http.ServerHttpAgent.httpPost(ServerHttpAgent.java:181)
	at com.alibaba.nacos.client.config.http.MetricsHttpAgent.httpPost(MetricsHttpAgent.java:67)
	at com.alibaba.nacos.client.config.impl.ClientWorker.checkUpdateConfigStr(ClientWorker.java:380)
	at com.alibaba.nacos.client.config.impl.ClientWorker.checkUpdateDataIds(ClientWorker.java:347)
	at com.alibaba.nacos.client.config.impl.ClientWorker$LongPollingRunnable.run(ClientWorker.java:535)
	at java.util.concurrent.Executors$RunnableAdapter.call(Executors.java:511)
	at java.util.concurrent.FutureTask.run(FutureTask.java:266)
	at java.util.concurrent.ScheduledThreadPoolExecutor$ScheduledFutureTask.access$201(ScheduledThreadPoolExecutor.java:180)
	at java.util.concurrent.ScheduledThreadPoolExecutor$ScheduledFutureTask.run(ScheduledThreadPoolExecutor.java:293)
	at java.util.concurrent.ThreadPoolExecutor.runWorker(ThreadPoolExecutor.java:1142)
	at java.util.concurrent.ThreadPoolExecutor$Worker.run(ThreadPoolExecutor.java:617)
	at java.lang.Thread.run(Thread.java:748)
2025-03-24 22:00:10,109 ERROR [com.alibaba.nacos.naming.beat.sender][NamingProxy.java:617] - [NA] failed to request
java.net.SocketTimeoutException: connect timed out
	at java.net.DualStackPlainSocketImpl.waitForConnect(Native Method)
	at java.net.DualStackPlainSocketImpl.socketConnect(DualStackPlainSocketImpl.java:85)
	at java.net.AbstractPlainSocketImpl.doConnect(AbstractPlainSocketImpl.java:350)
	at java.net.AbstractPlainSocketImpl.connectToAddress(AbstractPlainSocketImpl.java:206)
	at java.net.AbstractPlainSocketImpl.connect(AbstractPlainSocketImpl.java:188)
	at java.net.PlainSocketImpl.connect(PlainSocketImpl.java:172)
	at java.net.SocksSocketImpl.connect(SocksSocketImpl.java:392)
	at java.net.Socket.connect(Socket.java:589)
	at sun.net.NetworkClient.doConnect(NetworkClient.java:175)
	at sun.net.www.http.HttpClient.openServer(HttpClient.java:463)
	at sun.net.www.http.HttpClient.openServer(HttpClient.java:558)
	at sun.net.www.http.HttpClient.<init>(HttpClient.java:242)
	at sun.net.www.http.HttpClient.New(HttpClient.java:339)
	at sun.net.www.http.HttpClient.New(HttpClient.java:357)
	at sun.net.www.protocol.http.HttpURLConnection.getNewHttpClient(HttpURLConnection.java:1202)
	at sun.net.www.protocol.http.HttpURLConnection.plainConnect0(HttpURLConnection.java:1138)
	at sun.net.www.protocol.http.HttpURLConnection.plainConnect(HttpURLConnection.java:1032)
	at sun.net.www.protocol.http.HttpURLConnection.connect(HttpURLConnection.java:966)
	at com.alibaba.nacos.common.http.client.request.JdkHttpClientRequest.execute(JdkHttpClientRequest.java:112)
	at com.alibaba.nacos.common.http.client.NacosRestTemplate.execute(NacosRestTemplate.java:482)
	at com.alibaba.nacos.common.http.client.NacosRestTemplate.exchangeForm(NacosRestTemplate.java:427)
	at com.alibaba.nacos.client.naming.net.NamingProxy.callServer(NamingProxy.java:603)
	at com.alibaba.nacos.client.naming.net.NamingProxy.reqApi(NamingProxy.java:526)
	at com.alibaba.nacos.client.naming.net.NamingProxy.reqApi(NamingProxy.java:498)
	at com.alibaba.nacos.client.naming.net.NamingProxy.sendBeat(NamingProxy.java:433)
	at com.alibaba.nacos.client.naming.beat.BeatReactor$BeatTask.run(BeatReactor.java:167)
	at java.util.concurrent.Executors$RunnableAdapter.call(Executors.java:511)
	at java.util.concurrent.FutureTask.run(FutureTask.java:266)
	at java.util.concurrent.ScheduledThreadPoolExecutor$ScheduledFutureTask.access$201(ScheduledThreadPoolExecutor.java:180)
	at java.util.concurrent.ScheduledThreadPoolExecutor$ScheduledFutureTask.run(ScheduledThreadPoolExecutor.java:293)
	at java.util.concurrent.ThreadPoolExecutor.runWorker(ThreadPoolExecutor.java:1142)
	at java.util.concurrent.ThreadPoolExecutor$Worker.run(ThreadPoolExecutor.java:617)
	at java.lang.Thread.run(Thread.java:748)
2025-03-24 22:00:10,111 ERROR [com.alibaba.nacos.naming.beat.sender][NamingProxy.java:552] - request: /nacos/v1/ns/instance/beat failed, servers: [192.168.128.130:8848], code: 500, msg: connect timed out
2025-03-24 22:00:10,111 ERROR [com.alibaba.nacos.naming.beat.sender][BeatReactor.java:198] - [CLIENT-BEAT] failed to send beat: {"port":63045,"ip":"10.65.24.129","weight":1.0,"serviceName":"group001@@system-service","cluster":"DEFAULT","metadata":{"preserved.register.source":"SPRING_CLOUD"},"scheduled":false,"period":5000,"stopped":false}, code: 500, msg: failed to req API:/nacos/v1/ns/instance/beat after all servers([192.168.128.130:8848]) tried: java.net.SocketTimeoutException: connect timed out
2025-03-24 22:00:13,526 ERROR [com.alibaba.nacos.client.Worker.longPolling.fixed-192.168.128.130_8848-xczx][ServerHttpAgent.java:169] - [NACOS SocketTimeoutException httpPost] currentServerAddr: http://192.168.128.130:8848， err : connect timed out
2025-03-24 22:00:16,543 ERROR [com.alibaba.nacos.client.Worker.longPolling.fixed-192.168.128.130_8848-xczx][ServerHttpAgent.java:169] - [NACOS SocketTimeoutException httpPost] currentServerAddr: http://192.168.128.130:8848， err : connect timed out
2025-03-24 22:00:18,137 ERROR [com.alibaba.nacos.naming.beat.sender][NamingProxy.java:617] - [NA] failed to request
java.net.SocketTimeoutException: connect timed out
	at java.net.DualStackPlainSocketImpl.waitForConnect(Native Method)
	at java.net.DualStackPlainSocketImpl.socketConnect(DualStackPlainSocketImpl.java:85)
	at java.net.AbstractPlainSocketImpl.doConnect(AbstractPlainSocketImpl.java:350)
	at java.net.AbstractPlainSocketImpl.connectToAddress(AbstractPlainSocketImpl.java:206)
	at java.net.AbstractPlainSocketImpl.connect(AbstractPlainSocketImpl.java:188)
	at java.net.PlainSocketImpl.connect(PlainSocketImpl.java:172)
	at java.net.SocksSocketImpl.connect(SocksSocketImpl.java:392)
	at java.net.Socket.connect(Socket.java:589)
	at sun.net.NetworkClient.doConnect(NetworkClient.java:175)
	at sun.net.www.http.HttpClient.openServer(HttpClient.java:463)
	at sun.net.www.http.HttpClient.openServer(HttpClient.java:558)
	at sun.net.www.http.HttpClient.<init>(HttpClient.java:242)
	at sun.net.www.http.HttpClient.New(HttpClient.java:339)
	at sun.net.www.http.HttpClient.New(HttpClient.java:357)
	at sun.net.www.protocol.http.HttpURLConnection.getNewHttpClient(HttpURLConnection.java:1202)
	at sun.net.www.protocol.http.HttpURLConnection.plainConnect0(HttpURLConnection.java:1138)
	at sun.net.www.protocol.http.HttpURLConnection.plainConnect(HttpURLConnection.java:1032)
	at sun.net.www.protocol.http.HttpURLConnection.connect(HttpURLConnection.java:966)
	at com.alibaba.nacos.common.http.client.request.JdkHttpClientRequest.execute(JdkHttpClientRequest.java:112)
	at com.alibaba.nacos.common.http.client.NacosRestTemplate.execute(NacosRestTemplate.java:482)
	at com.alibaba.nacos.common.http.client.NacosRestTemplate.exchangeForm(NacosRestTemplate.java:427)
	at com.alibaba.nacos.client.naming.net.NamingProxy.callServer(NamingProxy.java:603)
	at com.alibaba.nacos.client.naming.net.NamingProxy.reqApi(NamingProxy.java:526)
	at com.alibaba.nacos.client.naming.net.NamingProxy.reqApi(NamingProxy.java:498)
	at com.alibaba.nacos.client.naming.net.NamingProxy.sendBeat(NamingProxy.java:433)
	at com.alibaba.nacos.client.naming.beat.BeatReactor$BeatTask.run(BeatReactor.java:167)
	at java.util.concurrent.Executors$RunnableAdapter.call(Executors.java:511)
	at java.util.concurrent.FutureTask.run(FutureTask.java:266)
	at java.util.concurrent.ScheduledThreadPoolExecutor$ScheduledFutureTask.access$201(ScheduledThreadPoolExecutor.java:180)
	at java.util.concurrent.ScheduledThreadPoolExecutor$ScheduledFutureTask.run(ScheduledThreadPoolExecutor.java:293)
	at java.util.concurrent.ThreadPoolExecutor.runWorker(ThreadPoolExecutor.java:1142)
	at java.util.concurrent.ThreadPoolExecutor$Worker.run(ThreadPoolExecutor.java:617)
	at java.lang.Thread.run(Thread.java:748)
2025-03-24 22:00:19,545 ERROR [com.alibaba.nacos.client.Worker.longPolling.fixed-192.168.128.130_8848-xczx][ServerHttpAgent.java:169] - [NACOS SocketTimeoutException httpPost] currentServerAddr: http://192.168.128.130:8848， err : connect timed out
2025-03-24 22:00:21,143 ERROR [com.alibaba.nacos.naming.beat.sender][NamingProxy.java:617] - [NA] failed to request
java.net.SocketTimeoutException: connect timed out
	at java.net.DualStackPlainSocketImpl.waitForConnect(Native Method)
	at java.net.DualStackPlainSocketImpl.socketConnect(DualStackPlainSocketImpl.java:85)
	at java.net.AbstractPlainSocketImpl.doConnect(AbstractPlainSocketImpl.java:350)
	at java.net.AbstractPlainSocketImpl.connectToAddress(AbstractPlainSocketImpl.java:206)
	at java.net.AbstractPlainSocketImpl.connect(AbstractPlainSocketImpl.java:188)
	at java.net.PlainSocketImpl.connect(PlainSocketImpl.java:172)
	at java.net.SocksSocketImpl.connect(SocksSocketImpl.java:392)
	at java.net.Socket.connect(Socket.java:589)
	at sun.net.NetworkClient.doConnect(NetworkClient.java:175)
	at sun.net.www.http.HttpClient.openServer(HttpClient.java:463)
	at sun.net.www.http.HttpClient.openServer(HttpClient.java:558)
	at sun.net.www.http.HttpClient.<init>(HttpClient.java:242)
	at sun.net.www.http.HttpClient.New(HttpClient.java:339)
	at sun.net.www.http.HttpClient.New(HttpClient.java:357)
	at sun.net.www.protocol.http.HttpURLConnection.getNewHttpClient(HttpURLConnection.java:1202)
	at sun.net.www.protocol.http.HttpURLConnection.plainConnect0(HttpURLConnection.java:1138)
	at sun.net.www.protocol.http.HttpURLConnection.plainConnect(HttpURLConnection.java:1032)
	at sun.net.www.protocol.http.HttpURLConnection.connect(HttpURLConnection.java:966)
	at com.alibaba.nacos.common.http.client.request.JdkHttpClientRequest.execute(JdkHttpClientRequest.java:112)
	at com.alibaba.nacos.common.http.client.NacosRestTemplate.execute(NacosRestTemplate.java:482)
	at com.alibaba.nacos.common.http.client.NacosRestTemplate.exchangeForm(NacosRestTemplate.java:427)
	at com.alibaba.nacos.client.naming.net.NamingProxy.callServer(NamingProxy.java:603)
	at com.alibaba.nacos.client.naming.net.NamingProxy.reqApi(NamingProxy.java:526)
	at com.alibaba.nacos.client.naming.net.NamingProxy.reqApi(NamingProxy.java:498)
	at com.alibaba.nacos.client.naming.net.NamingProxy.sendBeat(NamingProxy.java:433)
	at com.alibaba.nacos.client.naming.beat.BeatReactor$BeatTask.run(BeatReactor.java:167)
	at java.util.concurrent.Executors$RunnableAdapter.call(Executors.java:511)
	at java.util.concurrent.FutureTask.run(FutureTask.java:266)
	at java.util.concurrent.ScheduledThreadPoolExecutor$ScheduledFutureTask.access$201(ScheduledThreadPoolExecutor.java:180)
	at java.util.concurrent.ScheduledThreadPoolExecutor$ScheduledFutureTask.run(ScheduledThreadPoolExecutor.java:293)
	at java.util.concurrent.ThreadPoolExecutor.runWorker(ThreadPoolExecutor.java:1142)
	at java.util.concurrent.ThreadPoolExecutor$Worker.run(ThreadPoolExecutor.java:617)
	at java.lang.Thread.run(Thread.java:748)
2025-03-24 22:00:22,549 ERROR [com.alibaba.nacos.client.Worker.longPolling.fixed-192.168.128.130_8848-xczx][ServerHttpAgent.java:169] - [NACOS SocketTimeoutException httpPost] currentServerAddr: http://192.168.128.130:8848， err : connect timed out
2025-03-24 22:00:22,549 ERROR [com.alibaba.nacos.client.Worker.longPolling.fixed-192.168.128.130_8848-xczx][ClientWorker.java:393] - [fixed-192.168.128.130_8848-xczx] [check-update] get changed dataId exception
java.net.ConnectException: [NACOS HTTP-POST] The maximum number of tolerable server reconnection errors has been reached
	at com.alibaba.nacos.client.config.http.ServerHttpAgent.httpPost(ServerHttpAgent.java:181)
	at com.alibaba.nacos.client.config.http.MetricsHttpAgent.httpPost(MetricsHttpAgent.java:67)
	at com.alibaba.nacos.client.config.impl.ClientWorker.checkUpdateConfigStr(ClientWorker.java:380)
	at com.alibaba.nacos.client.config.impl.ClientWorker.checkUpdateDataIds(ClientWorker.java:347)
	at com.alibaba.nacos.client.config.impl.ClientWorker$LongPollingRunnable.run(ClientWorker.java:535)
	at java.util.concurrent.Executors$RunnableAdapter.call(Executors.java:511)
	at java.util.concurrent.FutureTask.run(FutureTask.java:266)
	at java.util.concurrent.ScheduledThreadPoolExecutor$ScheduledFutureTask.access$201(ScheduledThreadPoolExecutor.java:180)
	at java.util.concurrent.ScheduledThreadPoolExecutor$ScheduledFutureTask.run(ScheduledThreadPoolExecutor.java:293)
	at java.util.concurrent.ThreadPoolExecutor.runWorker(ThreadPoolExecutor.java:1142)
	at java.util.concurrent.ThreadPoolExecutor$Worker.run(ThreadPoolExecutor.java:617)
	at java.lang.Thread.run(Thread.java:748)
2025-03-24 22:00:22,549 ERROR [com.alibaba.nacos.client.Worker.longPolling.fixed-192.168.128.130_8848-xczx][ClientWorker.java:580] - longPolling error : 
java.net.ConnectException: [NACOS HTTP-POST] The maximum number of tolerable server reconnection errors has been reached
	at com.alibaba.nacos.client.config.http.ServerHttpAgent.httpPost(ServerHttpAgent.java:181)
	at com.alibaba.nacos.client.config.http.MetricsHttpAgent.httpPost(MetricsHttpAgent.java:67)
	at com.alibaba.nacos.client.config.impl.ClientWorker.checkUpdateConfigStr(ClientWorker.java:380)
	at com.alibaba.nacos.client.config.impl.ClientWorker.checkUpdateDataIds(ClientWorker.java:347)
	at com.alibaba.nacos.client.config.impl.ClientWorker$LongPollingRunnable.run(ClientWorker.java:535)
	at java.util.concurrent.Executors$RunnableAdapter.call(Executors.java:511)
	at java.util.concurrent.FutureTask.run(FutureTask.java:266)
	at java.util.concurrent.ScheduledThreadPoolExecutor$ScheduledFutureTask.access$201(ScheduledThreadPoolExecutor.java:180)
	at java.util.concurrent.ScheduledThreadPoolExecutor$ScheduledFutureTask.run(ScheduledThreadPoolExecutor.java:293)
	at java.util.concurrent.ThreadPoolExecutor.runWorker(ThreadPoolExecutor.java:1142)
	at java.util.concurrent.ThreadPoolExecutor$Worker.run(ThreadPoolExecutor.java:617)
	at java.lang.Thread.run(Thread.java:748)
2025-03-24 22:00:24,149 ERROR [com.alibaba.nacos.naming.beat.sender][NamingProxy.java:617] - [NA] failed to request
java.net.SocketTimeoutException: connect timed out
	at java.net.DualStackPlainSocketImpl.waitForConnect(Native Method)
	at java.net.DualStackPlainSocketImpl.socketConnect(DualStackPlainSocketImpl.java:85)
	at java.net.AbstractPlainSocketImpl.doConnect(AbstractPlainSocketImpl.java:350)
	at java.net.AbstractPlainSocketImpl.connectToAddress(AbstractPlainSocketImpl.java:206)
	at java.net.AbstractPlainSocketImpl.connect(AbstractPlainSocketImpl.java:188)
	at java.net.PlainSocketImpl.connect(PlainSocketImpl.java:172)
	at java.net.SocksSocketImpl.connect(SocksSocketImpl.java:392)
	at java.net.Socket.connect(Socket.java:589)
	at sun.net.NetworkClient.doConnect(NetworkClient.java:175)
	at sun.net.www.http.HttpClient.openServer(HttpClient.java:463)
	at sun.net.www.http.HttpClient.openServer(HttpClient.java:558)
	at sun.net.www.http.HttpClient.<init>(HttpClient.java:242)
	at sun.net.www.http.HttpClient.New(HttpClient.java:339)
	at sun.net.www.http.HttpClient.New(HttpClient.java:357)
	at sun.net.www.protocol.http.HttpURLConnection.getNewHttpClient(HttpURLConnection.java:1202)
	at sun.net.www.protocol.http.HttpURLConnection.plainConnect0(HttpURLConnection.java:1138)
	at sun.net.www.protocol.http.HttpURLConnection.plainConnect(HttpURLConnection.java:1032)
	at sun.net.www.protocol.http.HttpURLConnection.connect(HttpURLConnection.java:966)
	at com.alibaba.nacos.common.http.client.request.JdkHttpClientRequest.execute(JdkHttpClientRequest.java:112)
	at com.alibaba.nacos.common.http.client.NacosRestTemplate.execute(NacosRestTemplate.java:482)
	at com.alibaba.nacos.common.http.client.NacosRestTemplate.exchangeForm(NacosRestTemplate.java:427)
	at com.alibaba.nacos.client.naming.net.NamingProxy.callServer(NamingProxy.java:603)
	at com.alibaba.nacos.client.naming.net.NamingProxy.reqApi(NamingProxy.java:526)
	at com.alibaba.nacos.client.naming.net.NamingProxy.reqApi(NamingProxy.java:498)
	at com.alibaba.nacos.client.naming.net.NamingProxy.sendBeat(NamingProxy.java:433)
	at com.alibaba.nacos.client.naming.beat.BeatReactor$BeatTask.run(BeatReactor.java:167)
	at java.util.concurrent.Executors$RunnableAdapter.call(Executors.java:511)
	at java.util.concurrent.FutureTask.run(FutureTask.java:266)
	at java.util.concurrent.ScheduledThreadPoolExecutor$ScheduledFutureTask.access$201(ScheduledThreadPoolExecutor.java:180)
	at java.util.concurrent.ScheduledThreadPoolExecutor$ScheduledFutureTask.run(ScheduledThreadPoolExecutor.java:293)
	at java.util.concurrent.ThreadPoolExecutor.runWorker(ThreadPoolExecutor.java:1142)
	at java.util.concurrent.ThreadPoolExecutor$Worker.run(ThreadPoolExecutor.java:617)
	at java.lang.Thread.run(Thread.java:748)
2025-03-24 22:00:24,150 ERROR [com.alibaba.nacos.naming.beat.sender][NamingProxy.java:552] - request: /nacos/v1/ns/instance/beat failed, servers: [192.168.128.130:8848], code: 500, msg: connect timed out
2025-03-24 22:00:24,150 ERROR [com.alibaba.nacos.naming.beat.sender][BeatReactor.java:198] - [CLIENT-BEAT] failed to send beat: {"port":63045,"ip":"10.65.24.129","weight":1.0,"serviceName":"group001@@system-service","cluster":"DEFAULT","metadata":{"preserved.register.source":"SPRING_CLOUD"},"scheduled":false,"period":5000,"stopped":false}, code: 500, msg: failed to req API:/nacos/v1/ns/instance/beat after all servers([192.168.128.130:8848]) tried: java.net.SocketTimeoutException: connect timed out
2025-03-24 22:00:27,581 ERROR [com.alibaba.nacos.client.Worker.longPolling.fixed-192.168.128.130_8848-xczx][ServerHttpAgent.java:169] - [NACOS SocketTimeoutException httpPost] currentServerAddr: http://192.168.128.130:8848， err : connect timed out
2025-03-24 22:00:30,590 ERROR [com.alibaba.nacos.client.Worker.longPolling.fixed-192.168.128.130_8848-xczx][ServerHttpAgent.java:169] - [NACOS SocketTimeoutException httpPost] currentServerAddr: http://192.168.128.130:8848， err : connect timed out
2025-03-24 22:00:32,175 ERROR [com.alibaba.nacos.naming.beat.sender][NamingProxy.java:617] - [NA] failed to request
java.net.SocketTimeoutException: connect timed out
	at java.net.DualStackPlainSocketImpl.waitForConnect(Native Method)
	at java.net.DualStackPlainSocketImpl.socketConnect(DualStackPlainSocketImpl.java:85)
	at java.net.AbstractPlainSocketImpl.doConnect(AbstractPlainSocketImpl.java:350)
	at java.net.AbstractPlainSocketImpl.connectToAddress(AbstractPlainSocketImpl.java:206)
	at java.net.AbstractPlainSocketImpl.connect(AbstractPlainSocketImpl.java:188)
	at java.net.PlainSocketImpl.connect(PlainSocketImpl.java:172)
	at java.net.SocksSocketImpl.connect(SocksSocketImpl.java:392)
	at java.net.Socket.connect(Socket.java:589)
	at sun.net.NetworkClient.doConnect(NetworkClient.java:175)
	at sun.net.www.http.HttpClient.openServer(HttpClient.java:463)
	at sun.net.www.http.HttpClient.openServer(HttpClient.java:558)
	at sun.net.www.http.HttpClient.<init>(HttpClient.java:242)
	at sun.net.www.http.HttpClient.New(HttpClient.java:339)
	at sun.net.www.http.HttpClient.New(HttpClient.java:357)
	at sun.net.www.protocol.http.HttpURLConnection.getNewHttpClient(HttpURLConnection.java:1202)
	at sun.net.www.protocol.http.HttpURLConnection.plainConnect0(HttpURLConnection.java:1138)
	at sun.net.www.protocol.http.HttpURLConnection.plainConnect(HttpURLConnection.java:1032)
	at sun.net.www.protocol.http.HttpURLConnection.connect(HttpURLConnection.java:966)
	at com.alibaba.nacos.common.http.client.request.JdkHttpClientRequest.execute(JdkHttpClientRequest.java:112)
	at com.alibaba.nacos.common.http.client.NacosRestTemplate.execute(NacosRestTemplate.java:482)
	at com.alibaba.nacos.common.http.client.NacosRestTemplate.exchangeForm(NacosRestTemplate.java:427)
	at com.alibaba.nacos.client.naming.net.NamingProxy.callServer(NamingProxy.java:603)
	at com.alibaba.nacos.client.naming.net.NamingProxy.reqApi(NamingProxy.java:526)
	at com.alibaba.nacos.client.naming.net.NamingProxy.reqApi(NamingProxy.java:498)
	at com.alibaba.nacos.client.naming.net.NamingProxy.sendBeat(NamingProxy.java:433)
	at com.alibaba.nacos.client.naming.beat.BeatReactor$BeatTask.run(BeatReactor.java:167)
	at java.util.concurrent.Executors$RunnableAdapter.call(Executors.java:511)
	at java.util.concurrent.FutureTask.run(FutureTask.java:266)
	at java.util.concurrent.ScheduledThreadPoolExecutor$ScheduledFutureTask.access$201(ScheduledThreadPoolExecutor.java:180)
	at java.util.concurrent.ScheduledThreadPoolExecutor$ScheduledFutureTask.run(ScheduledThreadPoolExecutor.java:293)
	at java.util.concurrent.ThreadPoolExecutor.runWorker(ThreadPoolExecutor.java:1142)
	at java.util.concurrent.ThreadPoolExecutor$Worker.run(ThreadPoolExecutor.java:617)
	at java.lang.Thread.run(Thread.java:748)
2025-03-24 22:00:33,597 ERROR [com.alibaba.nacos.client.Worker.longPolling.fixed-192.168.128.130_8848-xczx][ServerHttpAgent.java:169] - [NACOS SocketTimeoutException httpPost] currentServerAddr: http://192.168.128.130:8848， err : connect timed out
2025-03-24 22:00:35,193 ERROR [com.alibaba.nacos.naming.beat.sender][NamingProxy.java:617] - [NA] failed to request
java.net.SocketTimeoutException: connect timed out
	at java.net.DualStackPlainSocketImpl.waitForConnect(Native Method)
	at java.net.DualStackPlainSocketImpl.socketConnect(DualStackPlainSocketImpl.java:85)
	at java.net.AbstractPlainSocketImpl.doConnect(AbstractPlainSocketImpl.java:350)
	at java.net.AbstractPlainSocketImpl.connectToAddress(AbstractPlainSocketImpl.java:206)
	at java.net.AbstractPlainSocketImpl.connect(AbstractPlainSocketImpl.java:188)
	at java.net.PlainSocketImpl.connect(PlainSocketImpl.java:172)
	at java.net.SocksSocketImpl.connect(SocksSocketImpl.java:392)
	at java.net.Socket.connect(Socket.java:589)
	at sun.net.NetworkClient.doConnect(NetworkClient.java:175)
	at sun.net.www.http.HttpClient.openServer(HttpClient.java:463)
	at sun.net.www.http.HttpClient.openServer(HttpClient.java:558)
	at sun.net.www.http.HttpClient.<init>(HttpClient.java:242)
	at sun.net.www.http.HttpClient.New(HttpClient.java:339)
	at sun.net.www.http.HttpClient.New(HttpClient.java:357)
	at sun.net.www.protocol.http.HttpURLConnection.getNewHttpClient(HttpURLConnection.java:1202)
	at sun.net.www.protocol.http.HttpURLConnection.plainConnect0(HttpURLConnection.java:1138)
	at sun.net.www.protocol.http.HttpURLConnection.plainConnect(HttpURLConnection.java:1032)
	at sun.net.www.protocol.http.HttpURLConnection.connect(HttpURLConnection.java:966)
	at com.alibaba.nacos.common.http.client.request.JdkHttpClientRequest.execute(JdkHttpClientRequest.java:112)
	at com.alibaba.nacos.common.http.client.NacosRestTemplate.execute(NacosRestTemplate.java:482)
	at com.alibaba.nacos.common.http.client.NacosRestTemplate.exchangeForm(NacosRestTemplate.java:427)
	at com.alibaba.nacos.client.naming.net.NamingProxy.callServer(NamingProxy.java:603)
	at com.alibaba.nacos.client.naming.net.NamingProxy.reqApi(NamingProxy.java:526)
	at com.alibaba.nacos.client.naming.net.NamingProxy.reqApi(NamingProxy.java:498)
	at com.alibaba.nacos.client.naming.net.NamingProxy.sendBeat(NamingProxy.java:433)
	at com.alibaba.nacos.client.naming.beat.BeatReactor$BeatTask.run(BeatReactor.java:167)
	at java.util.concurrent.Executors$RunnableAdapter.call(Executors.java:511)
	at java.util.concurrent.FutureTask.run(FutureTask.java:266)
	at java.util.concurrent.ScheduledThreadPoolExecutor$ScheduledFutureTask.access$201(ScheduledThreadPoolExecutor.java:180)
	at java.util.concurrent.ScheduledThreadPoolExecutor$ScheduledFutureTask.run(ScheduledThreadPoolExecutor.java:293)
	at java.util.concurrent.ThreadPoolExecutor.runWorker(ThreadPoolExecutor.java:1142)
	at java.util.concurrent.ThreadPoolExecutor$Worker.run(ThreadPoolExecutor.java:617)
	at java.lang.Thread.run(Thread.java:748)
2025-03-24 22:00:36,614 ERROR [com.alibaba.nacos.client.Worker.longPolling.fixed-192.168.128.130_8848-xczx][ServerHttpAgent.java:169] - [NACOS SocketTimeoutException httpPost] currentServerAddr: http://192.168.128.130:8848， err : connect timed out
2025-03-24 22:00:36,614 ERROR [com.alibaba.nacos.client.Worker.longPolling.fixed-192.168.128.130_8848-xczx][ClientWorker.java:393] - [fixed-192.168.128.130_8848-xczx] [check-update] get changed dataId exception
java.net.ConnectException: [NACOS HTTP-POST] The maximum number of tolerable server reconnection errors has been reached
	at com.alibaba.nacos.client.config.http.ServerHttpAgent.httpPost(ServerHttpAgent.java:181)
	at com.alibaba.nacos.client.config.http.MetricsHttpAgent.httpPost(MetricsHttpAgent.java:67)
	at com.alibaba.nacos.client.config.impl.ClientWorker.checkUpdateConfigStr(ClientWorker.java:380)
	at com.alibaba.nacos.client.config.impl.ClientWorker.checkUpdateDataIds(ClientWorker.java:347)
	at com.alibaba.nacos.client.config.impl.ClientWorker$LongPollingRunnable.run(ClientWorker.java:535)
	at java.util.concurrent.Executors$RunnableAdapter.call(Executors.java:511)
	at java.util.concurrent.FutureTask.run(FutureTask.java:266)
	at java.util.concurrent.ScheduledThreadPoolExecutor$ScheduledFutureTask.access$201(ScheduledThreadPoolExecutor.java:180)
	at java.util.concurrent.ScheduledThreadPoolExecutor$ScheduledFutureTask.run(ScheduledThreadPoolExecutor.java:293)
	at java.util.concurrent.ThreadPoolExecutor.runWorker(ThreadPoolExecutor.java:1142)
	at java.util.concurrent.ThreadPoolExecutor$Worker.run(ThreadPoolExecutor.java:617)
	at java.lang.Thread.run(Thread.java:748)
2025-03-24 22:00:36,616 ERROR [com.alibaba.nacos.client.Worker.longPolling.fixed-192.168.128.130_8848-xczx][ClientWorker.java:580] - longPolling error : 
java.net.ConnectException: [NACOS HTTP-POST] The maximum number of tolerable server reconnection errors has been reached
	at com.alibaba.nacos.client.config.http.ServerHttpAgent.httpPost(ServerHttpAgent.java:181)
	at com.alibaba.nacos.client.config.http.MetricsHttpAgent.httpPost(MetricsHttpAgent.java:67)
	at com.alibaba.nacos.client.config.impl.ClientWorker.checkUpdateConfigStr(ClientWorker.java:380)
	at com.alibaba.nacos.client.config.impl.ClientWorker.checkUpdateDataIds(ClientWorker.java:347)
	at com.alibaba.nacos.client.config.impl.ClientWorker$LongPollingRunnable.run(ClientWorker.java:535)
	at java.util.concurrent.Executors$RunnableAdapter.call(Executors.java:511)
	at java.util.concurrent.FutureTask.run(FutureTask.java:266)
	at java.util.concurrent.ScheduledThreadPoolExecutor$ScheduledFutureTask.access$201(ScheduledThreadPoolExecutor.java:180)
	at java.util.concurrent.ScheduledThreadPoolExecutor$ScheduledFutureTask.run(ScheduledThreadPoolExecutor.java:293)
	at java.util.concurrent.ThreadPoolExecutor.runWorker(ThreadPoolExecutor.java:1142)
	at java.util.concurrent.ThreadPoolExecutor$Worker.run(ThreadPoolExecutor.java:617)
	at java.lang.Thread.run(Thread.java:748)
2025-03-24 22:00:38,210 ERROR [com.alibaba.nacos.naming.beat.sender][NamingProxy.java:617] - [NA] failed to request
java.net.SocketTimeoutException: connect timed out
	at java.net.DualStackPlainSocketImpl.waitForConnect(Native Method)
	at java.net.DualStackPlainSocketImpl.socketConnect(DualStackPlainSocketImpl.java:85)
	at java.net.AbstractPlainSocketImpl.doConnect(AbstractPlainSocketImpl.java:350)
	at java.net.AbstractPlainSocketImpl.connectToAddress(AbstractPlainSocketImpl.java:206)
	at java.net.AbstractPlainSocketImpl.connect(AbstractPlainSocketImpl.java:188)
	at java.net.PlainSocketImpl.connect(PlainSocketImpl.java:172)
	at java.net.SocksSocketImpl.connect(SocksSocketImpl.java:392)
	at java.net.Socket.connect(Socket.java:589)
	at sun.net.NetworkClient.doConnect(NetworkClient.java:175)
	at sun.net.www.http.HttpClient.openServer(HttpClient.java:463)
	at sun.net.www.http.HttpClient.openServer(HttpClient.java:558)
	at sun.net.www.http.HttpClient.<init>(HttpClient.java:242)
	at sun.net.www.http.HttpClient.New(HttpClient.java:339)
	at sun.net.www.http.HttpClient.New(HttpClient.java:357)
	at sun.net.www.protocol.http.HttpURLConnection.getNewHttpClient(HttpURLConnection.java:1202)
	at sun.net.www.protocol.http.HttpURLConnection.plainConnect0(HttpURLConnection.java:1138)
	at sun.net.www.protocol.http.HttpURLConnection.plainConnect(HttpURLConnection.java:1032)
	at sun.net.www.protocol.http.HttpURLConnection.connect(HttpURLConnection.java:966)
	at com.alibaba.nacos.common.http.client.request.JdkHttpClientRequest.execute(JdkHttpClientRequest.java:112)
	at com.alibaba.nacos.common.http.client.NacosRestTemplate.execute(NacosRestTemplate.java:482)
	at com.alibaba.nacos.common.http.client.NacosRestTemplate.exchangeForm(NacosRestTemplate.java:427)
	at com.alibaba.nacos.client.naming.net.NamingProxy.callServer(NamingProxy.java:603)
	at com.alibaba.nacos.client.naming.net.NamingProxy.reqApi(NamingProxy.java:526)
	at com.alibaba.nacos.client.naming.net.NamingProxy.reqApi(NamingProxy.java:498)
	at com.alibaba.nacos.client.naming.net.NamingProxy.sendBeat(NamingProxy.java:433)
	at com.alibaba.nacos.client.naming.beat.BeatReactor$BeatTask.run(BeatReactor.java:167)
	at java.util.concurrent.Executors$RunnableAdapter.call(Executors.java:511)
	at java.util.concurrent.FutureTask.run(FutureTask.java:266)
	at java.util.concurrent.ScheduledThreadPoolExecutor$ScheduledFutureTask.access$201(ScheduledThreadPoolExecutor.java:180)
	at java.util.concurrent.ScheduledThreadPoolExecutor$ScheduledFutureTask.run(ScheduledThreadPoolExecutor.java:293)
	at java.util.concurrent.ThreadPoolExecutor.runWorker(ThreadPoolExecutor.java:1142)
	at java.util.concurrent.ThreadPoolExecutor$Worker.run(ThreadPoolExecutor.java:617)
	at java.lang.Thread.run(Thread.java:748)
2025-03-24 22:00:38,213 ERROR [com.alibaba.nacos.naming.beat.sender][NamingProxy.java:552] - request: /nacos/v1/ns/instance/beat failed, servers: [192.168.128.130:8848], code: 500, msg: connect timed out
2025-03-24 22:00:38,213 ERROR [com.alibaba.nacos.naming.beat.sender][BeatReactor.java:198] - [CLIENT-BEAT] failed to send beat: {"port":63045,"ip":"10.65.24.129","weight":1.0,"serviceName":"group001@@system-service","cluster":"DEFAULT","metadata":{"preserved.register.source":"SPRING_CLOUD"},"scheduled":false,"period":5000,"stopped":false}, code: 500, msg: failed to req API:/nacos/v1/ns/instance/beat after all servers([192.168.128.130:8848]) tried: java.net.SocketTimeoutException: connect timed out
2025-03-24 22:00:41,643 ERROR [com.alibaba.nacos.client.Worker.longPolling.fixed-192.168.128.130_8848-xczx][ServerHttpAgent.java:169] - [NACOS SocketTimeoutException httpPost] currentServerAddr: http://192.168.128.130:8848， err : connect timed out
2025-03-24 22:00:44,645 ERROR [com.alibaba.nacos.client.Worker.longPolling.fixed-192.168.128.130_8848-xczx][ServerHttpAgent.java:169] - [NACOS SocketTimeoutException httpPost] currentServerAddr: http://192.168.128.130:8848， err : connect timed out
2025-03-24 22:00:46,242 ERROR [com.alibaba.nacos.naming.beat.sender][NamingProxy.java:617] - [NA] failed to request
java.net.SocketTimeoutException: connect timed out
	at java.net.DualStackPlainSocketImpl.waitForConnect(Native Method)
	at java.net.DualStackPlainSocketImpl.socketConnect(DualStackPlainSocketImpl.java:85)
	at java.net.AbstractPlainSocketImpl.doConnect(AbstractPlainSocketImpl.java:350)
	at java.net.AbstractPlainSocketImpl.connectToAddress(AbstractPlainSocketImpl.java:206)
	at java.net.AbstractPlainSocketImpl.connect(AbstractPlainSocketImpl.java:188)
	at java.net.PlainSocketImpl.connect(PlainSocketImpl.java:172)
	at java.net.SocksSocketImpl.connect(SocksSocketImpl.java:392)
	at java.net.Socket.connect(Socket.java:589)
	at sun.net.NetworkClient.doConnect(NetworkClient.java:175)
	at sun.net.www.http.HttpClient.openServer(HttpClient.java:463)
	at sun.net.www.http.HttpClient.openServer(HttpClient.java:558)
	at sun.net.www.http.HttpClient.<init>(HttpClient.java:242)
	at sun.net.www.http.HttpClient.New(HttpClient.java:339)
	at sun.net.www.http.HttpClient.New(HttpClient.java:357)
	at sun.net.www.protocol.http.HttpURLConnection.getNewHttpClient(HttpURLConnection.java:1202)
	at sun.net.www.protocol.http.HttpURLConnection.plainConnect0(HttpURLConnection.java:1138)
	at sun.net.www.protocol.http.HttpURLConnection.plainConnect(HttpURLConnection.java:1032)
	at sun.net.www.protocol.http.HttpURLConnection.connect(HttpURLConnection.java:966)
	at com.alibaba.nacos.common.http.client.request.JdkHttpClientRequest.execute(JdkHttpClientRequest.java:112)
	at com.alibaba.nacos.common.http.client.NacosRestTemplate.execute(NacosRestTemplate.java:482)
	at com.alibaba.nacos.common.http.client.NacosRestTemplate.exchangeForm(NacosRestTemplate.java:427)
	at com.alibaba.nacos.client.naming.net.NamingProxy.callServer(NamingProxy.java:603)
	at com.alibaba.nacos.client.naming.net.NamingProxy.reqApi(NamingProxy.java:526)
	at com.alibaba.nacos.client.naming.net.NamingProxy.reqApi(NamingProxy.java:498)
	at com.alibaba.nacos.client.naming.net.NamingProxy.sendBeat(NamingProxy.java:433)
	at com.alibaba.nacos.client.naming.beat.BeatReactor$BeatTask.run(BeatReactor.java:167)
	at java.util.concurrent.Executors$RunnableAdapter.call(Executors.java:511)
	at java.util.concurrent.FutureTask.run(FutureTask.java:266)
	at java.util.concurrent.ScheduledThreadPoolExecutor$ScheduledFutureTask.access$201(ScheduledThreadPoolExecutor.java:180)
	at java.util.concurrent.ScheduledThreadPoolExecutor$ScheduledFutureTask.run(ScheduledThreadPoolExecutor.java:293)
	at java.util.concurrent.ThreadPoolExecutor.runWorker(ThreadPoolExecutor.java:1142)
	at java.util.concurrent.ThreadPoolExecutor$Worker.run(ThreadPoolExecutor.java:617)
	at java.lang.Thread.run(Thread.java:748)
2025-03-24 22:00:47,664 ERROR [com.alibaba.nacos.client.Worker.longPolling.fixed-192.168.128.130_8848-xczx][ServerHttpAgent.java:169] - [NACOS SocketTimeoutException httpPost] currentServerAddr: http://192.168.128.130:8848， err : connect timed out
2025-03-24 22:00:49,248 ERROR [com.alibaba.nacos.naming.beat.sender][NamingProxy.java:617] - [NA] failed to request
java.net.SocketTimeoutException: connect timed out
	at java.net.DualStackPlainSocketImpl.waitForConnect(Native Method)
	at java.net.DualStackPlainSocketImpl.socketConnect(DualStackPlainSocketImpl.java:85)
	at java.net.AbstractPlainSocketImpl.doConnect(AbstractPlainSocketImpl.java:350)
	at java.net.AbstractPlainSocketImpl.connectToAddress(AbstractPlainSocketImpl.java:206)
	at java.net.AbstractPlainSocketImpl.connect(AbstractPlainSocketImpl.java:188)
	at java.net.PlainSocketImpl.connect(PlainSocketImpl.java:172)
	at java.net.SocksSocketImpl.connect(SocksSocketImpl.java:392)
	at java.net.Socket.connect(Socket.java:589)
	at sun.net.NetworkClient.doConnect(NetworkClient.java:175)
	at sun.net.www.http.HttpClient.openServer(HttpClient.java:463)
	at sun.net.www.http.HttpClient.openServer(HttpClient.java:558)
	at sun.net.www.http.HttpClient.<init>(HttpClient.java:242)
	at sun.net.www.http.HttpClient.New(HttpClient.java:339)
	at sun.net.www.http.HttpClient.New(HttpClient.java:357)
	at sun.net.www.protocol.http.HttpURLConnection.getNewHttpClient(HttpURLConnection.java:1202)
	at sun.net.www.protocol.http.HttpURLConnection.plainConnect0(HttpURLConnection.java:1138)
	at sun.net.www.protocol.http.HttpURLConnection.plainConnect(HttpURLConnection.java:1032)
	at sun.net.www.protocol.http.HttpURLConnection.connect(HttpURLConnection.java:966)
	at com.alibaba.nacos.common.http.client.request.JdkHttpClientRequest.execute(JdkHttpClientRequest.java:112)
	at com.alibaba.nacos.common.http.client.NacosRestTemplate.execute(NacosRestTemplate.java:482)
	at com.alibaba.nacos.common.http.client.NacosRestTemplate.exchangeForm(NacosRestTemplate.java:427)
	at com.alibaba.nacos.client.naming.net.NamingProxy.callServer(NamingProxy.java:603)
	at com.alibaba.nacos.client.naming.net.NamingProxy.reqApi(NamingProxy.java:526)
	at com.alibaba.nacos.client.naming.net.NamingProxy.reqApi(NamingProxy.java:498)
	at com.alibaba.nacos.client.naming.net.NamingProxy.sendBeat(NamingProxy.java:433)
	at com.alibaba.nacos.client.naming.beat.BeatReactor$BeatTask.run(BeatReactor.java:167)
	at java.util.concurrent.Executors$RunnableAdapter.call(Executors.java:511)
	at java.util.concurrent.FutureTask.run(FutureTask.java:266)
	at java.util.concurrent.ScheduledThreadPoolExecutor$ScheduledFutureTask.access$201(ScheduledThreadPoolExecutor.java:180)
	at java.util.concurrent.ScheduledThreadPoolExecutor$ScheduledFutureTask.run(ScheduledThreadPoolExecutor.java:293)
	at java.util.concurrent.ThreadPoolExecutor.runWorker(ThreadPoolExecutor.java:1142)
	at java.util.concurrent.ThreadPoolExecutor$Worker.run(ThreadPoolExecutor.java:617)
	at java.lang.Thread.run(Thread.java:748)
2025-03-24 22:00:50,671 ERROR [com.alibaba.nacos.client.Worker.longPolling.fixed-192.168.128.130_8848-xczx][ServerHttpAgent.java:169] - [NACOS SocketTimeoutException httpPost] currentServerAddr: http://192.168.128.130:8848， err : connect timed out
2025-03-24 22:00:50,671 ERROR [com.alibaba.nacos.client.Worker.longPolling.fixed-192.168.128.130_8848-xczx][ClientWorker.java:393] - [fixed-192.168.128.130_8848-xczx] [check-update] get changed dataId exception
java.net.ConnectException: [NACOS HTTP-POST] The maximum number of tolerable server reconnection errors has been reached
	at com.alibaba.nacos.client.config.http.ServerHttpAgent.httpPost(ServerHttpAgent.java:181)
	at com.alibaba.nacos.client.config.http.MetricsHttpAgent.httpPost(MetricsHttpAgent.java:67)
	at com.alibaba.nacos.client.config.impl.ClientWorker.checkUpdateConfigStr(ClientWorker.java:380)
	at com.alibaba.nacos.client.config.impl.ClientWorker.checkUpdateDataIds(ClientWorker.java:347)
	at com.alibaba.nacos.client.config.impl.ClientWorker$LongPollingRunnable.run(ClientWorker.java:535)
	at java.util.concurrent.Executors$RunnableAdapter.call(Executors.java:511)
	at java.util.concurrent.FutureTask.run(FutureTask.java:266)
	at java.util.concurrent.ScheduledThreadPoolExecutor$ScheduledFutureTask.access$201(ScheduledThreadPoolExecutor.java:180)
	at java.util.concurrent.ScheduledThreadPoolExecutor$ScheduledFutureTask.run(ScheduledThreadPoolExecutor.java:293)
	at java.util.concurrent.ThreadPoolExecutor.runWorker(ThreadPoolExecutor.java:1142)
	at java.util.concurrent.ThreadPoolExecutor$Worker.run(ThreadPoolExecutor.java:617)
	at java.lang.Thread.run(Thread.java:748)
2025-03-24 22:00:50,672 ERROR [com.alibaba.nacos.client.Worker.longPolling.fixed-192.168.128.130_8848-xczx][ClientWorker.java:580] - longPolling error : 
java.net.ConnectException: [NACOS HTTP-POST] The maximum number of tolerable server reconnection errors has been reached
	at com.alibaba.nacos.client.config.http.ServerHttpAgent.httpPost(ServerHttpAgent.java:181)
	at com.alibaba.nacos.client.config.http.MetricsHttpAgent.httpPost(MetricsHttpAgent.java:67)
	at com.alibaba.nacos.client.config.impl.ClientWorker.checkUpdateConfigStr(ClientWorker.java:380)
	at com.alibaba.nacos.client.config.impl.ClientWorker.checkUpdateDataIds(ClientWorker.java:347)
	at com.alibaba.nacos.client.config.impl.ClientWorker$LongPollingRunnable.run(ClientWorker.java:535)
	at java.util.concurrent.Executors$RunnableAdapter.call(Executors.java:511)
	at java.util.concurrent.FutureTask.run(FutureTask.java:266)
	at java.util.concurrent.ScheduledThreadPoolExecutor$ScheduledFutureTask.access$201(ScheduledThreadPoolExecutor.java:180)
	at java.util.concurrent.ScheduledThreadPoolExecutor$ScheduledFutureTask.run(ScheduledThreadPoolExecutor.java:293)
	at java.util.concurrent.ThreadPoolExecutor.runWorker(ThreadPoolExecutor.java:1142)
	at java.util.concurrent.ThreadPoolExecutor$Worker.run(ThreadPoolExecutor.java:617)
	at java.lang.Thread.run(Thread.java:748)
2025-03-24 22:00:52,254 ERROR [com.alibaba.nacos.naming.beat.sender][NamingProxy.java:617] - [NA] failed to request
java.net.SocketTimeoutException: connect timed out
	at java.net.DualStackPlainSocketImpl.waitForConnect(Native Method)
	at java.net.DualStackPlainSocketImpl.socketConnect(DualStackPlainSocketImpl.java:85)
	at java.net.AbstractPlainSocketImpl.doConnect(AbstractPlainSocketImpl.java:350)
	at java.net.AbstractPlainSocketImpl.connectToAddress(AbstractPlainSocketImpl.java:206)
	at java.net.AbstractPlainSocketImpl.connect(AbstractPlainSocketImpl.java:188)
	at java.net.PlainSocketImpl.connect(PlainSocketImpl.java:172)
	at java.net.SocksSocketImpl.connect(SocksSocketImpl.java:392)
	at java.net.Socket.connect(Socket.java:589)
	at sun.net.NetworkClient.doConnect(NetworkClient.java:175)
	at sun.net.www.http.HttpClient.openServer(HttpClient.java:463)
	at sun.net.www.http.HttpClient.openServer(HttpClient.java:558)
	at sun.net.www.http.HttpClient.<init>(HttpClient.java:242)
	at sun.net.www.http.HttpClient.New(HttpClient.java:339)
	at sun.net.www.http.HttpClient.New(HttpClient.java:357)
	at sun.net.www.protocol.http.HttpURLConnection.getNewHttpClient(HttpURLConnection.java:1202)
	at sun.net.www.protocol.http.HttpURLConnection.plainConnect0(HttpURLConnection.java:1138)
	at sun.net.www.protocol.http.HttpURLConnection.plainConnect(HttpURLConnection.java:1032)
	at sun.net.www.protocol.http.HttpURLConnection.connect(HttpURLConnection.java:966)
	at com.alibaba.nacos.common.http.client.request.JdkHttpClientRequest.execute(JdkHttpClientRequest.java:112)
	at com.alibaba.nacos.common.http.client.NacosRestTemplate.execute(NacosRestTemplate.java:482)
	at com.alibaba.nacos.common.http.client.NacosRestTemplate.exchangeForm(NacosRestTemplate.java:427)
	at com.alibaba.nacos.client.naming.net.NamingProxy.callServer(NamingProxy.java:603)
	at com.alibaba.nacos.client.naming.net.NamingProxy.reqApi(NamingProxy.java:526)
	at com.alibaba.nacos.client.naming.net.NamingProxy.reqApi(NamingProxy.java:498)
	at com.alibaba.nacos.client.naming.net.NamingProxy.sendBeat(NamingProxy.java:433)
	at com.alibaba.nacos.client.naming.beat.BeatReactor$BeatTask.run(BeatReactor.java:167)
	at java.util.concurrent.Executors$RunnableAdapter.call(Executors.java:511)
	at java.util.concurrent.FutureTask.run(FutureTask.java:266)
	at java.util.concurrent.ScheduledThreadPoolExecutor$ScheduledFutureTask.access$201(ScheduledThreadPoolExecutor.java:180)
	at java.util.concurrent.ScheduledThreadPoolExecutor$ScheduledFutureTask.run(ScheduledThreadPoolExecutor.java:293)
	at java.util.concurrent.ThreadPoolExecutor.runWorker(ThreadPoolExecutor.java:1142)
	at java.util.concurrent.ThreadPoolExecutor$Worker.run(ThreadPoolExecutor.java:617)
	at java.lang.Thread.run(Thread.java:748)
2025-03-24 22:00:52,255 ERROR [com.alibaba.nacos.naming.beat.sender][NamingProxy.java:552] - request: /nacos/v1/ns/instance/beat failed, servers: [192.168.128.130:8848], code: 500, msg: connect timed out
2025-03-24 22:00:52,255 ERROR [com.alibaba.nacos.naming.beat.sender][BeatReactor.java:198] - [CLIENT-BEAT] failed to send beat: {"port":63045,"ip":"10.65.24.129","weight":1.0,"serviceName":"group001@@system-service","cluster":"DEFAULT","metadata":{"preserved.register.source":"SPRING_CLOUD"},"scheduled":false,"period":5000,"stopped":false}, code: 500, msg: failed to req API:/nacos/v1/ns/instance/beat after all servers([192.168.128.130:8848]) tried: java.net.SocketTimeoutException: connect timed out
2025-03-24 22:00:55,686 ERROR [com.alibaba.nacos.client.Worker.longPolling.fixed-192.168.128.130_8848-xczx][ServerHttpAgent.java:169] - [NACOS SocketTimeoutException httpPost] currentServerAddr: http://192.168.128.130:8848， err : connect timed out
2025-03-24 22:00:58,706 ERROR [com.alibaba.nacos.client.Worker.longPolling.fixed-192.168.128.130_8848-xczx][ServerHttpAgent.java:169] - [NACOS SocketTimeoutException httpPost] currentServerAddr: http://192.168.128.130:8848， err : connect timed out
2025-03-24 22:01:00,286 ERROR [com.alibaba.nacos.naming.beat.sender][NamingProxy.java:617] - [NA] failed to request
java.net.SocketTimeoutException: connect timed out
	at java.net.DualStackPlainSocketImpl.waitForConnect(Native Method)
	at java.net.DualStackPlainSocketImpl.socketConnect(DualStackPlainSocketImpl.java:85)
	at java.net.AbstractPlainSocketImpl.doConnect(AbstractPlainSocketImpl.java:350)
	at java.net.AbstractPlainSocketImpl.connectToAddress(AbstractPlainSocketImpl.java:206)
	at java.net.AbstractPlainSocketImpl.connect(AbstractPlainSocketImpl.java:188)
	at java.net.PlainSocketImpl.connect(PlainSocketImpl.java:172)
	at java.net.SocksSocketImpl.connect(SocksSocketImpl.java:392)
	at java.net.Socket.connect(Socket.java:589)
	at sun.net.NetworkClient.doConnect(NetworkClient.java:175)
	at sun.net.www.http.HttpClient.openServer(HttpClient.java:463)
	at sun.net.www.http.HttpClient.openServer(HttpClient.java:558)
	at sun.net.www.http.HttpClient.<init>(HttpClient.java:242)
	at sun.net.www.http.HttpClient.New(HttpClient.java:339)
	at sun.net.www.http.HttpClient.New(HttpClient.java:357)
	at sun.net.www.protocol.http.HttpURLConnection.getNewHttpClient(HttpURLConnection.java:1202)
	at sun.net.www.protocol.http.HttpURLConnection.plainConnect0(HttpURLConnection.java:1138)
	at sun.net.www.protocol.http.HttpURLConnection.plainConnect(HttpURLConnection.java:1032)
	at sun.net.www.protocol.http.HttpURLConnection.connect(HttpURLConnection.java:966)
	at com.alibaba.nacos.common.http.client.request.JdkHttpClientRequest.execute(JdkHttpClientRequest.java:112)
	at com.alibaba.nacos.common.http.client.NacosRestTemplate.execute(NacosRestTemplate.java:482)
	at com.alibaba.nacos.common.http.client.NacosRestTemplate.exchangeForm(NacosRestTemplate.java:427)
	at com.alibaba.nacos.client.naming.net.NamingProxy.callServer(NamingProxy.java:603)
	at com.alibaba.nacos.client.naming.net.NamingProxy.reqApi(NamingProxy.java:526)
	at com.alibaba.nacos.client.naming.net.NamingProxy.reqApi(NamingProxy.java:498)
	at com.alibaba.nacos.client.naming.net.NamingProxy.sendBeat(NamingProxy.java:433)
	at com.alibaba.nacos.client.naming.beat.BeatReactor$BeatTask.run(BeatReactor.java:167)
	at java.util.concurrent.Executors$RunnableAdapter.call(Executors.java:511)
	at java.util.concurrent.FutureTask.run(FutureTask.java:266)
	at java.util.concurrent.ScheduledThreadPoolExecutor$ScheduledFutureTask.access$201(ScheduledThreadPoolExecutor.java:180)
	at java.util.concurrent.ScheduledThreadPoolExecutor$ScheduledFutureTask.run(ScheduledThreadPoolExecutor.java:293)
	at java.util.concurrent.ThreadPoolExecutor.runWorker(ThreadPoolExecutor.java:1142)
	at java.util.concurrent.ThreadPoolExecutor$Worker.run(ThreadPoolExecutor.java:617)
	at java.lang.Thread.run(Thread.java:748)
2025-03-24 22:01:01,722 ERROR [com.alibaba.nacos.client.Worker.longPolling.fixed-192.168.128.130_8848-xczx][ServerHttpAgent.java:169] - [NACOS SocketTimeoutException httpPost] currentServerAddr: http://192.168.128.130:8848， err : connect timed out
2025-03-24 22:01:03,298 ERROR [com.alibaba.nacos.naming.beat.sender][NamingProxy.java:617] - [NA] failed to request
java.net.SocketTimeoutException: connect timed out
	at java.net.DualStackPlainSocketImpl.waitForConnect(Native Method)
	at java.net.DualStackPlainSocketImpl.socketConnect(DualStackPlainSocketImpl.java:85)
	at java.net.AbstractPlainSocketImpl.doConnect(AbstractPlainSocketImpl.java:350)
	at java.net.AbstractPlainSocketImpl.connectToAddress(AbstractPlainSocketImpl.java:206)
	at java.net.AbstractPlainSocketImpl.connect(AbstractPlainSocketImpl.java:188)
	at java.net.PlainSocketImpl.connect(PlainSocketImpl.java:172)
	at java.net.SocksSocketImpl.connect(SocksSocketImpl.java:392)
	at java.net.Socket.connect(Socket.java:589)
	at sun.net.NetworkClient.doConnect(NetworkClient.java:175)
	at sun.net.www.http.HttpClient.openServer(HttpClient.java:463)
	at sun.net.www.http.HttpClient.openServer(HttpClient.java:558)
	at sun.net.www.http.HttpClient.<init>(HttpClient.java:242)
	at sun.net.www.http.HttpClient.New(HttpClient.java:339)
	at sun.net.www.http.HttpClient.New(HttpClient.java:357)
	at sun.net.www.protocol.http.HttpURLConnection.getNewHttpClient(HttpURLConnection.java:1202)
	at sun.net.www.protocol.http.HttpURLConnection.plainConnect0(HttpURLConnection.java:1138)
	at sun.net.www.protocol.http.HttpURLConnection.plainConnect(HttpURLConnection.java:1032)
	at sun.net.www.protocol.http.HttpURLConnection.connect(HttpURLConnection.java:966)
	at com.alibaba.nacos.common.http.client.request.JdkHttpClientRequest.execute(JdkHttpClientRequest.java:112)
	at com.alibaba.nacos.common.http.client.NacosRestTemplate.execute(NacosRestTemplate.java:482)
	at com.alibaba.nacos.common.http.client.NacosRestTemplate.exchangeForm(NacosRestTemplate.java:427)
	at com.alibaba.nacos.client.naming.net.NamingProxy.callServer(NamingProxy.java:603)
	at com.alibaba.nacos.client.naming.net.NamingProxy.reqApi(NamingProxy.java:526)
	at com.alibaba.nacos.client.naming.net.NamingProxy.reqApi(NamingProxy.java:498)
	at com.alibaba.nacos.client.naming.net.NamingProxy.sendBeat(NamingProxy.java:433)
	at com.alibaba.nacos.client.naming.beat.BeatReactor$BeatTask.run(BeatReactor.java:167)
	at java.util.concurrent.Executors$RunnableAdapter.call(Executors.java:511)
	at java.util.concurrent.FutureTask.run(FutureTask.java:266)
	at java.util.concurrent.ScheduledThreadPoolExecutor$ScheduledFutureTask.access$201(ScheduledThreadPoolExecutor.java:180)
	at java.util.concurrent.ScheduledThreadPoolExecutor$ScheduledFutureTask.run(ScheduledThreadPoolExecutor.java:293)
	at java.util.concurrent.ThreadPoolExecutor.runWorker(ThreadPoolExecutor.java:1142)
	at java.util.concurrent.ThreadPoolExecutor$Worker.run(ThreadPoolExecutor.java:617)
	at java.lang.Thread.run(Thread.java:748)
2025-03-24 22:01:03,362 ERROR [com.alibaba.nacos.client.naming.updater][NamingProxy.java:617] - [NA] failed to request
java.net.SocketTimeoutException: connect timed out
	at java.net.DualStackPlainSocketImpl.waitForConnect(Native Method)
	at java.net.DualStackPlainSocketImpl.socketConnect(DualStackPlainSocketImpl.java:85)
	at java.net.AbstractPlainSocketImpl.doConnect(AbstractPlainSocketImpl.java:350)
	at java.net.AbstractPlainSocketImpl.connectToAddress(AbstractPlainSocketImpl.java:206)
	at java.net.AbstractPlainSocketImpl.connect(AbstractPlainSocketImpl.java:188)
	at java.net.PlainSocketImpl.connect(PlainSocketImpl.java:172)
	at java.net.SocksSocketImpl.connect(SocksSocketImpl.java:392)
	at java.net.Socket.connect(Socket.java:589)
	at sun.net.NetworkClient.doConnect(NetworkClient.java:175)
	at sun.net.www.http.HttpClient.openServer(HttpClient.java:463)
	at sun.net.www.http.HttpClient.openServer(HttpClient.java:558)
	at sun.net.www.http.HttpClient.<init>(HttpClient.java:242)
	at sun.net.www.http.HttpClient.New(HttpClient.java:339)
	at sun.net.www.http.HttpClient.New(HttpClient.java:357)
	at sun.net.www.protocol.http.HttpURLConnection.getNewHttpClient(HttpURLConnection.java:1202)
	at sun.net.www.protocol.http.HttpURLConnection.plainConnect0(HttpURLConnection.java:1138)
	at sun.net.www.protocol.http.HttpURLConnection.plainConnect(HttpURLConnection.java:1032)
	at sun.net.www.protocol.http.HttpURLConnection.connect(HttpURLConnection.java:966)
	at com.alibaba.nacos.common.http.client.request.JdkHttpClientRequest.execute(JdkHttpClientRequest.java:112)
	at com.alibaba.nacos.common.http.client.NacosRestTemplate.execute(NacosRestTemplate.java:482)
	at com.alibaba.nacos.common.http.client.NacosRestTemplate.exchangeForm(NacosRestTemplate.java:427)
	at com.alibaba.nacos.client.naming.net.NamingProxy.callServer(NamingProxy.java:603)
	at com.alibaba.nacos.client.naming.net.NamingProxy.reqApi(NamingProxy.java:526)
	at com.alibaba.nacos.client.naming.net.NamingProxy.reqApi(NamingProxy.java:498)
	at com.alibaba.nacos.client.naming.net.NamingProxy.reqApi(NamingProxy.java:493)
	at com.alibaba.nacos.client.naming.net.NamingProxy.queryList(NamingProxy.java:407)
	at com.alibaba.nacos.client.naming.core.HostReactor.updateService(HostReactor.java:382)
	at com.alibaba.nacos.client.naming.core.HostReactor$UpdateTask.run(HostReactor.java:464)
	at java.util.concurrent.Executors$RunnableAdapter.call(Executors.java:511)
	at java.util.concurrent.FutureTask.run(FutureTask.java:266)
	at java.util.concurrent.ScheduledThreadPoolExecutor$ScheduledFutureTask.access$201(ScheduledThreadPoolExecutor.java:180)
	at java.util.concurrent.ScheduledThreadPoolExecutor$ScheduledFutureTask.run(ScheduledThreadPoolExecutor.java:293)
	at java.util.concurrent.ThreadPoolExecutor.runWorker(ThreadPoolExecutor.java:1142)
	at java.util.concurrent.ThreadPoolExecutor$Worker.run(ThreadPoolExecutor.java:617)
	at java.lang.Thread.run(Thread.java:748)
2025-03-24 22:01:04,735 ERROR [com.alibaba.nacos.client.Worker.longPolling.fixed-192.168.128.130_8848-xczx][ServerHttpAgent.java:169] - [NACOS SocketTimeoutException httpPost] currentServerAddr: http://192.168.128.130:8848， err : connect timed out
2025-03-24 22:01:04,737 ERROR [com.alibaba.nacos.client.Worker.longPolling.fixed-192.168.128.130_8848-xczx][ClientWorker.java:393] - [fixed-192.168.128.130_8848-xczx] [check-update] get changed dataId exception
java.net.ConnectException: [NACOS HTTP-POST] The maximum number of tolerable server reconnection errors has been reached
	at com.alibaba.nacos.client.config.http.ServerHttpAgent.httpPost(ServerHttpAgent.java:181)
	at com.alibaba.nacos.client.config.http.MetricsHttpAgent.httpPost(MetricsHttpAgent.java:67)
	at com.alibaba.nacos.client.config.impl.ClientWorker.checkUpdateConfigStr(ClientWorker.java:380)
	at com.alibaba.nacos.client.config.impl.ClientWorker.checkUpdateDataIds(ClientWorker.java:347)
	at com.alibaba.nacos.client.config.impl.ClientWorker$LongPollingRunnable.run(ClientWorker.java:535)
	at java.util.concurrent.Executors$RunnableAdapter.call(Executors.java:511)
	at java.util.concurrent.FutureTask.run(FutureTask.java:266)
	at java.util.concurrent.ScheduledThreadPoolExecutor$ScheduledFutureTask.access$201(ScheduledThreadPoolExecutor.java:180)
	at java.util.concurrent.ScheduledThreadPoolExecutor$ScheduledFutureTask.run(ScheduledThreadPoolExecutor.java:293)
	at java.util.concurrent.ThreadPoolExecutor.runWorker(ThreadPoolExecutor.java:1142)
	at java.util.concurrent.ThreadPoolExecutor$Worker.run(ThreadPoolExecutor.java:617)
	at java.lang.Thread.run(Thread.java:748)
2025-03-24 22:01:04,739 ERROR [com.alibaba.nacos.client.Worker.longPolling.fixed-192.168.128.130_8848-xczx][ClientWorker.java:580] - longPolling error : 
java.net.ConnectException: [NACOS HTTP-POST] The maximum number of tolerable server reconnection errors has been reached
	at com.alibaba.nacos.client.config.http.ServerHttpAgent.httpPost(ServerHttpAgent.java:181)
	at com.alibaba.nacos.client.config.http.MetricsHttpAgent.httpPost(MetricsHttpAgent.java:67)
	at com.alibaba.nacos.client.config.impl.ClientWorker.checkUpdateConfigStr(ClientWorker.java:380)
	at com.alibaba.nacos.client.config.impl.ClientWorker.checkUpdateDataIds(ClientWorker.java:347)
	at com.alibaba.nacos.client.config.impl.ClientWorker$LongPollingRunnable.run(ClientWorker.java:535)
	at java.util.concurrent.Executors$RunnableAdapter.call(Executors.java:511)
	at java.util.concurrent.FutureTask.run(FutureTask.java:266)
	at java.util.concurrent.ScheduledThreadPoolExecutor$ScheduledFutureTask.access$201(ScheduledThreadPoolExecutor.java:180)
	at java.util.concurrent.ScheduledThreadPoolExecutor$ScheduledFutureTask.run(ScheduledThreadPoolExecutor.java:293)
	at java.util.concurrent.ThreadPoolExecutor.runWorker(ThreadPoolExecutor.java:1142)
	at java.util.concurrent.ThreadPoolExecutor$Worker.run(ThreadPoolExecutor.java:617)
	at java.lang.Thread.run(Thread.java:748)
2025-03-24 22:01:06,318 ERROR [com.alibaba.nacos.naming.beat.sender][NamingProxy.java:617] - [NA] failed to request
java.net.SocketTimeoutException: connect timed out
	at java.net.DualStackPlainSocketImpl.waitForConnect(Native Method)
	at java.net.DualStackPlainSocketImpl.socketConnect(DualStackPlainSocketImpl.java:85)
	at java.net.AbstractPlainSocketImpl.doConnect(AbstractPlainSocketImpl.java:350)
	at java.net.AbstractPlainSocketImpl.connectToAddress(AbstractPlainSocketImpl.java:206)
	at java.net.AbstractPlainSocketImpl.connect(AbstractPlainSocketImpl.java:188)
	at java.net.PlainSocketImpl.connect(PlainSocketImpl.java:172)
	at java.net.SocksSocketImpl.connect(SocksSocketImpl.java:392)
	at java.net.Socket.connect(Socket.java:589)
	at sun.net.NetworkClient.doConnect(NetworkClient.java:175)
	at sun.net.www.http.HttpClient.openServer(HttpClient.java:463)
	at sun.net.www.http.HttpClient.openServer(HttpClient.java:558)
	at sun.net.www.http.HttpClient.<init>(HttpClient.java:242)
	at sun.net.www.http.HttpClient.New(HttpClient.java:339)
	at sun.net.www.http.HttpClient.New(HttpClient.java:357)
	at sun.net.www.protocol.http.HttpURLConnection.getNewHttpClient(HttpURLConnection.java:1202)
	at sun.net.www.protocol.http.HttpURLConnection.plainConnect0(HttpURLConnection.java:1138)
	at sun.net.www.protocol.http.HttpURLConnection.plainConnect(HttpURLConnection.java:1032)
	at sun.net.www.protocol.http.HttpURLConnection.connect(HttpURLConnection.java:966)
	at com.alibaba.nacos.common.http.client.request.JdkHttpClientRequest.execute(JdkHttpClientRequest.java:112)
	at com.alibaba.nacos.common.http.client.NacosRestTemplate.execute(NacosRestTemplate.java:482)
	at com.alibaba.nacos.common.http.client.NacosRestTemplate.exchangeForm(NacosRestTemplate.java:427)
	at com.alibaba.nacos.client.naming.net.NamingProxy.callServer(NamingProxy.java:603)
	at com.alibaba.nacos.client.naming.net.NamingProxy.reqApi(NamingProxy.java:526)
	at com.alibaba.nacos.client.naming.net.NamingProxy.reqApi(NamingProxy.java:498)
	at com.alibaba.nacos.client.naming.net.NamingProxy.sendBeat(NamingProxy.java:433)
	at com.alibaba.nacos.client.naming.beat.BeatReactor$BeatTask.run(BeatReactor.java:167)
	at java.util.concurrent.Executors$RunnableAdapter.call(Executors.java:511)
	at java.util.concurrent.FutureTask.run(FutureTask.java:266)
	at java.util.concurrent.ScheduledThreadPoolExecutor$ScheduledFutureTask.access$201(ScheduledThreadPoolExecutor.java:180)
	at java.util.concurrent.ScheduledThreadPoolExecutor$ScheduledFutureTask.run(ScheduledThreadPoolExecutor.java:293)
	at java.util.concurrent.ThreadPoolExecutor.runWorker(ThreadPoolExecutor.java:1142)
	at java.util.concurrent.ThreadPoolExecutor$Worker.run(ThreadPoolExecutor.java:617)
	at java.lang.Thread.run(Thread.java:748)
2025-03-24 22:01:06,320 ERROR [com.alibaba.nacos.naming.beat.sender][NamingProxy.java:552] - request: /nacos/v1/ns/instance/beat failed, servers: [192.168.128.130:8848], code: 500, msg: connect timed out
2025-03-24 22:01:06,321 ERROR [com.alibaba.nacos.naming.beat.sender][BeatReactor.java:198] - [CLIENT-BEAT] failed to send beat: {"port":63045,"ip":"10.65.24.129","weight":1.0,"serviceName":"group001@@system-service","cluster":"DEFAULT","metadata":{"preserved.register.source":"SPRING_CLOUD"},"scheduled":false,"period":5000,"stopped":false}, code: 500, msg: failed to req API:/nacos/v1/ns/instance/beat after all servers([192.168.128.130:8848]) tried: java.net.SocketTimeoutException: connect timed out
2025-03-24 22:01:06,380 ERROR [com.alibaba.nacos.client.naming.updater][NamingProxy.java:617] - [NA] failed to request
java.net.SocketTimeoutException: connect timed out
	at java.net.DualStackPlainSocketImpl.waitForConnect(Native Method)
	at java.net.DualStackPlainSocketImpl.socketConnect(DualStackPlainSocketImpl.java:85)
	at java.net.AbstractPlainSocketImpl.doConnect(AbstractPlainSocketImpl.java:350)
	at java.net.AbstractPlainSocketImpl.connectToAddress(AbstractPlainSocketImpl.java:206)
	at java.net.AbstractPlainSocketImpl.connect(AbstractPlainSocketImpl.java:188)
	at java.net.PlainSocketImpl.connect(PlainSocketImpl.java:172)
	at java.net.SocksSocketImpl.connect(SocksSocketImpl.java:392)
	at java.net.Socket.connect(Socket.java:589)
	at sun.net.NetworkClient.doConnect(NetworkClient.java:175)
	at sun.net.www.http.HttpClient.openServer(HttpClient.java:463)
	at sun.net.www.http.HttpClient.openServer(HttpClient.java:558)
	at sun.net.www.http.HttpClient.<init>(HttpClient.java:242)
	at sun.net.www.http.HttpClient.New(HttpClient.java:339)
	at sun.net.www.http.HttpClient.New(HttpClient.java:357)
	at sun.net.www.protocol.http.HttpURLConnection.getNewHttpClient(HttpURLConnection.java:1202)
	at sun.net.www.protocol.http.HttpURLConnection.plainConnect0(HttpURLConnection.java:1138)
	at sun.net.www.protocol.http.HttpURLConnection.plainConnect(HttpURLConnection.java:1032)
	at sun.net.www.protocol.http.HttpURLConnection.connect(HttpURLConnection.java:966)
	at com.alibaba.nacos.common.http.client.request.JdkHttpClientRequest.execute(JdkHttpClientRequest.java:112)
	at com.alibaba.nacos.common.http.client.NacosRestTemplate.execute(NacosRestTemplate.java:482)
	at com.alibaba.nacos.common.http.client.NacosRestTemplate.exchangeForm(NacosRestTemplate.java:427)
	at com.alibaba.nacos.client.naming.net.NamingProxy.callServer(NamingProxy.java:603)
	at com.alibaba.nacos.client.naming.net.NamingProxy.reqApi(NamingProxy.java:526)
	at com.alibaba.nacos.client.naming.net.NamingProxy.reqApi(NamingProxy.java:498)
	at com.alibaba.nacos.client.naming.net.NamingProxy.reqApi(NamingProxy.java:493)
	at com.alibaba.nacos.client.naming.net.NamingProxy.queryList(NamingProxy.java:407)
	at com.alibaba.nacos.client.naming.core.HostReactor.updateService(HostReactor.java:382)
	at com.alibaba.nacos.client.naming.core.HostReactor$UpdateTask.run(HostReactor.java:464)
	at java.util.concurrent.Executors$RunnableAdapter.call(Executors.java:511)
	at java.util.concurrent.FutureTask.run(FutureTask.java:266)
	at java.util.concurrent.ScheduledThreadPoolExecutor$ScheduledFutureTask.access$201(ScheduledThreadPoolExecutor.java:180)
	at java.util.concurrent.ScheduledThreadPoolExecutor$ScheduledFutureTask.run(ScheduledThreadPoolExecutor.java:293)
	at java.util.concurrent.ThreadPoolExecutor.runWorker(ThreadPoolExecutor.java:1142)
	at java.util.concurrent.ThreadPoolExecutor$Worker.run(ThreadPoolExecutor.java:617)
	at java.lang.Thread.run(Thread.java:748)
2025-03-24 22:01:09,400 ERROR [com.alibaba.nacos.client.naming.updater][NamingProxy.java:617] - [NA] failed to request
java.net.SocketTimeoutException: connect timed out
	at java.net.DualStackPlainSocketImpl.waitForConnect(Native Method)
	at java.net.DualStackPlainSocketImpl.socketConnect(DualStackPlainSocketImpl.java:85)
	at java.net.AbstractPlainSocketImpl.doConnect(AbstractPlainSocketImpl.java:350)
	at java.net.AbstractPlainSocketImpl.connectToAddress(AbstractPlainSocketImpl.java:206)
	at java.net.AbstractPlainSocketImpl.connect(AbstractPlainSocketImpl.java:188)
	at java.net.PlainSocketImpl.connect(PlainSocketImpl.java:172)
	at java.net.SocksSocketImpl.connect(SocksSocketImpl.java:392)
	at java.net.Socket.connect(Socket.java:589)
	at sun.net.NetworkClient.doConnect(NetworkClient.java:175)
	at sun.net.www.http.HttpClient.openServer(HttpClient.java:463)
	at sun.net.www.http.HttpClient.openServer(HttpClient.java:558)
	at sun.net.www.http.HttpClient.<init>(HttpClient.java:242)
	at sun.net.www.http.HttpClient.New(HttpClient.java:339)
	at sun.net.www.http.HttpClient.New(HttpClient.java:357)
	at sun.net.www.protocol.http.HttpURLConnection.getNewHttpClient(HttpURLConnection.java:1202)
	at sun.net.www.protocol.http.HttpURLConnection.plainConnect0(HttpURLConnection.java:1138)
	at sun.net.www.protocol.http.HttpURLConnection.plainConnect(HttpURLConnection.java:1032)
	at sun.net.www.protocol.http.HttpURLConnection.connect(HttpURLConnection.java:966)
	at com.alibaba.nacos.common.http.client.request.JdkHttpClientRequest.execute(JdkHttpClientRequest.java:112)
	at com.alibaba.nacos.common.http.client.NacosRestTemplate.execute(NacosRestTemplate.java:482)
	at com.alibaba.nacos.common.http.client.NacosRestTemplate.exchangeForm(NacosRestTemplate.java:427)
	at com.alibaba.nacos.client.naming.net.NamingProxy.callServer(NamingProxy.java:603)
	at com.alibaba.nacos.client.naming.net.NamingProxy.reqApi(NamingProxy.java:526)
	at com.alibaba.nacos.client.naming.net.NamingProxy.reqApi(NamingProxy.java:498)
	at com.alibaba.nacos.client.naming.net.NamingProxy.reqApi(NamingProxy.java:493)
	at com.alibaba.nacos.client.naming.net.NamingProxy.queryList(NamingProxy.java:407)
	at com.alibaba.nacos.client.naming.core.HostReactor.updateService(HostReactor.java:382)
	at com.alibaba.nacos.client.naming.core.HostReactor$UpdateTask.run(HostReactor.java:464)
	at java.util.concurrent.Executors$RunnableAdapter.call(Executors.java:511)
	at java.util.concurrent.FutureTask.run(FutureTask.java:266)
	at java.util.concurrent.ScheduledThreadPoolExecutor$ScheduledFutureTask.access$201(ScheduledThreadPoolExecutor.java:180)
	at java.util.concurrent.ScheduledThreadPoolExecutor$ScheduledFutureTask.run(ScheduledThreadPoolExecutor.java:293)
	at java.util.concurrent.ThreadPoolExecutor.runWorker(ThreadPoolExecutor.java:1142)
	at java.util.concurrent.ThreadPoolExecutor$Worker.run(ThreadPoolExecutor.java:617)
	at java.lang.Thread.run(Thread.java:748)
2025-03-24 22:01:09,404 ERROR [com.alibaba.nacos.client.naming.updater][NamingProxy.java:552] - request: /nacos/v1/ns/instance/list failed, servers: [192.168.128.130:8848], code: 500, msg: connect timed out
2025-03-24 22:01:09,766 ERROR [com.alibaba.nacos.client.Worker.longPolling.fixed-192.168.128.130_8848-xczx][ServerHttpAgent.java:169] - [NACOS SocketTimeoutException httpPost] currentServerAddr: http://192.168.128.130:8848， err : connect timed out
2025-03-24 22:01:12,770 ERROR [com.alibaba.nacos.client.Worker.longPolling.fixed-192.168.128.130_8848-xczx][ServerHttpAgent.java:169] - [NACOS SocketTimeoutException httpPost] currentServerAddr: http://192.168.128.130:8848， err : connect timed out
2025-03-24 22:01:14,353 ERROR [com.alibaba.nacos.naming.beat.sender][NamingProxy.java:617] - [NA] failed to request
java.net.SocketTimeoutException: connect timed out
	at java.net.DualStackPlainSocketImpl.waitForConnect(Native Method)
	at java.net.DualStackPlainSocketImpl.socketConnect(DualStackPlainSocketImpl.java:85)
	at java.net.AbstractPlainSocketImpl.doConnect(AbstractPlainSocketImpl.java:350)
	at java.net.AbstractPlainSocketImpl.connectToAddress(AbstractPlainSocketImpl.java:206)
	at java.net.AbstractPlainSocketImpl.connect(AbstractPlainSocketImpl.java:188)
	at java.net.PlainSocketImpl.connect(PlainSocketImpl.java:172)
	at java.net.SocksSocketImpl.connect(SocksSocketImpl.java:392)
	at java.net.Socket.connect(Socket.java:589)
	at sun.net.NetworkClient.doConnect(NetworkClient.java:175)
	at sun.net.www.http.HttpClient.openServer(HttpClient.java:463)
	at sun.net.www.http.HttpClient.openServer(HttpClient.java:558)
	at sun.net.www.http.HttpClient.<init>(HttpClient.java:242)
	at sun.net.www.http.HttpClient.New(HttpClient.java:339)
	at sun.net.www.http.HttpClient.New(HttpClient.java:357)
	at sun.net.www.protocol.http.HttpURLConnection.getNewHttpClient(HttpURLConnection.java:1202)
	at sun.net.www.protocol.http.HttpURLConnection.plainConnect0(HttpURLConnection.java:1138)
	at sun.net.www.protocol.http.HttpURLConnection.plainConnect(HttpURLConnection.java:1032)
	at sun.net.www.protocol.http.HttpURLConnection.connect(HttpURLConnection.java:966)
	at com.alibaba.nacos.common.http.client.request.JdkHttpClientRequest.execute(JdkHttpClientRequest.java:112)
	at com.alibaba.nacos.common.http.client.NacosRestTemplate.execute(NacosRestTemplate.java:482)
	at com.alibaba.nacos.common.http.client.NacosRestTemplate.exchangeForm(NacosRestTemplate.java:427)
	at com.alibaba.nacos.client.naming.net.NamingProxy.callServer(NamingProxy.java:603)
	at com.alibaba.nacos.client.naming.net.NamingProxy.reqApi(NamingProxy.java:526)
	at com.alibaba.nacos.client.naming.net.NamingProxy.reqApi(NamingProxy.java:498)
	at com.alibaba.nacos.client.naming.net.NamingProxy.sendBeat(NamingProxy.java:433)
	at com.alibaba.nacos.client.naming.beat.BeatReactor$BeatTask.run(BeatReactor.java:167)
	at java.util.concurrent.Executors$RunnableAdapter.call(Executors.java:511)
	at java.util.concurrent.FutureTask.run(FutureTask.java:266)
	at java.util.concurrent.ScheduledThreadPoolExecutor$ScheduledFutureTask.access$201(ScheduledThreadPoolExecutor.java:180)
	at java.util.concurrent.ScheduledThreadPoolExecutor$ScheduledFutureTask.run(ScheduledThreadPoolExecutor.java:293)
	at java.util.concurrent.ThreadPoolExecutor.runWorker(ThreadPoolExecutor.java:1142)
	at java.util.concurrent.ThreadPoolExecutor$Worker.run(ThreadPoolExecutor.java:617)
	at java.lang.Thread.run(Thread.java:748)
2025-03-24 22:01:15,789 ERROR [com.alibaba.nacos.client.Worker.longPolling.fixed-192.168.128.130_8848-xczx][ServerHttpAgent.java:169] - [NACOS SocketTimeoutException httpPost] currentServerAddr: http://192.168.128.130:8848， err : connect timed out
2025-03-24 22:01:17,367 ERROR [com.alibaba.nacos.naming.beat.sender][NamingProxy.java:617] - [NA] failed to request
java.net.SocketTimeoutException: connect timed out
	at java.net.DualStackPlainSocketImpl.waitForConnect(Native Method)
	at java.net.DualStackPlainSocketImpl.socketConnect(DualStackPlainSocketImpl.java:85)
	at java.net.AbstractPlainSocketImpl.doConnect(AbstractPlainSocketImpl.java:350)
	at java.net.AbstractPlainSocketImpl.connectToAddress(AbstractPlainSocketImpl.java:206)
	at java.net.AbstractPlainSocketImpl.connect(AbstractPlainSocketImpl.java:188)
	at java.net.PlainSocketImpl.connect(PlainSocketImpl.java:172)
	at java.net.SocksSocketImpl.connect(SocksSocketImpl.java:392)
	at java.net.Socket.connect(Socket.java:589)
	at sun.net.NetworkClient.doConnect(NetworkClient.java:175)
	at sun.net.www.http.HttpClient.openServer(HttpClient.java:463)
	at sun.net.www.http.HttpClient.openServer(HttpClient.java:558)
	at sun.net.www.http.HttpClient.<init>(HttpClient.java:242)
	at sun.net.www.http.HttpClient.New(HttpClient.java:339)
	at sun.net.www.http.HttpClient.New(HttpClient.java:357)
	at sun.net.www.protocol.http.HttpURLConnection.getNewHttpClient(HttpURLConnection.java:1202)
	at sun.net.www.protocol.http.HttpURLConnection.plainConnect0(HttpURLConnection.java:1138)
	at sun.net.www.protocol.http.HttpURLConnection.plainConnect(HttpURLConnection.java:1032)
	at sun.net.www.protocol.http.HttpURLConnection.connect(HttpURLConnection.java:966)
	at com.alibaba.nacos.common.http.client.request.JdkHttpClientRequest.execute(JdkHttpClientRequest.java:112)
	at com.alibaba.nacos.common.http.client.NacosRestTemplate.execute(NacosRestTemplate.java:482)
	at com.alibaba.nacos.common.http.client.NacosRestTemplate.exchangeForm(NacosRestTemplate.java:427)
	at com.alibaba.nacos.client.naming.net.NamingProxy.callServer(NamingProxy.java:603)
	at com.alibaba.nacos.client.naming.net.NamingProxy.reqApi(NamingProxy.java:526)
	at com.alibaba.nacos.client.naming.net.NamingProxy.reqApi(NamingProxy.java:498)
	at com.alibaba.nacos.client.naming.net.NamingProxy.sendBeat(NamingProxy.java:433)
	at com.alibaba.nacos.client.naming.beat.BeatReactor$BeatTask.run(BeatReactor.java:167)
	at java.util.concurrent.Executors$RunnableAdapter.call(Executors.java:511)
	at java.util.concurrent.FutureTask.run(FutureTask.java:266)
	at java.util.concurrent.ScheduledThreadPoolExecutor$ScheduledFutureTask.access$201(ScheduledThreadPoolExecutor.java:180)
	at java.util.concurrent.ScheduledThreadPoolExecutor$ScheduledFutureTask.run(ScheduledThreadPoolExecutor.java:293)
	at java.util.concurrent.ThreadPoolExecutor.runWorker(ThreadPoolExecutor.java:1142)
	at java.util.concurrent.ThreadPoolExecutor$Worker.run(ThreadPoolExecutor.java:617)
	at java.lang.Thread.run(Thread.java:748)
2025-03-24 22:01:18,805 ERROR [com.alibaba.nacos.client.Worker.longPolling.fixed-192.168.128.130_8848-xczx][ServerHttpAgent.java:169] - [NACOS SocketTimeoutException httpPost] currentServerAddr: http://192.168.128.130:8848， err : connect timed out
2025-03-24 22:01:18,806 ERROR [com.alibaba.nacos.client.Worker.longPolling.fixed-192.168.128.130_8848-xczx][ClientWorker.java:393] - [fixed-192.168.128.130_8848-xczx] [check-update] get changed dataId exception
java.net.ConnectException: [NACOS HTTP-POST] The maximum number of tolerable server reconnection errors has been reached
	at com.alibaba.nacos.client.config.http.ServerHttpAgent.httpPost(ServerHttpAgent.java:181)
	at com.alibaba.nacos.client.config.http.MetricsHttpAgent.httpPost(MetricsHttpAgent.java:67)
	at com.alibaba.nacos.client.config.impl.ClientWorker.checkUpdateConfigStr(ClientWorker.java:380)
	at com.alibaba.nacos.client.config.impl.ClientWorker.checkUpdateDataIds(ClientWorker.java:347)
	at com.alibaba.nacos.client.config.impl.ClientWorker$LongPollingRunnable.run(ClientWorker.java:535)
	at java.util.concurrent.Executors$RunnableAdapter.call(Executors.java:511)
	at java.util.concurrent.FutureTask.run(FutureTask.java:266)
	at java.util.concurrent.ScheduledThreadPoolExecutor$ScheduledFutureTask.access$201(ScheduledThreadPoolExecutor.java:180)
	at java.util.concurrent.ScheduledThreadPoolExecutor$ScheduledFutureTask.run(ScheduledThreadPoolExecutor.java:293)
	at java.util.concurrent.ThreadPoolExecutor.runWorker(ThreadPoolExecutor.java:1142)
	at java.util.concurrent.ThreadPoolExecutor$Worker.run(ThreadPoolExecutor.java:617)
	at java.lang.Thread.run(Thread.java:748)
2025-03-24 22:01:18,807 ERROR [com.alibaba.nacos.client.Worker.longPolling.fixed-192.168.128.130_8848-xczx][ClientWorker.java:580] - longPolling error : 
java.net.ConnectException: [NACOS HTTP-POST] The maximum number of tolerable server reconnection errors has been reached
	at com.alibaba.nacos.client.config.http.ServerHttpAgent.httpPost(ServerHttpAgent.java:181)
	at com.alibaba.nacos.client.config.http.MetricsHttpAgent.httpPost(MetricsHttpAgent.java:67)
	at com.alibaba.nacos.client.config.impl.ClientWorker.checkUpdateConfigStr(ClientWorker.java:380)
	at com.alibaba.nacos.client.config.impl.ClientWorker.checkUpdateDataIds(ClientWorker.java:347)
	at com.alibaba.nacos.client.config.impl.ClientWorker$LongPollingRunnable.run(ClientWorker.java:535)
	at java.util.concurrent.Executors$RunnableAdapter.call(Executors.java:511)
	at java.util.concurrent.FutureTask.run(FutureTask.java:266)
	at java.util.concurrent.ScheduledThreadPoolExecutor$ScheduledFutureTask.access$201(ScheduledThreadPoolExecutor.java:180)
	at java.util.concurrent.ScheduledThreadPoolExecutor$ScheduledFutureTask.run(ScheduledThreadPoolExecutor.java:293)
	at java.util.concurrent.ThreadPoolExecutor.runWorker(ThreadPoolExecutor.java:1142)
	at java.util.concurrent.ThreadPoolExecutor$Worker.run(ThreadPoolExecutor.java:617)
	at java.lang.Thread.run(Thread.java:748)
2025-03-24 22:01:20,379 ERROR [com.alibaba.nacos.naming.beat.sender][NamingProxy.java:617] - [NA] failed to request
java.net.SocketTimeoutException: connect timed out
	at java.net.DualStackPlainSocketImpl.waitForConnect(Native Method)
	at java.net.DualStackPlainSocketImpl.socketConnect(DualStackPlainSocketImpl.java:85)
	at java.net.AbstractPlainSocketImpl.doConnect(AbstractPlainSocketImpl.java:350)
	at java.net.AbstractPlainSocketImpl.connectToAddress(AbstractPlainSocketImpl.java:206)
	at java.net.AbstractPlainSocketImpl.connect(AbstractPlainSocketImpl.java:188)
	at java.net.PlainSocketImpl.connect(PlainSocketImpl.java:172)
	at java.net.SocksSocketImpl.connect(SocksSocketImpl.java:392)
	at java.net.Socket.connect(Socket.java:589)
	at sun.net.NetworkClient.doConnect(NetworkClient.java:175)
	at sun.net.www.http.HttpClient.openServer(HttpClient.java:463)
	at sun.net.www.http.HttpClient.openServer(HttpClient.java:558)
	at sun.net.www.http.HttpClient.<init>(HttpClient.java:242)
	at sun.net.www.http.HttpClient.New(HttpClient.java:339)
	at sun.net.www.http.HttpClient.New(HttpClient.java:357)
	at sun.net.www.protocol.http.HttpURLConnection.getNewHttpClient(HttpURLConnection.java:1202)
	at sun.net.www.protocol.http.HttpURLConnection.plainConnect0(HttpURLConnection.java:1138)
	at sun.net.www.protocol.http.HttpURLConnection.plainConnect(HttpURLConnection.java:1032)
	at sun.net.www.protocol.http.HttpURLConnection.connect(HttpURLConnection.java:966)
	at com.alibaba.nacos.common.http.client.request.JdkHttpClientRequest.execute(JdkHttpClientRequest.java:112)
	at com.alibaba.nacos.common.http.client.NacosRestTemplate.execute(NacosRestTemplate.java:482)
	at com.alibaba.nacos.common.http.client.NacosRestTemplate.exchangeForm(NacosRestTemplate.java:427)
	at com.alibaba.nacos.client.naming.net.NamingProxy.callServer(NamingProxy.java:603)
	at com.alibaba.nacos.client.naming.net.NamingProxy.reqApi(NamingProxy.java:526)
	at com.alibaba.nacos.client.naming.net.NamingProxy.reqApi(NamingProxy.java:498)
	at com.alibaba.nacos.client.naming.net.NamingProxy.sendBeat(NamingProxy.java:433)
	at com.alibaba.nacos.client.naming.beat.BeatReactor$BeatTask.run(BeatReactor.java:167)
	at java.util.concurrent.Executors$RunnableAdapter.call(Executors.java:511)
	at java.util.concurrent.FutureTask.run(FutureTask.java:266)
	at java.util.concurrent.ScheduledThreadPoolExecutor$ScheduledFutureTask.access$201(ScheduledThreadPoolExecutor.java:180)
	at java.util.concurrent.ScheduledThreadPoolExecutor$ScheduledFutureTask.run(ScheduledThreadPoolExecutor.java:293)
	at java.util.concurrent.ThreadPoolExecutor.runWorker(ThreadPoolExecutor.java:1142)
	at java.util.concurrent.ThreadPoolExecutor$Worker.run(ThreadPoolExecutor.java:617)
	at java.lang.Thread.run(Thread.java:748)
2025-03-24 22:01:20,380 ERROR [com.alibaba.nacos.naming.beat.sender][NamingProxy.java:552] - request: /nacos/v1/ns/instance/beat failed, servers: [192.168.128.130:8848], code: 500, msg: connect timed out
2025-03-24 22:01:20,380 ERROR [com.alibaba.nacos.naming.beat.sender][BeatReactor.java:198] - [CLIENT-BEAT] failed to send beat: {"port":63045,"ip":"10.65.24.129","weight":1.0,"serviceName":"group001@@system-service","cluster":"DEFAULT","metadata":{"preserved.register.source":"SPRING_CLOUD"},"scheduled":false,"period":5000,"stopped":false}, code: 500, msg: failed to req API:/nacos/v1/ns/instance/beat after all servers([192.168.128.130:8848]) tried: java.net.SocketTimeoutException: connect timed out
2025-03-24 22:01:23,816 ERROR [com.alibaba.nacos.client.Worker.longPolling.fixed-192.168.128.130_8848-xczx][ServerHttpAgent.java:169] - [NACOS SocketTimeoutException httpPost] currentServerAddr: http://192.168.128.130:8848， err : connect timed out
2025-03-24 22:01:26,822 ERROR [com.alibaba.nacos.client.Worker.longPolling.fixed-192.168.128.130_8848-xczx][ServerHttpAgent.java:169] - [NACOS SocketTimeoutException httpPost] currentServerAddr: http://192.168.128.130:8848， err : connect timed out
2025-03-24 22:01:28,403 ERROR [com.alibaba.nacos.naming.beat.sender][NamingProxy.java:617] - [NA] failed to request
java.net.SocketTimeoutException: connect timed out
	at java.net.DualStackPlainSocketImpl.waitForConnect(Native Method)
	at java.net.DualStackPlainSocketImpl.socketConnect(DualStackPlainSocketImpl.java:85)
	at java.net.AbstractPlainSocketImpl.doConnect(AbstractPlainSocketImpl.java:350)
	at java.net.AbstractPlainSocketImpl.connectToAddress(AbstractPlainSocketImpl.java:206)
	at java.net.AbstractPlainSocketImpl.connect(AbstractPlainSocketImpl.java:188)
	at java.net.PlainSocketImpl.connect(PlainSocketImpl.java:172)
	at java.net.SocksSocketImpl.connect(SocksSocketImpl.java:392)
	at java.net.Socket.connect(Socket.java:589)
	at sun.net.NetworkClient.doConnect(NetworkClient.java:175)
	at sun.net.www.http.HttpClient.openServer(HttpClient.java:463)
	at sun.net.www.http.HttpClient.openServer(HttpClient.java:558)
	at sun.net.www.http.HttpClient.<init>(HttpClient.java:242)
	at sun.net.www.http.HttpClient.New(HttpClient.java:339)
	at sun.net.www.http.HttpClient.New(HttpClient.java:357)
	at sun.net.www.protocol.http.HttpURLConnection.getNewHttpClient(HttpURLConnection.java:1202)
	at sun.net.www.protocol.http.HttpURLConnection.plainConnect0(HttpURLConnection.java:1138)
	at sun.net.www.protocol.http.HttpURLConnection.plainConnect(HttpURLConnection.java:1032)
	at sun.net.www.protocol.http.HttpURLConnection.connect(HttpURLConnection.java:966)
	at com.alibaba.nacos.common.http.client.request.JdkHttpClientRequest.execute(JdkHttpClientRequest.java:112)
	at com.alibaba.nacos.common.http.client.NacosRestTemplate.execute(NacosRestTemplate.java:482)
	at com.alibaba.nacos.common.http.client.NacosRestTemplate.exchangeForm(NacosRestTemplate.java:427)
	at com.alibaba.nacos.client.naming.net.NamingProxy.callServer(NamingProxy.java:603)
	at com.alibaba.nacos.client.naming.net.NamingProxy.reqApi(NamingProxy.java:526)
	at com.alibaba.nacos.client.naming.net.NamingProxy.reqApi(NamingProxy.java:498)
	at com.alibaba.nacos.client.naming.net.NamingProxy.sendBeat(NamingProxy.java:433)
	at com.alibaba.nacos.client.naming.beat.BeatReactor$BeatTask.run(BeatReactor.java:167)
	at java.util.concurrent.Executors$RunnableAdapter.call(Executors.java:511)
	at java.util.concurrent.FutureTask.run(FutureTask.java:266)
	at java.util.concurrent.ScheduledThreadPoolExecutor$ScheduledFutureTask.access$201(ScheduledThreadPoolExecutor.java:180)
	at java.util.concurrent.ScheduledThreadPoolExecutor$ScheduledFutureTask.run(ScheduledThreadPoolExecutor.java:293)
	at java.util.concurrent.ThreadPoolExecutor.runWorker(ThreadPoolExecutor.java:1142)
	at java.util.concurrent.ThreadPoolExecutor$Worker.run(ThreadPoolExecutor.java:617)
	at java.lang.Thread.run(Thread.java:748)
2025-03-24 22:01:29,839 ERROR [com.alibaba.nacos.client.Worker.longPolling.fixed-192.168.128.130_8848-xczx][ServerHttpAgent.java:169] - [NACOS SocketTimeoutException httpPost] currentServerAddr: http://192.168.128.130:8848， err : connect timed out
2025-03-24 22:01:31,415 ERROR [com.alibaba.nacos.naming.beat.sender][NamingProxy.java:617] - [NA] failed to request
java.net.SocketTimeoutException: connect timed out
	at java.net.DualStackPlainSocketImpl.waitForConnect(Native Method)
	at java.net.DualStackPlainSocketImpl.socketConnect(DualStackPlainSocketImpl.java:85)
	at java.net.AbstractPlainSocketImpl.doConnect(AbstractPlainSocketImpl.java:350)
	at java.net.AbstractPlainSocketImpl.connectToAddress(AbstractPlainSocketImpl.java:206)
	at java.net.AbstractPlainSocketImpl.connect(AbstractPlainSocketImpl.java:188)
	at java.net.PlainSocketImpl.connect(PlainSocketImpl.java:172)
	at java.net.SocksSocketImpl.connect(SocksSocketImpl.java:392)
	at java.net.Socket.connect(Socket.java:589)
	at sun.net.NetworkClient.doConnect(NetworkClient.java:175)
	at sun.net.www.http.HttpClient.openServer(HttpClient.java:463)
	at sun.net.www.http.HttpClient.openServer(HttpClient.java:558)
	at sun.net.www.http.HttpClient.<init>(HttpClient.java:242)
	at sun.net.www.http.HttpClient.New(HttpClient.java:339)
	at sun.net.www.http.HttpClient.New(HttpClient.java:357)
	at sun.net.www.protocol.http.HttpURLConnection.getNewHttpClient(HttpURLConnection.java:1202)
	at sun.net.www.protocol.http.HttpURLConnection.plainConnect0(HttpURLConnection.java:1138)
	at sun.net.www.protocol.http.HttpURLConnection.plainConnect(HttpURLConnection.java:1032)
	at sun.net.www.protocol.http.HttpURLConnection.connect(HttpURLConnection.java:966)
	at com.alibaba.nacos.common.http.client.request.JdkHttpClientRequest.execute(JdkHttpClientRequest.java:112)
	at com.alibaba.nacos.common.http.client.NacosRestTemplate.execute(NacosRestTemplate.java:482)
	at com.alibaba.nacos.common.http.client.NacosRestTemplate.exchangeForm(NacosRestTemplate.java:427)
	at com.alibaba.nacos.client.naming.net.NamingProxy.callServer(NamingProxy.java:603)
	at com.alibaba.nacos.client.naming.net.NamingProxy.reqApi(NamingProxy.java:526)
	at com.alibaba.nacos.client.naming.net.NamingProxy.reqApi(NamingProxy.java:498)
	at com.alibaba.nacos.client.naming.net.NamingProxy.sendBeat(NamingProxy.java:433)
	at com.alibaba.nacos.client.naming.beat.BeatReactor$BeatTask.run(BeatReactor.java:167)
	at java.util.concurrent.Executors$RunnableAdapter.call(Executors.java:511)
	at java.util.concurrent.FutureTask.run(FutureTask.java:266)
	at java.util.concurrent.ScheduledThreadPoolExecutor$ScheduledFutureTask.access$201(ScheduledThreadPoolExecutor.java:180)
	at java.util.concurrent.ScheduledThreadPoolExecutor$ScheduledFutureTask.run(ScheduledThreadPoolExecutor.java:293)
	at java.util.concurrent.ThreadPoolExecutor.runWorker(ThreadPoolExecutor.java:1142)
	at java.util.concurrent.ThreadPoolExecutor$Worker.run(ThreadPoolExecutor.java:617)
	at java.lang.Thread.run(Thread.java:748)
2025-03-24 22:01:32,845 ERROR [com.alibaba.nacos.client.Worker.longPolling.fixed-192.168.128.130_8848-xczx][ServerHttpAgent.java:169] - [NACOS SocketTimeoutException httpPost] currentServerAddr: http://192.168.128.130:8848， err : connect timed out
2025-03-24 22:01:32,846 ERROR [com.alibaba.nacos.client.Worker.longPolling.fixed-192.168.128.130_8848-xczx][ClientWorker.java:393] - [fixed-192.168.128.130_8848-xczx] [check-update] get changed dataId exception
java.net.ConnectException: [NACOS HTTP-POST] The maximum number of tolerable server reconnection errors has been reached
	at com.alibaba.nacos.client.config.http.ServerHttpAgent.httpPost(ServerHttpAgent.java:181)
	at com.alibaba.nacos.client.config.http.MetricsHttpAgent.httpPost(MetricsHttpAgent.java:67)
	at com.alibaba.nacos.client.config.impl.ClientWorker.checkUpdateConfigStr(ClientWorker.java:380)
	at com.alibaba.nacos.client.config.impl.ClientWorker.checkUpdateDataIds(ClientWorker.java:347)
	at com.alibaba.nacos.client.config.impl.ClientWorker$LongPollingRunnable.run(ClientWorker.java:535)
	at java.util.concurrent.Executors$RunnableAdapter.call(Executors.java:511)
	at java.util.concurrent.FutureTask.run(FutureTask.java:266)
	at java.util.concurrent.ScheduledThreadPoolExecutor$ScheduledFutureTask.access$201(ScheduledThreadPoolExecutor.java:180)
	at java.util.concurrent.ScheduledThreadPoolExecutor$ScheduledFutureTask.run(ScheduledThreadPoolExecutor.java:293)
	at java.util.concurrent.ThreadPoolExecutor.runWorker(ThreadPoolExecutor.java:1142)
	at java.util.concurrent.ThreadPoolExecutor$Worker.run(ThreadPoolExecutor.java:617)
	at java.lang.Thread.run(Thread.java:748)
2025-03-24 22:01:32,848 ERROR [com.alibaba.nacos.client.Worker.longPolling.fixed-192.168.128.130_8848-xczx][ClientWorker.java:580] - longPolling error : 
java.net.ConnectException: [NACOS HTTP-POST] The maximum number of tolerable server reconnection errors has been reached
	at com.alibaba.nacos.client.config.http.ServerHttpAgent.httpPost(ServerHttpAgent.java:181)
	at com.alibaba.nacos.client.config.http.MetricsHttpAgent.httpPost(MetricsHttpAgent.java:67)
	at com.alibaba.nacos.client.config.impl.ClientWorker.checkUpdateConfigStr(ClientWorker.java:380)
	at com.alibaba.nacos.client.config.impl.ClientWorker.checkUpdateDataIds(ClientWorker.java:347)
	at com.alibaba.nacos.client.config.impl.ClientWorker$LongPollingRunnable.run(ClientWorker.java:535)
	at java.util.concurrent.Executors$RunnableAdapter.call(Executors.java:511)
	at java.util.concurrent.FutureTask.run(FutureTask.java:266)
	at java.util.concurrent.ScheduledThreadPoolExecutor$ScheduledFutureTask.access$201(ScheduledThreadPoolExecutor.java:180)
	at java.util.concurrent.ScheduledThreadPoolExecutor$ScheduledFutureTask.run(ScheduledThreadPoolExecutor.java:293)
	at java.util.concurrent.ThreadPoolExecutor.runWorker(ThreadPoolExecutor.java:1142)
	at java.util.concurrent.ThreadPoolExecutor$Worker.run(ThreadPoolExecutor.java:617)
	at java.lang.Thread.run(Thread.java:748)
2025-03-24 22:01:34,427 ERROR [com.alibaba.nacos.naming.beat.sender][NamingProxy.java:617] - [NA] failed to request
java.net.SocketTimeoutException: connect timed out
	at java.net.DualStackPlainSocketImpl.waitForConnect(Native Method)
	at java.net.DualStackPlainSocketImpl.socketConnect(DualStackPlainSocketImpl.java:85)
	at java.net.AbstractPlainSocketImpl.doConnect(AbstractPlainSocketImpl.java:350)
	at java.net.AbstractPlainSocketImpl.connectToAddress(AbstractPlainSocketImpl.java:206)
	at java.net.AbstractPlainSocketImpl.connect(AbstractPlainSocketImpl.java:188)
	at java.net.PlainSocketImpl.connect(PlainSocketImpl.java:172)
	at java.net.SocksSocketImpl.connect(SocksSocketImpl.java:392)
	at java.net.Socket.connect(Socket.java:589)
	at sun.net.NetworkClient.doConnect(NetworkClient.java:175)
	at sun.net.www.http.HttpClient.openServer(HttpClient.java:463)
	at sun.net.www.http.HttpClient.openServer(HttpClient.java:558)
	at sun.net.www.http.HttpClient.<init>(HttpClient.java:242)
	at sun.net.www.http.HttpClient.New(HttpClient.java:339)
	at sun.net.www.http.HttpClient.New(HttpClient.java:357)
	at sun.net.www.protocol.http.HttpURLConnection.getNewHttpClient(HttpURLConnection.java:1202)
	at sun.net.www.protocol.http.HttpURLConnection.plainConnect0(HttpURLConnection.java:1138)
	at sun.net.www.protocol.http.HttpURLConnection.plainConnect(HttpURLConnection.java:1032)
	at sun.net.www.protocol.http.HttpURLConnection.connect(HttpURLConnection.java:966)
	at com.alibaba.nacos.common.http.client.request.JdkHttpClientRequest.execute(JdkHttpClientRequest.java:112)
	at com.alibaba.nacos.common.http.client.NacosRestTemplate.execute(NacosRestTemplate.java:482)
	at com.alibaba.nacos.common.http.client.NacosRestTemplate.exchangeForm(NacosRestTemplate.java:427)
	at com.alibaba.nacos.client.naming.net.NamingProxy.callServer(NamingProxy.java:603)
	at com.alibaba.nacos.client.naming.net.NamingProxy.reqApi(NamingProxy.java:526)
	at com.alibaba.nacos.client.naming.net.NamingProxy.reqApi(NamingProxy.java:498)
	at com.alibaba.nacos.client.naming.net.NamingProxy.sendBeat(NamingProxy.java:433)
	at com.alibaba.nacos.client.naming.beat.BeatReactor$BeatTask.run(BeatReactor.java:167)
	at java.util.concurrent.Executors$RunnableAdapter.call(Executors.java:511)
	at java.util.concurrent.FutureTask.run(FutureTask.java:266)
	at java.util.concurrent.ScheduledThreadPoolExecutor$ScheduledFutureTask.access$201(ScheduledThreadPoolExecutor.java:180)
	at java.util.concurrent.ScheduledThreadPoolExecutor$ScheduledFutureTask.run(ScheduledThreadPoolExecutor.java:293)
	at java.util.concurrent.ThreadPoolExecutor.runWorker(ThreadPoolExecutor.java:1142)
	at java.util.concurrent.ThreadPoolExecutor$Worker.run(ThreadPoolExecutor.java:617)
	at java.lang.Thread.run(Thread.java:748)
2025-03-24 22:01:34,429 ERROR [com.alibaba.nacos.naming.beat.sender][NamingProxy.java:552] - request: /nacos/v1/ns/instance/beat failed, servers: [192.168.128.130:8848], code: 500, msg: connect timed out
2025-03-24 22:01:34,429 ERROR [com.alibaba.nacos.naming.beat.sender][BeatReactor.java:198] - [CLIENT-BEAT] failed to send beat: {"port":63045,"ip":"10.65.24.129","weight":1.0,"serviceName":"group001@@system-service","cluster":"DEFAULT","metadata":{"preserved.register.source":"SPRING_CLOUD"},"scheduled":false,"period":5000,"stopped":false}, code: 500, msg: failed to req API:/nacos/v1/ns/instance/beat after all servers([192.168.128.130:8848]) tried: java.net.SocketTimeoutException: connect timed out
2025-03-24 22:01:37,873 ERROR [com.alibaba.nacos.client.Worker.longPolling.fixed-192.168.128.130_8848-xczx][ServerHttpAgent.java:169] - [NACOS SocketTimeoutException httpPost] currentServerAddr: http://192.168.128.130:8848， err : connect timed out
2025-03-24 22:01:40,877 ERROR [com.alibaba.nacos.client.Worker.longPolling.fixed-192.168.128.130_8848-xczx][ServerHttpAgent.java:169] - [NACOS SocketTimeoutException httpPost] currentServerAddr: http://192.168.128.130:8848， err : connect timed out
2025-03-24 22:01:42,456 ERROR [com.alibaba.nacos.naming.beat.sender][NamingProxy.java:617] - [NA] failed to request
java.net.SocketTimeoutException: connect timed out
	at java.net.DualStackPlainSocketImpl.waitForConnect(Native Method)
	at java.net.DualStackPlainSocketImpl.socketConnect(DualStackPlainSocketImpl.java:85)
	at java.net.AbstractPlainSocketImpl.doConnect(AbstractPlainSocketImpl.java:350)
	at java.net.AbstractPlainSocketImpl.connectToAddress(AbstractPlainSocketImpl.java:206)
	at java.net.AbstractPlainSocketImpl.connect(AbstractPlainSocketImpl.java:188)
	at java.net.PlainSocketImpl.connect(PlainSocketImpl.java:172)
	at java.net.SocksSocketImpl.connect(SocksSocketImpl.java:392)
	at java.net.Socket.connect(Socket.java:589)
	at sun.net.NetworkClient.doConnect(NetworkClient.java:175)
	at sun.net.www.http.HttpClient.openServer(HttpClient.java:463)
	at sun.net.www.http.HttpClient.openServer(HttpClient.java:558)
	at sun.net.www.http.HttpClient.<init>(HttpClient.java:242)
	at sun.net.www.http.HttpClient.New(HttpClient.java:339)
	at sun.net.www.http.HttpClient.New(HttpClient.java:357)
	at sun.net.www.protocol.http.HttpURLConnection.getNewHttpClient(HttpURLConnection.java:1202)
	at sun.net.www.protocol.http.HttpURLConnection.plainConnect0(HttpURLConnection.java:1138)
	at sun.net.www.protocol.http.HttpURLConnection.plainConnect(HttpURLConnection.java:1032)
	at sun.net.www.protocol.http.HttpURLConnection.connect(HttpURLConnection.java:966)
	at com.alibaba.nacos.common.http.client.request.JdkHttpClientRequest.execute(JdkHttpClientRequest.java:112)
	at com.alibaba.nacos.common.http.client.NacosRestTemplate.execute(NacosRestTemplate.java:482)
	at com.alibaba.nacos.common.http.client.NacosRestTemplate.exchangeForm(NacosRestTemplate.java:427)
	at com.alibaba.nacos.client.naming.net.NamingProxy.callServer(NamingProxy.java:603)
	at com.alibaba.nacos.client.naming.net.NamingProxy.reqApi(NamingProxy.java:526)
	at com.alibaba.nacos.client.naming.net.NamingProxy.reqApi(NamingProxy.java:498)
	at com.alibaba.nacos.client.naming.net.NamingProxy.sendBeat(NamingProxy.java:433)
	at com.alibaba.nacos.client.naming.beat.BeatReactor$BeatTask.run(BeatReactor.java:167)
	at java.util.concurrent.Executors$RunnableAdapter.call(Executors.java:511)
	at java.util.concurrent.FutureTask.run(FutureTask.java:266)
	at java.util.concurrent.ScheduledThreadPoolExecutor$ScheduledFutureTask.access$201(ScheduledThreadPoolExecutor.java:180)
	at java.util.concurrent.ScheduledThreadPoolExecutor$ScheduledFutureTask.run(ScheduledThreadPoolExecutor.java:293)
	at java.util.concurrent.ThreadPoolExecutor.runWorker(ThreadPoolExecutor.java:1142)
	at java.util.concurrent.ThreadPoolExecutor$Worker.run(ThreadPoolExecutor.java:617)
	at java.lang.Thread.run(Thread.java:748)
2025-03-24 22:01:43,894 ERROR [com.alibaba.nacos.client.Worker.longPolling.fixed-192.168.128.130_8848-xczx][ServerHttpAgent.java:169] - [NACOS SocketTimeoutException httpPost] currentServerAddr: http://192.168.128.130:8848， err : connect timed out
2025-03-24 22:01:45,475 ERROR [com.alibaba.nacos.naming.beat.sender][NamingProxy.java:617] - [NA] failed to request
java.net.SocketTimeoutException: connect timed out
	at java.net.DualStackPlainSocketImpl.waitForConnect(Native Method)
	at java.net.DualStackPlainSocketImpl.socketConnect(DualStackPlainSocketImpl.java:85)
	at java.net.AbstractPlainSocketImpl.doConnect(AbstractPlainSocketImpl.java:350)
	at java.net.AbstractPlainSocketImpl.connectToAddress(AbstractPlainSocketImpl.java:206)
	at java.net.AbstractPlainSocketImpl.connect(AbstractPlainSocketImpl.java:188)
	at java.net.PlainSocketImpl.connect(PlainSocketImpl.java:172)
	at java.net.SocksSocketImpl.connect(SocksSocketImpl.java:392)
	at java.net.Socket.connect(Socket.java:589)
	at sun.net.NetworkClient.doConnect(NetworkClient.java:175)
	at sun.net.www.http.HttpClient.openServer(HttpClient.java:463)
	at sun.net.www.http.HttpClient.openServer(HttpClient.java:558)
	at sun.net.www.http.HttpClient.<init>(HttpClient.java:242)
	at sun.net.www.http.HttpClient.New(HttpClient.java:339)
	at sun.net.www.http.HttpClient.New(HttpClient.java:357)
	at sun.net.www.protocol.http.HttpURLConnection.getNewHttpClient(HttpURLConnection.java:1202)
	at sun.net.www.protocol.http.HttpURLConnection.plainConnect0(HttpURLConnection.java:1138)
	at sun.net.www.protocol.http.HttpURLConnection.plainConnect(HttpURLConnection.java:1032)
	at sun.net.www.protocol.http.HttpURLConnection.connect(HttpURLConnection.java:966)
	at com.alibaba.nacos.common.http.client.request.JdkHttpClientRequest.execute(JdkHttpClientRequest.java:112)
	at com.alibaba.nacos.common.http.client.NacosRestTemplate.execute(NacosRestTemplate.java:482)
	at com.alibaba.nacos.common.http.client.NacosRestTemplate.exchangeForm(NacosRestTemplate.java:427)
	at com.alibaba.nacos.client.naming.net.NamingProxy.callServer(NamingProxy.java:603)
	at com.alibaba.nacos.client.naming.net.NamingProxy.reqApi(NamingProxy.java:526)
	at com.alibaba.nacos.client.naming.net.NamingProxy.reqApi(NamingProxy.java:498)
	at com.alibaba.nacos.client.naming.net.NamingProxy.sendBeat(NamingProxy.java:433)
	at com.alibaba.nacos.client.naming.beat.BeatReactor$BeatTask.run(BeatReactor.java:167)
	at java.util.concurrent.Executors$RunnableAdapter.call(Executors.java:511)
	at java.util.concurrent.FutureTask.run(FutureTask.java:266)
	at java.util.concurrent.ScheduledThreadPoolExecutor$ScheduledFutureTask.access$201(ScheduledThreadPoolExecutor.java:180)
	at java.util.concurrent.ScheduledThreadPoolExecutor$ScheduledFutureTask.run(ScheduledThreadPoolExecutor.java:293)
	at java.util.concurrent.ThreadPoolExecutor.runWorker(ThreadPoolExecutor.java:1142)
	at java.util.concurrent.ThreadPoolExecutor$Worker.run(ThreadPoolExecutor.java:617)
	at java.lang.Thread.run(Thread.java:748)
2025-03-24 22:01:46,897 ERROR [com.alibaba.nacos.client.Worker.longPolling.fixed-192.168.128.130_8848-xczx][ServerHttpAgent.java:169] - [NACOS SocketTimeoutException httpPost] currentServerAddr: http://192.168.128.130:8848， err : connect timed out
2025-03-24 22:01:46,898 ERROR [com.alibaba.nacos.client.Worker.longPolling.fixed-192.168.128.130_8848-xczx][ClientWorker.java:393] - [fixed-192.168.128.130_8848-xczx] [check-update] get changed dataId exception
java.net.ConnectException: [NACOS HTTP-POST] The maximum number of tolerable server reconnection errors has been reached
	at com.alibaba.nacos.client.config.http.ServerHttpAgent.httpPost(ServerHttpAgent.java:181)
	at com.alibaba.nacos.client.config.http.MetricsHttpAgent.httpPost(MetricsHttpAgent.java:67)
	at com.alibaba.nacos.client.config.impl.ClientWorker.checkUpdateConfigStr(ClientWorker.java:380)
	at com.alibaba.nacos.client.config.impl.ClientWorker.checkUpdateDataIds(ClientWorker.java:347)
	at com.alibaba.nacos.client.config.impl.ClientWorker$LongPollingRunnable.run(ClientWorker.java:535)
	at java.util.concurrent.Executors$RunnableAdapter.call(Executors.java:511)
	at java.util.concurrent.FutureTask.run(FutureTask.java:266)
	at java.util.concurrent.ScheduledThreadPoolExecutor$ScheduledFutureTask.access$201(ScheduledThreadPoolExecutor.java:180)
	at java.util.concurrent.ScheduledThreadPoolExecutor$ScheduledFutureTask.run(ScheduledThreadPoolExecutor.java:293)
	at java.util.concurrent.ThreadPoolExecutor.runWorker(ThreadPoolExecutor.java:1142)
	at java.util.concurrent.ThreadPoolExecutor$Worker.run(ThreadPoolExecutor.java:617)
	at java.lang.Thread.run(Thread.java:748)
2025-03-24 22:01:46,900 ERROR [com.alibaba.nacos.client.Worker.longPolling.fixed-192.168.128.130_8848-xczx][ClientWorker.java:580] - longPolling error : 
java.net.ConnectException: [NACOS HTTP-POST] The maximum number of tolerable server reconnection errors has been reached
	at com.alibaba.nacos.client.config.http.ServerHttpAgent.httpPost(ServerHttpAgent.java:181)
	at com.alibaba.nacos.client.config.http.MetricsHttpAgent.httpPost(MetricsHttpAgent.java:67)
	at com.alibaba.nacos.client.config.impl.ClientWorker.checkUpdateConfigStr(ClientWorker.java:380)
	at com.alibaba.nacos.client.config.impl.ClientWorker.checkUpdateDataIds(ClientWorker.java:347)
	at com.alibaba.nacos.client.config.impl.ClientWorker$LongPollingRunnable.run(ClientWorker.java:535)
	at java.util.concurrent.Executors$RunnableAdapter.call(Executors.java:511)
	at java.util.concurrent.FutureTask.run(FutureTask.java:266)
	at java.util.concurrent.ScheduledThreadPoolExecutor$ScheduledFutureTask.access$201(ScheduledThreadPoolExecutor.java:180)
	at java.util.concurrent.ScheduledThreadPoolExecutor$ScheduledFutureTask.run(ScheduledThreadPoolExecutor.java:293)
	at java.util.concurrent.ThreadPoolExecutor.runWorker(ThreadPoolExecutor.java:1142)
	at java.util.concurrent.ThreadPoolExecutor$Worker.run(ThreadPoolExecutor.java:617)
	at java.lang.Thread.run(Thread.java:748)
2025-03-24 22:01:48,479 ERROR [com.alibaba.nacos.naming.beat.sender][NamingProxy.java:617] - [NA] failed to request
java.net.SocketTimeoutException: connect timed out
	at java.net.DualStackPlainSocketImpl.waitForConnect(Native Method)
	at java.net.DualStackPlainSocketImpl.socketConnect(DualStackPlainSocketImpl.java:85)
	at java.net.AbstractPlainSocketImpl.doConnect(AbstractPlainSocketImpl.java:350)
	at java.net.AbstractPlainSocketImpl.connectToAddress(AbstractPlainSocketImpl.java:206)
	at java.net.AbstractPlainSocketImpl.connect(AbstractPlainSocketImpl.java:188)
	at java.net.PlainSocketImpl.connect(PlainSocketImpl.java:172)
	at java.net.SocksSocketImpl.connect(SocksSocketImpl.java:392)
	at java.net.Socket.connect(Socket.java:589)
	at sun.net.NetworkClient.doConnect(NetworkClient.java:175)
	at sun.net.www.http.HttpClient.openServer(HttpClient.java:463)
	at sun.net.www.http.HttpClient.openServer(HttpClient.java:558)
	at sun.net.www.http.HttpClient.<init>(HttpClient.java:242)
	at sun.net.www.http.HttpClient.New(HttpClient.java:339)
	at sun.net.www.http.HttpClient.New(HttpClient.java:357)
	at sun.net.www.protocol.http.HttpURLConnection.getNewHttpClient(HttpURLConnection.java:1202)
	at sun.net.www.protocol.http.HttpURLConnection.plainConnect0(HttpURLConnection.java:1138)
	at sun.net.www.protocol.http.HttpURLConnection.plainConnect(HttpURLConnection.java:1032)
	at sun.net.www.protocol.http.HttpURLConnection.connect(HttpURLConnection.java:966)
	at com.alibaba.nacos.common.http.client.request.JdkHttpClientRequest.execute(JdkHttpClientRequest.java:112)
	at com.alibaba.nacos.common.http.client.NacosRestTemplate.execute(NacosRestTemplate.java:482)
	at com.alibaba.nacos.common.http.client.NacosRestTemplate.exchangeForm(NacosRestTemplate.java:427)
	at com.alibaba.nacos.client.naming.net.NamingProxy.callServer(NamingProxy.java:603)
	at com.alibaba.nacos.client.naming.net.NamingProxy.reqApi(NamingProxy.java:526)
	at com.alibaba.nacos.client.naming.net.NamingProxy.reqApi(NamingProxy.java:498)
	at com.alibaba.nacos.client.naming.net.NamingProxy.sendBeat(NamingProxy.java:433)
	at com.alibaba.nacos.client.naming.beat.BeatReactor$BeatTask.run(BeatReactor.java:167)
	at java.util.concurrent.Executors$RunnableAdapter.call(Executors.java:511)
	at java.util.concurrent.FutureTask.run(FutureTask.java:266)
	at java.util.concurrent.ScheduledThreadPoolExecutor$ScheduledFutureTask.access$201(ScheduledThreadPoolExecutor.java:180)
	at java.util.concurrent.ScheduledThreadPoolExecutor$ScheduledFutureTask.run(ScheduledThreadPoolExecutor.java:293)
	at java.util.concurrent.ThreadPoolExecutor.runWorker(ThreadPoolExecutor.java:1142)
	at java.util.concurrent.ThreadPoolExecutor$Worker.run(ThreadPoolExecutor.java:617)
	at java.lang.Thread.run(Thread.java:748)
2025-03-24 22:01:48,482 ERROR [com.alibaba.nacos.naming.beat.sender][NamingProxy.java:552] - request: /nacos/v1/ns/instance/beat failed, servers: [192.168.128.130:8848], code: 500, msg: connect timed out
2025-03-24 22:01:48,482 ERROR [com.alibaba.nacos.naming.beat.sender][BeatReactor.java:198] - [CLIENT-BEAT] failed to send beat: {"port":63045,"ip":"10.65.24.129","weight":1.0,"serviceName":"group001@@system-service","cluster":"DEFAULT","metadata":{"preserved.register.source":"SPRING_CLOUD"},"scheduled":false,"period":5000,"stopped":false}, code: 500, msg: failed to req API:/nacos/v1/ns/instance/beat after all servers([192.168.128.130:8848]) tried: java.net.SocketTimeoutException: connect timed out
2025-03-24 22:01:51,926 ERROR [com.alibaba.nacos.client.Worker.longPolling.fixed-192.168.128.130_8848-xczx][ServerHttpAgent.java:169] - [NACOS SocketTimeoutException httpPost] currentServerAddr: http://192.168.128.130:8848， err : connect timed out
2025-03-24 22:01:54,940 ERROR [com.alibaba.nacos.client.Worker.longPolling.fixed-192.168.128.130_8848-xczx][ServerHttpAgent.java:169] - [NACOS SocketTimeoutException httpPost] currentServerAddr: http://192.168.128.130:8848， err : connect timed out
2025-03-24 22:01:56,505 ERROR [com.alibaba.nacos.naming.beat.sender][NamingProxy.java:617] - [NA] failed to request
java.net.SocketTimeoutException: connect timed out
	at java.net.DualStackPlainSocketImpl.waitForConnect(Native Method)
	at java.net.DualStackPlainSocketImpl.socketConnect(DualStackPlainSocketImpl.java:85)
	at java.net.AbstractPlainSocketImpl.doConnect(AbstractPlainSocketImpl.java:350)
	at java.net.AbstractPlainSocketImpl.connectToAddress(AbstractPlainSocketImpl.java:206)
	at java.net.AbstractPlainSocketImpl.connect(AbstractPlainSocketImpl.java:188)
	at java.net.PlainSocketImpl.connect(PlainSocketImpl.java:172)
	at java.net.SocksSocketImpl.connect(SocksSocketImpl.java:392)
	at java.net.Socket.connect(Socket.java:589)
	at sun.net.NetworkClient.doConnect(NetworkClient.java:175)
	at sun.net.www.http.HttpClient.openServer(HttpClient.java:463)
	at sun.net.www.http.HttpClient.openServer(HttpClient.java:558)
	at sun.net.www.http.HttpClient.<init>(HttpClient.java:242)
	at sun.net.www.http.HttpClient.New(HttpClient.java:339)
	at sun.net.www.http.HttpClient.New(HttpClient.java:357)
	at sun.net.www.protocol.http.HttpURLConnection.getNewHttpClient(HttpURLConnection.java:1202)
	at sun.net.www.protocol.http.HttpURLConnection.plainConnect0(HttpURLConnection.java:1138)
	at sun.net.www.protocol.http.HttpURLConnection.plainConnect(HttpURLConnection.java:1032)
	at sun.net.www.protocol.http.HttpURLConnection.connect(HttpURLConnection.java:966)
	at com.alibaba.nacos.common.http.client.request.JdkHttpClientRequest.execute(JdkHttpClientRequest.java:112)
	at com.alibaba.nacos.common.http.client.NacosRestTemplate.execute(NacosRestTemplate.java:482)
	at com.alibaba.nacos.common.http.client.NacosRestTemplate.exchangeForm(NacosRestTemplate.java:427)
	at com.alibaba.nacos.client.naming.net.NamingProxy.callServer(NamingProxy.java:603)
	at com.alibaba.nacos.client.naming.net.NamingProxy.reqApi(NamingProxy.java:526)
	at com.alibaba.nacos.client.naming.net.NamingProxy.reqApi(NamingProxy.java:498)
	at com.alibaba.nacos.client.naming.net.NamingProxy.sendBeat(NamingProxy.java:433)
	at com.alibaba.nacos.client.naming.beat.BeatReactor$BeatTask.run(BeatReactor.java:167)
	at java.util.concurrent.Executors$RunnableAdapter.call(Executors.java:511)
	at java.util.concurrent.FutureTask.run(FutureTask.java:266)
	at java.util.concurrent.ScheduledThreadPoolExecutor$ScheduledFutureTask.access$201(ScheduledThreadPoolExecutor.java:180)
	at java.util.concurrent.ScheduledThreadPoolExecutor$ScheduledFutureTask.run(ScheduledThreadPoolExecutor.java:293)
	at java.util.concurrent.ThreadPoolExecutor.runWorker(ThreadPoolExecutor.java:1142)
	at java.util.concurrent.ThreadPoolExecutor$Worker.run(ThreadPoolExecutor.java:617)
	at java.lang.Thread.run(Thread.java:748)
2025-03-24 22:01:57,959 ERROR [com.alibaba.nacos.client.Worker.longPolling.fixed-192.168.128.130_8848-xczx][ServerHttpAgent.java:169] - [NACOS SocketTimeoutException httpPost] currentServerAddr: http://192.168.128.130:8848， err : connect timed out
2025-03-24 22:01:59,512 ERROR [com.alibaba.nacos.naming.beat.sender][NamingProxy.java:617] - [NA] failed to request
java.net.SocketTimeoutException: connect timed out
	at java.net.DualStackPlainSocketImpl.waitForConnect(Native Method)
	at java.net.DualStackPlainSocketImpl.socketConnect(DualStackPlainSocketImpl.java:85)
	at java.net.AbstractPlainSocketImpl.doConnect(AbstractPlainSocketImpl.java:350)
	at java.net.AbstractPlainSocketImpl.connectToAddress(AbstractPlainSocketImpl.java:206)
	at java.net.AbstractPlainSocketImpl.connect(AbstractPlainSocketImpl.java:188)
	at java.net.PlainSocketImpl.connect(PlainSocketImpl.java:172)
	at java.net.SocksSocketImpl.connect(SocksSocketImpl.java:392)
	at java.net.Socket.connect(Socket.java:589)
	at sun.net.NetworkClient.doConnect(NetworkClient.java:175)
	at sun.net.www.http.HttpClient.openServer(HttpClient.java:463)
	at sun.net.www.http.HttpClient.openServer(HttpClient.java:558)
	at sun.net.www.http.HttpClient.<init>(HttpClient.java:242)
	at sun.net.www.http.HttpClient.New(HttpClient.java:339)
	at sun.net.www.http.HttpClient.New(HttpClient.java:357)
	at sun.net.www.protocol.http.HttpURLConnection.getNewHttpClient(HttpURLConnection.java:1202)
	at sun.net.www.protocol.http.HttpURLConnection.plainConnect0(HttpURLConnection.java:1138)
	at sun.net.www.protocol.http.HttpURLConnection.plainConnect(HttpURLConnection.java:1032)
	at sun.net.www.protocol.http.HttpURLConnection.connect(HttpURLConnection.java:966)
	at com.alibaba.nacos.common.http.client.request.JdkHttpClientRequest.execute(JdkHttpClientRequest.java:112)
	at com.alibaba.nacos.common.http.client.NacosRestTemplate.execute(NacosRestTemplate.java:482)
	at com.alibaba.nacos.common.http.client.NacosRestTemplate.exchangeForm(NacosRestTemplate.java:427)
	at com.alibaba.nacos.client.naming.net.NamingProxy.callServer(NamingProxy.java:603)
	at com.alibaba.nacos.client.naming.net.NamingProxy.reqApi(NamingProxy.java:526)
	at com.alibaba.nacos.client.naming.net.NamingProxy.reqApi(NamingProxy.java:498)
	at com.alibaba.nacos.client.naming.net.NamingProxy.sendBeat(NamingProxy.java:433)
	at com.alibaba.nacos.client.naming.beat.BeatReactor$BeatTask.run(BeatReactor.java:167)
	at java.util.concurrent.Executors$RunnableAdapter.call(Executors.java:511)
	at java.util.concurrent.FutureTask.run(FutureTask.java:266)
	at java.util.concurrent.ScheduledThreadPoolExecutor$ScheduledFutureTask.access$201(ScheduledThreadPoolExecutor.java:180)
	at java.util.concurrent.ScheduledThreadPoolExecutor$ScheduledFutureTask.run(ScheduledThreadPoolExecutor.java:293)
	at java.util.concurrent.ThreadPoolExecutor.runWorker(ThreadPoolExecutor.java:1142)
	at java.util.concurrent.ThreadPoolExecutor$Worker.run(ThreadPoolExecutor.java:617)
	at java.lang.Thread.run(Thread.java:748)
2025-03-24 22:02:00,977 ERROR [com.alibaba.nacos.client.Worker.longPolling.fixed-192.168.128.130_8848-xczx][ServerHttpAgent.java:169] - [NACOS SocketTimeoutException httpPost] currentServerAddr: http://192.168.128.130:8848， err : connect timed out
2025-03-24 22:02:00,979 ERROR [com.alibaba.nacos.client.Worker.longPolling.fixed-192.168.128.130_8848-xczx][ClientWorker.java:393] - [fixed-192.168.128.130_8848-xczx] [check-update] get changed dataId exception
java.net.ConnectException: [NACOS HTTP-POST] The maximum number of tolerable server reconnection errors has been reached
	at com.alibaba.nacos.client.config.http.ServerHttpAgent.httpPost(ServerHttpAgent.java:181)
	at com.alibaba.nacos.client.config.http.MetricsHttpAgent.httpPost(MetricsHttpAgent.java:67)
	at com.alibaba.nacos.client.config.impl.ClientWorker.checkUpdateConfigStr(ClientWorker.java:380)
	at com.alibaba.nacos.client.config.impl.ClientWorker.checkUpdateDataIds(ClientWorker.java:347)
	at com.alibaba.nacos.client.config.impl.ClientWorker$LongPollingRunnable.run(ClientWorker.java:535)
	at java.util.concurrent.Executors$RunnableAdapter.call(Executors.java:511)
	at java.util.concurrent.FutureTask.run(FutureTask.java:266)
	at java.util.concurrent.ScheduledThreadPoolExecutor$ScheduledFutureTask.access$201(ScheduledThreadPoolExecutor.java:180)
	at java.util.concurrent.ScheduledThreadPoolExecutor$ScheduledFutureTask.run(ScheduledThreadPoolExecutor.java:293)
	at java.util.concurrent.ThreadPoolExecutor.runWorker(ThreadPoolExecutor.java:1142)
	at java.util.concurrent.ThreadPoolExecutor$Worker.run(ThreadPoolExecutor.java:617)
	at java.lang.Thread.run(Thread.java:748)
2025-03-24 22:02:00,979 ERROR [com.alibaba.nacos.client.Worker.longPolling.fixed-192.168.128.130_8848-xczx][ClientWorker.java:580] - longPolling error : 
java.net.ConnectException: [NACOS HTTP-POST] The maximum number of tolerable server reconnection errors has been reached
	at com.alibaba.nacos.client.config.http.ServerHttpAgent.httpPost(ServerHttpAgent.java:181)
	at com.alibaba.nacos.client.config.http.MetricsHttpAgent.httpPost(MetricsHttpAgent.java:67)
	at com.alibaba.nacos.client.config.impl.ClientWorker.checkUpdateConfigStr(ClientWorker.java:380)
	at com.alibaba.nacos.client.config.impl.ClientWorker.checkUpdateDataIds(ClientWorker.java:347)
	at com.alibaba.nacos.client.config.impl.ClientWorker$LongPollingRunnable.run(ClientWorker.java:535)
	at java.util.concurrent.Executors$RunnableAdapter.call(Executors.java:511)
	at java.util.concurrent.FutureTask.run(FutureTask.java:266)
	at java.util.concurrent.ScheduledThreadPoolExecutor$ScheduledFutureTask.access$201(ScheduledThreadPoolExecutor.java:180)
	at java.util.concurrent.ScheduledThreadPoolExecutor$ScheduledFutureTask.run(ScheduledThreadPoolExecutor.java:293)
	at java.util.concurrent.ThreadPoolExecutor.runWorker(ThreadPoolExecutor.java:1142)
	at java.util.concurrent.ThreadPoolExecutor$Worker.run(ThreadPoolExecutor.java:617)
	at java.lang.Thread.run(Thread.java:748)
2025-03-24 22:02:02,527 ERROR [com.alibaba.nacos.naming.beat.sender][NamingProxy.java:617] - [NA] failed to request
java.net.SocketTimeoutException: connect timed out
	at java.net.DualStackPlainSocketImpl.waitForConnect(Native Method)
	at java.net.DualStackPlainSocketImpl.socketConnect(DualStackPlainSocketImpl.java:85)
	at java.net.AbstractPlainSocketImpl.doConnect(AbstractPlainSocketImpl.java:350)
	at java.net.AbstractPlainSocketImpl.connectToAddress(AbstractPlainSocketImpl.java:206)
	at java.net.AbstractPlainSocketImpl.connect(AbstractPlainSocketImpl.java:188)
	at java.net.PlainSocketImpl.connect(PlainSocketImpl.java:172)
	at java.net.SocksSocketImpl.connect(SocksSocketImpl.java:392)
	at java.net.Socket.connect(Socket.java:589)
	at sun.net.NetworkClient.doConnect(NetworkClient.java:175)
	at sun.net.www.http.HttpClient.openServer(HttpClient.java:463)
	at sun.net.www.http.HttpClient.openServer(HttpClient.java:558)
	at sun.net.www.http.HttpClient.<init>(HttpClient.java:242)
	at sun.net.www.http.HttpClient.New(HttpClient.java:339)
	at sun.net.www.http.HttpClient.New(HttpClient.java:357)
	at sun.net.www.protocol.http.HttpURLConnection.getNewHttpClient(HttpURLConnection.java:1202)
	at sun.net.www.protocol.http.HttpURLConnection.plainConnect0(HttpURLConnection.java:1138)
	at sun.net.www.protocol.http.HttpURLConnection.plainConnect(HttpURLConnection.java:1032)
	at sun.net.www.protocol.http.HttpURLConnection.connect(HttpURLConnection.java:966)
	at com.alibaba.nacos.common.http.client.request.JdkHttpClientRequest.execute(JdkHttpClientRequest.java:112)
	at com.alibaba.nacos.common.http.client.NacosRestTemplate.execute(NacosRestTemplate.java:482)
	at com.alibaba.nacos.common.http.client.NacosRestTemplate.exchangeForm(NacosRestTemplate.java:427)
	at com.alibaba.nacos.client.naming.net.NamingProxy.callServer(NamingProxy.java:603)
	at com.alibaba.nacos.client.naming.net.NamingProxy.reqApi(NamingProxy.java:526)
	at com.alibaba.nacos.client.naming.net.NamingProxy.reqApi(NamingProxy.java:498)
	at com.alibaba.nacos.client.naming.net.NamingProxy.sendBeat(NamingProxy.java:433)
	at com.alibaba.nacos.client.naming.beat.BeatReactor$BeatTask.run(BeatReactor.java:167)
	at java.util.concurrent.Executors$RunnableAdapter.call(Executors.java:511)
	at java.util.concurrent.FutureTask.run(FutureTask.java:266)
	at java.util.concurrent.ScheduledThreadPoolExecutor$ScheduledFutureTask.access$201(ScheduledThreadPoolExecutor.java:180)
	at java.util.concurrent.ScheduledThreadPoolExecutor$ScheduledFutureTask.run(ScheduledThreadPoolExecutor.java:293)
	at java.util.concurrent.ThreadPoolExecutor.runWorker(ThreadPoolExecutor.java:1142)
	at java.util.concurrent.ThreadPoolExecutor$Worker.run(ThreadPoolExecutor.java:617)
	at java.lang.Thread.run(Thread.java:748)
2025-03-24 22:02:02,530 ERROR [com.alibaba.nacos.naming.beat.sender][NamingProxy.java:552] - request: /nacos/v1/ns/instance/beat failed, servers: [192.168.128.130:8848], code: 500, msg: connect timed out
2025-03-24 22:02:02,530 ERROR [com.alibaba.nacos.naming.beat.sender][BeatReactor.java:198] - [CLIENT-BEAT] failed to send beat: {"port":63045,"ip":"10.65.24.129","weight":1.0,"serviceName":"group001@@system-service","cluster":"DEFAULT","metadata":{"preserved.register.source":"SPRING_CLOUD"},"scheduled":false,"period":5000,"stopped":false}, code: 500, msg: failed to req API:/nacos/v1/ns/instance/beat after all servers([192.168.128.130:8848]) tried: java.net.SocketTimeoutException: connect timed out
2025-03-24 22:02:06,004 ERROR [com.alibaba.nacos.client.Worker.longPolling.fixed-192.168.128.130_8848-xczx][ServerHttpAgent.java:169] - [NACOS SocketTimeoutException httpPost] currentServerAddr: http://192.168.128.130:8848， err : connect timed out
2025-03-24 22:02:09,020 ERROR [com.alibaba.nacos.client.Worker.longPolling.fixed-192.168.128.130_8848-xczx][ServerHttpAgent.java:169] - [NACOS SocketTimeoutException httpPost] currentServerAddr: http://192.168.128.130:8848， err : connect timed out
2025-03-24 22:02:10,553 ERROR [com.alibaba.nacos.naming.beat.sender][NamingProxy.java:617] - [NA] failed to request
java.net.SocketTimeoutException: connect timed out
	at java.net.DualStackPlainSocketImpl.waitForConnect(Native Method)
	at java.net.DualStackPlainSocketImpl.socketConnect(DualStackPlainSocketImpl.java:85)
	at java.net.AbstractPlainSocketImpl.doConnect(AbstractPlainSocketImpl.java:350)
	at java.net.AbstractPlainSocketImpl.connectToAddress(AbstractPlainSocketImpl.java:206)
	at java.net.AbstractPlainSocketImpl.connect(AbstractPlainSocketImpl.java:188)
	at java.net.PlainSocketImpl.connect(PlainSocketImpl.java:172)
	at java.net.SocksSocketImpl.connect(SocksSocketImpl.java:392)
	at java.net.Socket.connect(Socket.java:589)
	at sun.net.NetworkClient.doConnect(NetworkClient.java:175)
	at sun.net.www.http.HttpClient.openServer(HttpClient.java:463)
	at sun.net.www.http.HttpClient.openServer(HttpClient.java:558)
	at sun.net.www.http.HttpClient.<init>(HttpClient.java:242)
	at sun.net.www.http.HttpClient.New(HttpClient.java:339)
	at sun.net.www.http.HttpClient.New(HttpClient.java:357)
	at sun.net.www.protocol.http.HttpURLConnection.getNewHttpClient(HttpURLConnection.java:1202)
	at sun.net.www.protocol.http.HttpURLConnection.plainConnect0(HttpURLConnection.java:1138)
	at sun.net.www.protocol.http.HttpURLConnection.plainConnect(HttpURLConnection.java:1032)
	at sun.net.www.protocol.http.HttpURLConnection.connect(HttpURLConnection.java:966)
	at com.alibaba.nacos.common.http.client.request.JdkHttpClientRequest.execute(JdkHttpClientRequest.java:112)
	at com.alibaba.nacos.common.http.client.NacosRestTemplate.execute(NacosRestTemplate.java:482)
	at com.alibaba.nacos.common.http.client.NacosRestTemplate.exchangeForm(NacosRestTemplate.java:427)
	at com.alibaba.nacos.client.naming.net.NamingProxy.callServer(NamingProxy.java:603)
	at com.alibaba.nacos.client.naming.net.NamingProxy.reqApi(NamingProxy.java:526)
	at com.alibaba.nacos.client.naming.net.NamingProxy.reqApi(NamingProxy.java:498)
	at com.alibaba.nacos.client.naming.net.NamingProxy.sendBeat(NamingProxy.java:433)
	at com.alibaba.nacos.client.naming.beat.BeatReactor$BeatTask.run(BeatReactor.java:167)
	at java.util.concurrent.Executors$RunnableAdapter.call(Executors.java:511)
	at java.util.concurrent.FutureTask.run(FutureTask.java:266)
	at java.util.concurrent.ScheduledThreadPoolExecutor$ScheduledFutureTask.access$201(ScheduledThreadPoolExecutor.java:180)
	at java.util.concurrent.ScheduledThreadPoolExecutor$ScheduledFutureTask.run(ScheduledThreadPoolExecutor.java:293)
	at java.util.concurrent.ThreadPoolExecutor.runWorker(ThreadPoolExecutor.java:1142)
	at java.util.concurrent.ThreadPoolExecutor$Worker.run(ThreadPoolExecutor.java:617)
	at java.lang.Thread.run(Thread.java:748)
2025-03-24 22:02:12,035 ERROR [com.alibaba.nacos.client.Worker.longPolling.fixed-192.168.128.130_8848-xczx][ServerHttpAgent.java:169] - [NACOS SocketTimeoutException httpPost] currentServerAddr: http://192.168.128.130:8848， err : connect timed out
2025-03-24 22:02:12,436 ERROR [com.alibaba.nacos.client.naming.updater][NamingProxy.java:617] - [NA] failed to request
java.net.SocketTimeoutException: connect timed out
	at java.net.DualStackPlainSocketImpl.waitForConnect(Native Method)
	at java.net.DualStackPlainSocketImpl.socketConnect(DualStackPlainSocketImpl.java:85)
	at java.net.AbstractPlainSocketImpl.doConnect(AbstractPlainSocketImpl.java:350)
	at java.net.AbstractPlainSocketImpl.connectToAddress(AbstractPlainSocketImpl.java:206)
	at java.net.AbstractPlainSocketImpl.connect(AbstractPlainSocketImpl.java:188)
	at java.net.PlainSocketImpl.connect(PlainSocketImpl.java:172)
	at java.net.SocksSocketImpl.connect(SocksSocketImpl.java:392)
	at java.net.Socket.connect(Socket.java:589)
	at sun.net.NetworkClient.doConnect(NetworkClient.java:175)
	at sun.net.www.http.HttpClient.openServer(HttpClient.java:463)
	at sun.net.www.http.HttpClient.openServer(HttpClient.java:558)
	at sun.net.www.http.HttpClient.<init>(HttpClient.java:242)
	at sun.net.www.http.HttpClient.New(HttpClient.java:339)
	at sun.net.www.http.HttpClient.New(HttpClient.java:357)
	at sun.net.www.protocol.http.HttpURLConnection.getNewHttpClient(HttpURLConnection.java:1202)
	at sun.net.www.protocol.http.HttpURLConnection.plainConnect0(HttpURLConnection.java:1138)
	at sun.net.www.protocol.http.HttpURLConnection.plainConnect(HttpURLConnection.java:1032)
	at sun.net.www.protocol.http.HttpURLConnection.connect(HttpURLConnection.java:966)
	at com.alibaba.nacos.common.http.client.request.JdkHttpClientRequest.execute(JdkHttpClientRequest.java:112)
	at com.alibaba.nacos.common.http.client.NacosRestTemplate.execute(NacosRestTemplate.java:482)
	at com.alibaba.nacos.common.http.client.NacosRestTemplate.exchangeForm(NacosRestTemplate.java:427)
	at com.alibaba.nacos.client.naming.net.NamingProxy.callServer(NamingProxy.java:603)
	at com.alibaba.nacos.client.naming.net.NamingProxy.reqApi(NamingProxy.java:526)
	at com.alibaba.nacos.client.naming.net.NamingProxy.reqApi(NamingProxy.java:498)
	at com.alibaba.nacos.client.naming.net.NamingProxy.reqApi(NamingProxy.java:493)
	at com.alibaba.nacos.client.naming.net.NamingProxy.queryList(NamingProxy.java:407)
	at com.alibaba.nacos.client.naming.core.HostReactor.updateService(HostReactor.java:382)
	at com.alibaba.nacos.client.naming.core.HostReactor$UpdateTask.run(HostReactor.java:464)
	at java.util.concurrent.Executors$RunnableAdapter.call(Executors.java:511)
	at java.util.concurrent.FutureTask.run(FutureTask.java:266)
	at java.util.concurrent.ScheduledThreadPoolExecutor$ScheduledFutureTask.access$201(ScheduledThreadPoolExecutor.java:180)
	at java.util.concurrent.ScheduledThreadPoolExecutor$ScheduledFutureTask.run(ScheduledThreadPoolExecutor.java:293)
	at java.util.concurrent.ThreadPoolExecutor.runWorker(ThreadPoolExecutor.java:1142)
	at java.util.concurrent.ThreadPoolExecutor$Worker.run(ThreadPoolExecutor.java:617)
	at java.lang.Thread.run(Thread.java:748)
2025-03-24 22:02:13,568 ERROR [com.alibaba.nacos.naming.beat.sender][NamingProxy.java:617] - [NA] failed to request
java.net.SocketTimeoutException: connect timed out
	at java.net.DualStackPlainSocketImpl.waitForConnect(Native Method)
	at java.net.DualStackPlainSocketImpl.socketConnect(DualStackPlainSocketImpl.java:85)
	at java.net.AbstractPlainSocketImpl.doConnect(AbstractPlainSocketImpl.java:350)
	at java.net.AbstractPlainSocketImpl.connectToAddress(AbstractPlainSocketImpl.java:206)
	at java.net.AbstractPlainSocketImpl.connect(AbstractPlainSocketImpl.java:188)
	at java.net.PlainSocketImpl.connect(PlainSocketImpl.java:172)
	at java.net.SocksSocketImpl.connect(SocksSocketImpl.java:392)
	at java.net.Socket.connect(Socket.java:589)
	at sun.net.NetworkClient.doConnect(NetworkClient.java:175)
	at sun.net.www.http.HttpClient.openServer(HttpClient.java:463)
	at sun.net.www.http.HttpClient.openServer(HttpClient.java:558)
	at sun.net.www.http.HttpClient.<init>(HttpClient.java:242)
	at sun.net.www.http.HttpClient.New(HttpClient.java:339)
	at sun.net.www.http.HttpClient.New(HttpClient.java:357)
	at sun.net.www.protocol.http.HttpURLConnection.getNewHttpClient(HttpURLConnection.java:1202)
	at sun.net.www.protocol.http.HttpURLConnection.plainConnect0(HttpURLConnection.java:1138)
	at sun.net.www.protocol.http.HttpURLConnection.plainConnect(HttpURLConnection.java:1032)
	at sun.net.www.protocol.http.HttpURLConnection.connect(HttpURLConnection.java:966)
	at com.alibaba.nacos.common.http.client.request.JdkHttpClientRequest.execute(JdkHttpClientRequest.java:112)
	at com.alibaba.nacos.common.http.client.NacosRestTemplate.execute(NacosRestTemplate.java:482)
	at com.alibaba.nacos.common.http.client.NacosRestTemplate.exchangeForm(NacosRestTemplate.java:427)
	at com.alibaba.nacos.client.naming.net.NamingProxy.callServer(NamingProxy.java:603)
	at com.alibaba.nacos.client.naming.net.NamingProxy.reqApi(NamingProxy.java:526)
	at com.alibaba.nacos.client.naming.net.NamingProxy.reqApi(NamingProxy.java:498)
	at com.alibaba.nacos.client.naming.net.NamingProxy.sendBeat(NamingProxy.java:433)
	at com.alibaba.nacos.client.naming.beat.BeatReactor$BeatTask.run(BeatReactor.java:167)
	at java.util.concurrent.Executors$RunnableAdapter.call(Executors.java:511)
	at java.util.concurrent.FutureTask.run(FutureTask.java:266)
	at java.util.concurrent.ScheduledThreadPoolExecutor$ScheduledFutureTask.access$201(ScheduledThreadPoolExecutor.java:180)
	at java.util.concurrent.ScheduledThreadPoolExecutor$ScheduledFutureTask.run(ScheduledThreadPoolExecutor.java:293)
	at java.util.concurrent.ThreadPoolExecutor.runWorker(ThreadPoolExecutor.java:1142)
	at java.util.concurrent.ThreadPoolExecutor$Worker.run(ThreadPoolExecutor.java:617)
	at java.lang.Thread.run(Thread.java:748)
2025-03-24 22:02:15,053 ERROR [com.alibaba.nacos.client.Worker.longPolling.fixed-192.168.128.130_8848-xczx][ServerHttpAgent.java:169] - [NACOS SocketTimeoutException httpPost] currentServerAddr: http://192.168.128.130:8848， err : connect timed out
2025-03-24 22:02:15,054 ERROR [com.alibaba.nacos.client.Worker.longPolling.fixed-192.168.128.130_8848-xczx][ClientWorker.java:393] - [fixed-192.168.128.130_8848-xczx] [check-update] get changed dataId exception
java.net.ConnectException: [NACOS HTTP-POST] The maximum number of tolerable server reconnection errors has been reached
	at com.alibaba.nacos.client.config.http.ServerHttpAgent.httpPost(ServerHttpAgent.java:181)
	at com.alibaba.nacos.client.config.http.MetricsHttpAgent.httpPost(MetricsHttpAgent.java:67)
	at com.alibaba.nacos.client.config.impl.ClientWorker.checkUpdateConfigStr(ClientWorker.java:380)
	at com.alibaba.nacos.client.config.impl.ClientWorker.checkUpdateDataIds(ClientWorker.java:347)
	at com.alibaba.nacos.client.config.impl.ClientWorker$LongPollingRunnable.run(ClientWorker.java:535)
	at java.util.concurrent.Executors$RunnableAdapter.call(Executors.java:511)
	at java.util.concurrent.FutureTask.run(FutureTask.java:266)
	at java.util.concurrent.ScheduledThreadPoolExecutor$ScheduledFutureTask.access$201(ScheduledThreadPoolExecutor.java:180)
	at java.util.concurrent.ScheduledThreadPoolExecutor$ScheduledFutureTask.run(ScheduledThreadPoolExecutor.java:293)
	at java.util.concurrent.ThreadPoolExecutor.runWorker(ThreadPoolExecutor.java:1142)
	at java.util.concurrent.ThreadPoolExecutor$Worker.run(ThreadPoolExecutor.java:617)
	at java.lang.Thread.run(Thread.java:748)
2025-03-24 22:02:15,055 ERROR [com.alibaba.nacos.client.Worker.longPolling.fixed-192.168.128.130_8848-xczx][ClientWorker.java:580] - longPolling error : 
java.net.ConnectException: [NACOS HTTP-POST] The maximum number of tolerable server reconnection errors has been reached
	at com.alibaba.nacos.client.config.http.ServerHttpAgent.httpPost(ServerHttpAgent.java:181)
	at com.alibaba.nacos.client.config.http.MetricsHttpAgent.httpPost(MetricsHttpAgent.java:67)
	at com.alibaba.nacos.client.config.impl.ClientWorker.checkUpdateConfigStr(ClientWorker.java:380)
	at com.alibaba.nacos.client.config.impl.ClientWorker.checkUpdateDataIds(ClientWorker.java:347)
	at com.alibaba.nacos.client.config.impl.ClientWorker$LongPollingRunnable.run(ClientWorker.java:535)
	at java.util.concurrent.Executors$RunnableAdapter.call(Executors.java:511)
	at java.util.concurrent.FutureTask.run(FutureTask.java:266)
	at java.util.concurrent.ScheduledThreadPoolExecutor$ScheduledFutureTask.access$201(ScheduledThreadPoolExecutor.java:180)
	at java.util.concurrent.ScheduledThreadPoolExecutor$ScheduledFutureTask.run(ScheduledThreadPoolExecutor.java:293)
	at java.util.concurrent.ThreadPoolExecutor.runWorker(ThreadPoolExecutor.java:1142)
	at java.util.concurrent.ThreadPoolExecutor$Worker.run(ThreadPoolExecutor.java:617)
	at java.lang.Thread.run(Thread.java:748)
2025-03-24 22:02:15,456 ERROR [com.alibaba.nacos.client.naming.updater][NamingProxy.java:617] - [NA] failed to request
java.net.SocketTimeoutException: connect timed out
	at java.net.DualStackPlainSocketImpl.waitForConnect(Native Method)
	at java.net.DualStackPlainSocketImpl.socketConnect(DualStackPlainSocketImpl.java:85)
	at java.net.AbstractPlainSocketImpl.doConnect(AbstractPlainSocketImpl.java:350)
	at java.net.AbstractPlainSocketImpl.connectToAddress(AbstractPlainSocketImpl.java:206)
	at java.net.AbstractPlainSocketImpl.connect(AbstractPlainSocketImpl.java:188)
	at java.net.PlainSocketImpl.connect(PlainSocketImpl.java:172)
	at java.net.SocksSocketImpl.connect(SocksSocketImpl.java:392)
	at java.net.Socket.connect(Socket.java:589)
	at sun.net.NetworkClient.doConnect(NetworkClient.java:175)
	at sun.net.www.http.HttpClient.openServer(HttpClient.java:463)
	at sun.net.www.http.HttpClient.openServer(HttpClient.java:558)
	at sun.net.www.http.HttpClient.<init>(HttpClient.java:242)
	at sun.net.www.http.HttpClient.New(HttpClient.java:339)
	at sun.net.www.http.HttpClient.New(HttpClient.java:357)
	at sun.net.www.protocol.http.HttpURLConnection.getNewHttpClient(HttpURLConnection.java:1202)
	at sun.net.www.protocol.http.HttpURLConnection.plainConnect0(HttpURLConnection.java:1138)
	at sun.net.www.protocol.http.HttpURLConnection.plainConnect(HttpURLConnection.java:1032)
	at sun.net.www.protocol.http.HttpURLConnection.connect(HttpURLConnection.java:966)
	at com.alibaba.nacos.common.http.client.request.JdkHttpClientRequest.execute(JdkHttpClientRequest.java:112)
	at com.alibaba.nacos.common.http.client.NacosRestTemplate.execute(NacosRestTemplate.java:482)
	at com.alibaba.nacos.common.http.client.NacosRestTemplate.exchangeForm(NacosRestTemplate.java:427)
	at com.alibaba.nacos.client.naming.net.NamingProxy.callServer(NamingProxy.java:603)
	at com.alibaba.nacos.client.naming.net.NamingProxy.reqApi(NamingProxy.java:526)
	at com.alibaba.nacos.client.naming.net.NamingProxy.reqApi(NamingProxy.java:498)
	at com.alibaba.nacos.client.naming.net.NamingProxy.reqApi(NamingProxy.java:493)
	at com.alibaba.nacos.client.naming.net.NamingProxy.queryList(NamingProxy.java:407)
	at com.alibaba.nacos.client.naming.core.HostReactor.updateService(HostReactor.java:382)
	at com.alibaba.nacos.client.naming.core.HostReactor$UpdateTask.run(HostReactor.java:464)
	at java.util.concurrent.Executors$RunnableAdapter.call(Executors.java:511)
	at java.util.concurrent.FutureTask.run(FutureTask.java:266)
	at java.util.concurrent.ScheduledThreadPoolExecutor$ScheduledFutureTask.access$201(ScheduledThreadPoolExecutor.java:180)
	at java.util.concurrent.ScheduledThreadPoolExecutor$ScheduledFutureTask.run(ScheduledThreadPoolExecutor.java:293)
	at java.util.concurrent.ThreadPoolExecutor.runWorker(ThreadPoolExecutor.java:1142)
	at java.util.concurrent.ThreadPoolExecutor$Worker.run(ThreadPoolExecutor.java:617)
	at java.lang.Thread.run(Thread.java:748)
2025-03-24 22:02:16,573 ERROR [com.alibaba.nacos.naming.beat.sender][NamingProxy.java:617] - [NA] failed to request
java.net.SocketTimeoutException: connect timed out
	at java.net.DualStackPlainSocketImpl.waitForConnect(Native Method)
	at java.net.DualStackPlainSocketImpl.socketConnect(DualStackPlainSocketImpl.java:85)
	at java.net.AbstractPlainSocketImpl.doConnect(AbstractPlainSocketImpl.java:350)
	at java.net.AbstractPlainSocketImpl.connectToAddress(AbstractPlainSocketImpl.java:206)
	at java.net.AbstractPlainSocketImpl.connect(AbstractPlainSocketImpl.java:188)
	at java.net.PlainSocketImpl.connect(PlainSocketImpl.java:172)
	at java.net.SocksSocketImpl.connect(SocksSocketImpl.java:392)
	at java.net.Socket.connect(Socket.java:589)
	at sun.net.NetworkClient.doConnect(NetworkClient.java:175)
	at sun.net.www.http.HttpClient.openServer(HttpClient.java:463)
	at sun.net.www.http.HttpClient.openServer(HttpClient.java:558)
	at sun.net.www.http.HttpClient.<init>(HttpClient.java:242)
	at sun.net.www.http.HttpClient.New(HttpClient.java:339)
	at sun.net.www.http.HttpClient.New(HttpClient.java:357)
	at sun.net.www.protocol.http.HttpURLConnection.getNewHttpClient(HttpURLConnection.java:1202)
	at sun.net.www.protocol.http.HttpURLConnection.plainConnect0(HttpURLConnection.java:1138)
	at sun.net.www.protocol.http.HttpURLConnection.plainConnect(HttpURLConnection.java:1032)
	at sun.net.www.protocol.http.HttpURLConnection.connect(HttpURLConnection.java:966)
	at com.alibaba.nacos.common.http.client.request.JdkHttpClientRequest.execute(JdkHttpClientRequest.java:112)
	at com.alibaba.nacos.common.http.client.NacosRestTemplate.execute(NacosRestTemplate.java:482)
	at com.alibaba.nacos.common.http.client.NacosRestTemplate.exchangeForm(NacosRestTemplate.java:427)
	at com.alibaba.nacos.client.naming.net.NamingProxy.callServer(NamingProxy.java:603)
	at com.alibaba.nacos.client.naming.net.NamingProxy.reqApi(NamingProxy.java:526)
	at com.alibaba.nacos.client.naming.net.NamingProxy.reqApi(NamingProxy.java:498)
	at com.alibaba.nacos.client.naming.net.NamingProxy.sendBeat(NamingProxy.java:433)
	at com.alibaba.nacos.client.naming.beat.BeatReactor$BeatTask.run(BeatReactor.java:167)
	at java.util.concurrent.Executors$RunnableAdapter.call(Executors.java:511)
	at java.util.concurrent.FutureTask.run(FutureTask.java:266)
	at java.util.concurrent.ScheduledThreadPoolExecutor$ScheduledFutureTask.access$201(ScheduledThreadPoolExecutor.java:180)
	at java.util.concurrent.ScheduledThreadPoolExecutor$ScheduledFutureTask.run(ScheduledThreadPoolExecutor.java:293)
	at java.util.concurrent.ThreadPoolExecutor.runWorker(ThreadPoolExecutor.java:1142)
	at java.util.concurrent.ThreadPoolExecutor$Worker.run(ThreadPoolExecutor.java:617)
	at java.lang.Thread.run(Thread.java:748)
2025-03-24 22:02:16,575 ERROR [com.alibaba.nacos.naming.beat.sender][NamingProxy.java:552] - request: /nacos/v1/ns/instance/beat failed, servers: [192.168.128.130:8848], code: 500, msg: connect timed out
2025-03-24 22:02:16,575 ERROR [com.alibaba.nacos.naming.beat.sender][BeatReactor.java:198] - [CLIENT-BEAT] failed to send beat: {"port":63045,"ip":"10.65.24.129","weight":1.0,"serviceName":"group001@@system-service","cluster":"DEFAULT","metadata":{"preserved.register.source":"SPRING_CLOUD"},"scheduled":false,"period":5000,"stopped":false}, code: 500, msg: failed to req API:/nacos/v1/ns/instance/beat after all servers([192.168.128.130:8848]) tried: java.net.SocketTimeoutException: connect timed out
2025-03-24 22:02:18,461 ERROR [com.alibaba.nacos.client.naming.updater][NamingProxy.java:617] - [NA] failed to request
java.net.SocketTimeoutException: connect timed out
	at java.net.DualStackPlainSocketImpl.waitForConnect(Native Method)
	at java.net.DualStackPlainSocketImpl.socketConnect(DualStackPlainSocketImpl.java:85)
	at java.net.AbstractPlainSocketImpl.doConnect(AbstractPlainSocketImpl.java:350)
	at java.net.AbstractPlainSocketImpl.connectToAddress(AbstractPlainSocketImpl.java:206)
	at java.net.AbstractPlainSocketImpl.connect(AbstractPlainSocketImpl.java:188)
	at java.net.PlainSocketImpl.connect(PlainSocketImpl.java:172)
	at java.net.SocksSocketImpl.connect(SocksSocketImpl.java:392)
	at java.net.Socket.connect(Socket.java:589)
	at sun.net.NetworkClient.doConnect(NetworkClient.java:175)
	at sun.net.www.http.HttpClient.openServer(HttpClient.java:463)
	at sun.net.www.http.HttpClient.openServer(HttpClient.java:558)
	at sun.net.www.http.HttpClient.<init>(HttpClient.java:242)
	at sun.net.www.http.HttpClient.New(HttpClient.java:339)
	at sun.net.www.http.HttpClient.New(HttpClient.java:357)
	at sun.net.www.protocol.http.HttpURLConnection.getNewHttpClient(HttpURLConnection.java:1202)
	at sun.net.www.protocol.http.HttpURLConnection.plainConnect0(HttpURLConnection.java:1138)
	at sun.net.www.protocol.http.HttpURLConnection.plainConnect(HttpURLConnection.java:1032)
	at sun.net.www.protocol.http.HttpURLConnection.connect(HttpURLConnection.java:966)
	at com.alibaba.nacos.common.http.client.request.JdkHttpClientRequest.execute(JdkHttpClientRequest.java:112)
	at com.alibaba.nacos.common.http.client.NacosRestTemplate.execute(NacosRestTemplate.java:482)
	at com.alibaba.nacos.common.http.client.NacosRestTemplate.exchangeForm(NacosRestTemplate.java:427)
	at com.alibaba.nacos.client.naming.net.NamingProxy.callServer(NamingProxy.java:603)
	at com.alibaba.nacos.client.naming.net.NamingProxy.reqApi(NamingProxy.java:526)
	at com.alibaba.nacos.client.naming.net.NamingProxy.reqApi(NamingProxy.java:498)
	at com.alibaba.nacos.client.naming.net.NamingProxy.reqApi(NamingProxy.java:493)
	at com.alibaba.nacos.client.naming.net.NamingProxy.queryList(NamingProxy.java:407)
	at com.alibaba.nacos.client.naming.core.HostReactor.updateService(HostReactor.java:382)
	at com.alibaba.nacos.client.naming.core.HostReactor$UpdateTask.run(HostReactor.java:464)
	at java.util.concurrent.Executors$RunnableAdapter.call(Executors.java:511)
	at java.util.concurrent.FutureTask.run(FutureTask.java:266)
	at java.util.concurrent.ScheduledThreadPoolExecutor$ScheduledFutureTask.access$201(ScheduledThreadPoolExecutor.java:180)
	at java.util.concurrent.ScheduledThreadPoolExecutor$ScheduledFutureTask.run(ScheduledThreadPoolExecutor.java:293)
	at java.util.concurrent.ThreadPoolExecutor.runWorker(ThreadPoolExecutor.java:1142)
	at java.util.concurrent.ThreadPoolExecutor$Worker.run(ThreadPoolExecutor.java:617)
	at java.lang.Thread.run(Thread.java:748)
2025-03-24 22:02:18,462 ERROR [com.alibaba.nacos.client.naming.updater][NamingProxy.java:552] - request: /nacos/v1/ns/instance/list failed, servers: [192.168.128.130:8848], code: 500, msg: connect timed out
2025-03-24 22:02:20,075 ERROR [com.alibaba.nacos.client.Worker.longPolling.fixed-192.168.128.130_8848-xczx][ServerHttpAgent.java:169] - [NACOS SocketTimeoutException httpPost] currentServerAddr: http://192.168.128.130:8848， err : connect timed out
2025-03-24 22:02:23,081 ERROR [com.alibaba.nacos.client.Worker.longPolling.fixed-192.168.128.130_8848-xczx][ServerHttpAgent.java:169] - [NACOS SocketTimeoutException httpPost] currentServerAddr: http://192.168.128.130:8848， err : connect timed out
2025-03-24 22:02:24,585 ERROR [com.alibaba.nacos.naming.beat.sender][NamingProxy.java:617] - [NA] failed to request
java.net.SocketTimeoutException: connect timed out
	at java.net.DualStackPlainSocketImpl.waitForConnect(Native Method)
	at java.net.DualStackPlainSocketImpl.socketConnect(DualStackPlainSocketImpl.java:85)
	at java.net.AbstractPlainSocketImpl.doConnect(AbstractPlainSocketImpl.java:350)
	at java.net.AbstractPlainSocketImpl.connectToAddress(AbstractPlainSocketImpl.java:206)
	at java.net.AbstractPlainSocketImpl.connect(AbstractPlainSocketImpl.java:188)
	at java.net.PlainSocketImpl.connect(PlainSocketImpl.java:172)
	at java.net.SocksSocketImpl.connect(SocksSocketImpl.java:392)
	at java.net.Socket.connect(Socket.java:589)
	at sun.net.NetworkClient.doConnect(NetworkClient.java:175)
	at sun.net.www.http.HttpClient.openServer(HttpClient.java:463)
	at sun.net.www.http.HttpClient.openServer(HttpClient.java:558)
	at sun.net.www.http.HttpClient.<init>(HttpClient.java:242)
	at sun.net.www.http.HttpClient.New(HttpClient.java:339)
	at sun.net.www.http.HttpClient.New(HttpClient.java:357)
	at sun.net.www.protocol.http.HttpURLConnection.getNewHttpClient(HttpURLConnection.java:1202)
	at sun.net.www.protocol.http.HttpURLConnection.plainConnect0(HttpURLConnection.java:1138)
	at sun.net.www.protocol.http.HttpURLConnection.plainConnect(HttpURLConnection.java:1032)
	at sun.net.www.protocol.http.HttpURLConnection.connect(HttpURLConnection.java:966)
	at com.alibaba.nacos.common.http.client.request.JdkHttpClientRequest.execute(JdkHttpClientRequest.java:112)
	at com.alibaba.nacos.common.http.client.NacosRestTemplate.execute(NacosRestTemplate.java:482)
	at com.alibaba.nacos.common.http.client.NacosRestTemplate.exchangeForm(NacosRestTemplate.java:427)
	at com.alibaba.nacos.client.naming.net.NamingProxy.callServer(NamingProxy.java:603)
	at com.alibaba.nacos.client.naming.net.NamingProxy.reqApi(NamingProxy.java:526)
	at com.alibaba.nacos.client.naming.net.NamingProxy.reqApi(NamingProxy.java:498)
	at com.alibaba.nacos.client.naming.net.NamingProxy.sendBeat(NamingProxy.java:433)
	at com.alibaba.nacos.client.naming.beat.BeatReactor$BeatTask.run(BeatReactor.java:167)
	at java.util.concurrent.Executors$RunnableAdapter.call(Executors.java:511)
	at java.util.concurrent.FutureTask.run(FutureTask.java:266)
	at java.util.concurrent.ScheduledThreadPoolExecutor$ScheduledFutureTask.access$201(ScheduledThreadPoolExecutor.java:180)
	at java.util.concurrent.ScheduledThreadPoolExecutor$ScheduledFutureTask.run(ScheduledThreadPoolExecutor.java:293)
	at java.util.concurrent.ThreadPoolExecutor.runWorker(ThreadPoolExecutor.java:1142)
	at java.util.concurrent.ThreadPoolExecutor$Worker.run(ThreadPoolExecutor.java:617)
	at java.lang.Thread.run(Thread.java:748)
2025-03-24 22:02:26,087 ERROR [com.alibaba.nacos.client.Worker.longPolling.fixed-192.168.128.130_8848-xczx][ServerHttpAgent.java:169] - [NACOS SocketTimeoutException httpPost] currentServerAddr: http://192.168.128.130:8848， err : connect timed out
2025-03-24 22:02:27,604 ERROR [com.alibaba.nacos.naming.beat.sender][NamingProxy.java:617] - [NA] failed to request
java.net.SocketTimeoutException: connect timed out
	at java.net.DualStackPlainSocketImpl.waitForConnect(Native Method)
	at java.net.DualStackPlainSocketImpl.socketConnect(DualStackPlainSocketImpl.java:85)
	at java.net.AbstractPlainSocketImpl.doConnect(AbstractPlainSocketImpl.java:350)
	at java.net.AbstractPlainSocketImpl.connectToAddress(AbstractPlainSocketImpl.java:206)
	at java.net.AbstractPlainSocketImpl.connect(AbstractPlainSocketImpl.java:188)
	at java.net.PlainSocketImpl.connect(PlainSocketImpl.java:172)
	at java.net.SocksSocketImpl.connect(SocksSocketImpl.java:392)
	at java.net.Socket.connect(Socket.java:589)
	at sun.net.NetworkClient.doConnect(NetworkClient.java:175)
	at sun.net.www.http.HttpClient.openServer(HttpClient.java:463)
	at sun.net.www.http.HttpClient.openServer(HttpClient.java:558)
	at sun.net.www.http.HttpClient.<init>(HttpClient.java:242)
	at sun.net.www.http.HttpClient.New(HttpClient.java:339)
	at sun.net.www.http.HttpClient.New(HttpClient.java:357)
	at sun.net.www.protocol.http.HttpURLConnection.getNewHttpClient(HttpURLConnection.java:1202)
	at sun.net.www.protocol.http.HttpURLConnection.plainConnect0(HttpURLConnection.java:1138)
	at sun.net.www.protocol.http.HttpURLConnection.plainConnect(HttpURLConnection.java:1032)
	at sun.net.www.protocol.http.HttpURLConnection.connect(HttpURLConnection.java:966)
	at com.alibaba.nacos.common.http.client.request.JdkHttpClientRequest.execute(JdkHttpClientRequest.java:112)
	at com.alibaba.nacos.common.http.client.NacosRestTemplate.execute(NacosRestTemplate.java:482)
	at com.alibaba.nacos.common.http.client.NacosRestTemplate.exchangeForm(NacosRestTemplate.java:427)
	at com.alibaba.nacos.client.naming.net.NamingProxy.callServer(NamingProxy.java:603)
	at com.alibaba.nacos.client.naming.net.NamingProxy.reqApi(NamingProxy.java:526)
	at com.alibaba.nacos.client.naming.net.NamingProxy.reqApi(NamingProxy.java:498)
	at com.alibaba.nacos.client.naming.net.NamingProxy.sendBeat(NamingProxy.java:433)
	at com.alibaba.nacos.client.naming.beat.BeatReactor$BeatTask.run(BeatReactor.java:167)
	at java.util.concurrent.Executors$RunnableAdapter.call(Executors.java:511)
	at java.util.concurrent.FutureTask.run(FutureTask.java:266)
	at java.util.concurrent.ScheduledThreadPoolExecutor$ScheduledFutureTask.access$201(ScheduledThreadPoolExecutor.java:180)
	at java.util.concurrent.ScheduledThreadPoolExecutor$ScheduledFutureTask.run(ScheduledThreadPoolExecutor.java:293)
	at java.util.concurrent.ThreadPoolExecutor.runWorker(ThreadPoolExecutor.java:1142)
	at java.util.concurrent.ThreadPoolExecutor$Worker.run(ThreadPoolExecutor.java:617)
	at java.lang.Thread.run(Thread.java:748)
2025-03-24 22:02:29,090 ERROR [com.alibaba.nacos.client.Worker.longPolling.fixed-192.168.128.130_8848-xczx][ServerHttpAgent.java:169] - [NACOS SocketTimeoutException httpPost] currentServerAddr: http://192.168.128.130:8848， err : connect timed out
2025-03-24 22:02:29,091 ERROR [com.alibaba.nacos.client.Worker.longPolling.fixed-192.168.128.130_8848-xczx][ClientWorker.java:393] - [fixed-192.168.128.130_8848-xczx] [check-update] get changed dataId exception
java.net.ConnectException: [NACOS HTTP-POST] The maximum number of tolerable server reconnection errors has been reached
	at com.alibaba.nacos.client.config.http.ServerHttpAgent.httpPost(ServerHttpAgent.java:181)
	at com.alibaba.nacos.client.config.http.MetricsHttpAgent.httpPost(MetricsHttpAgent.java:67)
	at com.alibaba.nacos.client.config.impl.ClientWorker.checkUpdateConfigStr(ClientWorker.java:380)
	at com.alibaba.nacos.client.config.impl.ClientWorker.checkUpdateDataIds(ClientWorker.java:347)
	at com.alibaba.nacos.client.config.impl.ClientWorker$LongPollingRunnable.run(ClientWorker.java:535)
	at java.util.concurrent.Executors$RunnableAdapter.call(Executors.java:511)
	at java.util.concurrent.FutureTask.run(FutureTask.java:266)
	at java.util.concurrent.ScheduledThreadPoolExecutor$ScheduledFutureTask.access$201(ScheduledThreadPoolExecutor.java:180)
	at java.util.concurrent.ScheduledThreadPoolExecutor$ScheduledFutureTask.run(ScheduledThreadPoolExecutor.java:293)
	at java.util.concurrent.ThreadPoolExecutor.runWorker(ThreadPoolExecutor.java:1142)
	at java.util.concurrent.ThreadPoolExecutor$Worker.run(ThreadPoolExecutor.java:617)
	at java.lang.Thread.run(Thread.java:748)
2025-03-24 22:02:29,092 ERROR [com.alibaba.nacos.client.Worker.longPolling.fixed-192.168.128.130_8848-xczx][ClientWorker.java:580] - longPolling error : 
java.net.ConnectException: [NACOS HTTP-POST] The maximum number of tolerable server reconnection errors has been reached
	at com.alibaba.nacos.client.config.http.ServerHttpAgent.httpPost(ServerHttpAgent.java:181)
	at com.alibaba.nacos.client.config.http.MetricsHttpAgent.httpPost(MetricsHttpAgent.java:67)
	at com.alibaba.nacos.client.config.impl.ClientWorker.checkUpdateConfigStr(ClientWorker.java:380)
	at com.alibaba.nacos.client.config.impl.ClientWorker.checkUpdateDataIds(ClientWorker.java:347)
	at com.alibaba.nacos.client.config.impl.ClientWorker$LongPollingRunnable.run(ClientWorker.java:535)
	at java.util.concurrent.Executors$RunnableAdapter.call(Executors.java:511)
	at java.util.concurrent.FutureTask.run(FutureTask.java:266)
	at java.util.concurrent.ScheduledThreadPoolExecutor$ScheduledFutureTask.access$201(ScheduledThreadPoolExecutor.java:180)
	at java.util.concurrent.ScheduledThreadPoolExecutor$ScheduledFutureTask.run(ScheduledThreadPoolExecutor.java:293)
	at java.util.concurrent.ThreadPoolExecutor.runWorker(ThreadPoolExecutor.java:1142)
	at java.util.concurrent.ThreadPoolExecutor$Worker.run(ThreadPoolExecutor.java:617)
	at java.lang.Thread.run(Thread.java:748)
2025-03-24 22:02:30,613 ERROR [com.alibaba.nacos.naming.beat.sender][NamingProxy.java:617] - [NA] failed to request
java.net.SocketTimeoutException: connect timed out
	at java.net.DualStackPlainSocketImpl.waitForConnect(Native Method)
	at java.net.DualStackPlainSocketImpl.socketConnect(DualStackPlainSocketImpl.java:85)
	at java.net.AbstractPlainSocketImpl.doConnect(AbstractPlainSocketImpl.java:350)
	at java.net.AbstractPlainSocketImpl.connectToAddress(AbstractPlainSocketImpl.java:206)
	at java.net.AbstractPlainSocketImpl.connect(AbstractPlainSocketImpl.java:188)
	at java.net.PlainSocketImpl.connect(PlainSocketImpl.java:172)
	at java.net.SocksSocketImpl.connect(SocksSocketImpl.java:392)
	at java.net.Socket.connect(Socket.java:589)
	at sun.net.NetworkClient.doConnect(NetworkClient.java:175)
	at sun.net.www.http.HttpClient.openServer(HttpClient.java:463)
	at sun.net.www.http.HttpClient.openServer(HttpClient.java:558)
	at sun.net.www.http.HttpClient.<init>(HttpClient.java:242)
	at sun.net.www.http.HttpClient.New(HttpClient.java:339)
	at sun.net.www.http.HttpClient.New(HttpClient.java:357)
	at sun.net.www.protocol.http.HttpURLConnection.getNewHttpClient(HttpURLConnection.java:1202)
	at sun.net.www.protocol.http.HttpURLConnection.plainConnect0(HttpURLConnection.java:1138)
	at sun.net.www.protocol.http.HttpURLConnection.plainConnect(HttpURLConnection.java:1032)
	at sun.net.www.protocol.http.HttpURLConnection.connect(HttpURLConnection.java:966)
	at com.alibaba.nacos.common.http.client.request.JdkHttpClientRequest.execute(JdkHttpClientRequest.java:112)
	at com.alibaba.nacos.common.http.client.NacosRestTemplate.execute(NacosRestTemplate.java:482)
	at com.alibaba.nacos.common.http.client.NacosRestTemplate.exchangeForm(NacosRestTemplate.java:427)
	at com.alibaba.nacos.client.naming.net.NamingProxy.callServer(NamingProxy.java:603)
	at com.alibaba.nacos.client.naming.net.NamingProxy.reqApi(NamingProxy.java:526)
	at com.alibaba.nacos.client.naming.net.NamingProxy.reqApi(NamingProxy.java:498)
	at com.alibaba.nacos.client.naming.net.NamingProxy.sendBeat(NamingProxy.java:433)
	at com.alibaba.nacos.client.naming.beat.BeatReactor$BeatTask.run(BeatReactor.java:167)
	at java.util.concurrent.Executors$RunnableAdapter.call(Executors.java:511)
	at java.util.concurrent.FutureTask.run(FutureTask.java:266)
	at java.util.concurrent.ScheduledThreadPoolExecutor$ScheduledFutureTask.access$201(ScheduledThreadPoolExecutor.java:180)
	at java.util.concurrent.ScheduledThreadPoolExecutor$ScheduledFutureTask.run(ScheduledThreadPoolExecutor.java:293)
	at java.util.concurrent.ThreadPoolExecutor.runWorker(ThreadPoolExecutor.java:1142)
	at java.util.concurrent.ThreadPoolExecutor$Worker.run(ThreadPoolExecutor.java:617)
	at java.lang.Thread.run(Thread.java:748)
2025-03-24 22:02:30,615 ERROR [com.alibaba.nacos.naming.beat.sender][NamingProxy.java:552] - request: /nacos/v1/ns/instance/beat failed, servers: [192.168.128.130:8848], code: 500, msg: connect timed out
2025-03-24 22:02:30,615 ERROR [com.alibaba.nacos.naming.beat.sender][BeatReactor.java:198] - [CLIENT-BEAT] failed to send beat: {"port":63045,"ip":"10.65.24.129","weight":1.0,"serviceName":"group001@@system-service","cluster":"DEFAULT","metadata":{"preserved.register.source":"SPRING_CLOUD"},"scheduled":false,"period":5000,"stopped":false}, code: 500, msg: failed to req API:/nacos/v1/ns/instance/beat after all servers([192.168.128.130:8848]) tried: java.net.SocketTimeoutException: connect timed out
2025-03-24 22:02:34,107 ERROR [com.alibaba.nacos.client.Worker.longPolling.fixed-192.168.128.130_8848-xczx][ServerHttpAgent.java:169] - [NACOS SocketTimeoutException httpPost] currentServerAddr: http://192.168.128.130:8848， err : connect timed out
2025-03-24 22:02:37,112 ERROR [com.alibaba.nacos.client.Worker.longPolling.fixed-192.168.128.130_8848-xczx][ServerHttpAgent.java:169] - [NACOS SocketTimeoutException httpPost] currentServerAddr: http://192.168.128.130:8848， err : connect timed out
2025-03-24 22:02:38,642 ERROR [com.alibaba.nacos.naming.beat.sender][NamingProxy.java:617] - [NA] failed to request
java.net.SocketTimeoutException: connect timed out
	at java.net.DualStackPlainSocketImpl.waitForConnect(Native Method)
	at java.net.DualStackPlainSocketImpl.socketConnect(DualStackPlainSocketImpl.java:85)
	at java.net.AbstractPlainSocketImpl.doConnect(AbstractPlainSocketImpl.java:350)
	at java.net.AbstractPlainSocketImpl.connectToAddress(AbstractPlainSocketImpl.java:206)
	at java.net.AbstractPlainSocketImpl.connect(AbstractPlainSocketImpl.java:188)
	at java.net.PlainSocketImpl.connect(PlainSocketImpl.java:172)
	at java.net.SocksSocketImpl.connect(SocksSocketImpl.java:392)
	at java.net.Socket.connect(Socket.java:589)
	at sun.net.NetworkClient.doConnect(NetworkClient.java:175)
	at sun.net.www.http.HttpClient.openServer(HttpClient.java:463)
	at sun.net.www.http.HttpClient.openServer(HttpClient.java:558)
	at sun.net.www.http.HttpClient.<init>(HttpClient.java:242)
	at sun.net.www.http.HttpClient.New(HttpClient.java:339)
	at sun.net.www.http.HttpClient.New(HttpClient.java:357)
	at sun.net.www.protocol.http.HttpURLConnection.getNewHttpClient(HttpURLConnection.java:1202)
	at sun.net.www.protocol.http.HttpURLConnection.plainConnect0(HttpURLConnection.java:1138)
	at sun.net.www.protocol.http.HttpURLConnection.plainConnect(HttpURLConnection.java:1032)
	at sun.net.www.protocol.http.HttpURLConnection.connect(HttpURLConnection.java:966)
	at com.alibaba.nacos.common.http.client.request.JdkHttpClientRequest.execute(JdkHttpClientRequest.java:112)
	at com.alibaba.nacos.common.http.client.NacosRestTemplate.execute(NacosRestTemplate.java:482)
	at com.alibaba.nacos.common.http.client.NacosRestTemplate.exchangeForm(NacosRestTemplate.java:427)
	at com.alibaba.nacos.client.naming.net.NamingProxy.callServer(NamingProxy.java:603)
	at com.alibaba.nacos.client.naming.net.NamingProxy.reqApi(NamingProxy.java:526)
	at com.alibaba.nacos.client.naming.net.NamingProxy.reqApi(NamingProxy.java:498)
	at com.alibaba.nacos.client.naming.net.NamingProxy.sendBeat(NamingProxy.java:433)
	at com.alibaba.nacos.client.naming.beat.BeatReactor$BeatTask.run(BeatReactor.java:167)
	at java.util.concurrent.Executors$RunnableAdapter.call(Executors.java:511)
	at java.util.concurrent.FutureTask.run(FutureTask.java:266)
	at java.util.concurrent.ScheduledThreadPoolExecutor$ScheduledFutureTask.access$201(ScheduledThreadPoolExecutor.java:180)
	at java.util.concurrent.ScheduledThreadPoolExecutor$ScheduledFutureTask.run(ScheduledThreadPoolExecutor.java:293)
	at java.util.concurrent.ThreadPoolExecutor.runWorker(ThreadPoolExecutor.java:1142)
	at java.util.concurrent.ThreadPoolExecutor$Worker.run(ThreadPoolExecutor.java:617)
	at java.lang.Thread.run(Thread.java:748)
2025-03-24 22:02:40,129 ERROR [com.alibaba.nacos.client.Worker.longPolling.fixed-192.168.128.130_8848-xczx][ServerHttpAgent.java:169] - [NACOS SocketTimeoutException httpPost] currentServerAddr: http://192.168.128.130:8848， err : connect timed out
2025-03-24 22:02:41,647 ERROR [com.alibaba.nacos.naming.beat.sender][NamingProxy.java:617] - [NA] failed to request
java.net.SocketTimeoutException: connect timed out
	at java.net.DualStackPlainSocketImpl.waitForConnect(Native Method)
	at java.net.DualStackPlainSocketImpl.socketConnect(DualStackPlainSocketImpl.java:85)
	at java.net.AbstractPlainSocketImpl.doConnect(AbstractPlainSocketImpl.java:350)
	at java.net.AbstractPlainSocketImpl.connectToAddress(AbstractPlainSocketImpl.java:206)
	at java.net.AbstractPlainSocketImpl.connect(AbstractPlainSocketImpl.java:188)
	at java.net.PlainSocketImpl.connect(PlainSocketImpl.java:172)
	at java.net.SocksSocketImpl.connect(SocksSocketImpl.java:392)
	at java.net.Socket.connect(Socket.java:589)
	at sun.net.NetworkClient.doConnect(NetworkClient.java:175)
	at sun.net.www.http.HttpClient.openServer(HttpClient.java:463)
	at sun.net.www.http.HttpClient.openServer(HttpClient.java:558)
	at sun.net.www.http.HttpClient.<init>(HttpClient.java:242)
	at sun.net.www.http.HttpClient.New(HttpClient.java:339)
	at sun.net.www.http.HttpClient.New(HttpClient.java:357)
	at sun.net.www.protocol.http.HttpURLConnection.getNewHttpClient(HttpURLConnection.java:1202)
	at sun.net.www.protocol.http.HttpURLConnection.plainConnect0(HttpURLConnection.java:1138)
	at sun.net.www.protocol.http.HttpURLConnection.plainConnect(HttpURLConnection.java:1032)
	at sun.net.www.protocol.http.HttpURLConnection.connect(HttpURLConnection.java:966)
	at com.alibaba.nacos.common.http.client.request.JdkHttpClientRequest.execute(JdkHttpClientRequest.java:112)
	at com.alibaba.nacos.common.http.client.NacosRestTemplate.execute(NacosRestTemplate.java:482)
	at com.alibaba.nacos.common.http.client.NacosRestTemplate.exchangeForm(NacosRestTemplate.java:427)
	at com.alibaba.nacos.client.naming.net.NamingProxy.callServer(NamingProxy.java:603)
	at com.alibaba.nacos.client.naming.net.NamingProxy.reqApi(NamingProxy.java:526)
	at com.alibaba.nacos.client.naming.net.NamingProxy.reqApi(NamingProxy.java:498)
	at com.alibaba.nacos.client.naming.net.NamingProxy.sendBeat(NamingProxy.java:433)
	at com.alibaba.nacos.client.naming.beat.BeatReactor$BeatTask.run(BeatReactor.java:167)
	at java.util.concurrent.Executors$RunnableAdapter.call(Executors.java:511)
	at java.util.concurrent.FutureTask.run(FutureTask.java:266)
	at java.util.concurrent.ScheduledThreadPoolExecutor$ScheduledFutureTask.access$201(ScheduledThreadPoolExecutor.java:180)
	at java.util.concurrent.ScheduledThreadPoolExecutor$ScheduledFutureTask.run(ScheduledThreadPoolExecutor.java:293)
	at java.util.concurrent.ThreadPoolExecutor.runWorker(ThreadPoolExecutor.java:1142)
	at java.util.concurrent.ThreadPoolExecutor$Worker.run(ThreadPoolExecutor.java:617)
	at java.lang.Thread.run(Thread.java:748)
2025-03-24 22:02:43,146 ERROR [com.alibaba.nacos.client.Worker.longPolling.fixed-192.168.128.130_8848-xczx][ServerHttpAgent.java:169] - [NACOS SocketTimeoutException httpPost] currentServerAddr: http://192.168.128.130:8848， err : connect timed out
2025-03-24 22:02:43,146 ERROR [com.alibaba.nacos.client.Worker.longPolling.fixed-192.168.128.130_8848-xczx][ClientWorker.java:393] - [fixed-192.168.128.130_8848-xczx] [check-update] get changed dataId exception
java.net.ConnectException: [NACOS HTTP-POST] The maximum number of tolerable server reconnection errors has been reached
	at com.alibaba.nacos.client.config.http.ServerHttpAgent.httpPost(ServerHttpAgent.java:181)
	at com.alibaba.nacos.client.config.http.MetricsHttpAgent.httpPost(MetricsHttpAgent.java:67)
	at com.alibaba.nacos.client.config.impl.ClientWorker.checkUpdateConfigStr(ClientWorker.java:380)
	at com.alibaba.nacos.client.config.impl.ClientWorker.checkUpdateDataIds(ClientWorker.java:347)
	at com.alibaba.nacos.client.config.impl.ClientWorker$LongPollingRunnable.run(ClientWorker.java:535)
	at java.util.concurrent.Executors$RunnableAdapter.call(Executors.java:511)
	at java.util.concurrent.FutureTask.run(FutureTask.java:266)
	at java.util.concurrent.ScheduledThreadPoolExecutor$ScheduledFutureTask.access$201(ScheduledThreadPoolExecutor.java:180)
	at java.util.concurrent.ScheduledThreadPoolExecutor$ScheduledFutureTask.run(ScheduledThreadPoolExecutor.java:293)
	at java.util.concurrent.ThreadPoolExecutor.runWorker(ThreadPoolExecutor.java:1142)
	at java.util.concurrent.ThreadPoolExecutor$Worker.run(ThreadPoolExecutor.java:617)
	at java.lang.Thread.run(Thread.java:748)
2025-03-24 22:02:43,146 ERROR [com.alibaba.nacos.client.Worker.longPolling.fixed-192.168.128.130_8848-xczx][ClientWorker.java:580] - longPolling error : 
java.net.ConnectException: [NACOS HTTP-POST] The maximum number of tolerable server reconnection errors has been reached
	at com.alibaba.nacos.client.config.http.ServerHttpAgent.httpPost(ServerHttpAgent.java:181)
	at com.alibaba.nacos.client.config.http.MetricsHttpAgent.httpPost(MetricsHttpAgent.java:67)
	at com.alibaba.nacos.client.config.impl.ClientWorker.checkUpdateConfigStr(ClientWorker.java:380)
	at com.alibaba.nacos.client.config.impl.ClientWorker.checkUpdateDataIds(ClientWorker.java:347)
	at com.alibaba.nacos.client.config.impl.ClientWorker$LongPollingRunnable.run(ClientWorker.java:535)
	at java.util.concurrent.Executors$RunnableAdapter.call(Executors.java:511)
	at java.util.concurrent.FutureTask.run(FutureTask.java:266)
	at java.util.concurrent.ScheduledThreadPoolExecutor$ScheduledFutureTask.access$201(ScheduledThreadPoolExecutor.java:180)
	at java.util.concurrent.ScheduledThreadPoolExecutor$ScheduledFutureTask.run(ScheduledThreadPoolExecutor.java:293)
	at java.util.concurrent.ThreadPoolExecutor.runWorker(ThreadPoolExecutor.java:1142)
	at java.util.concurrent.ThreadPoolExecutor$Worker.run(ThreadPoolExecutor.java:617)
	at java.lang.Thread.run(Thread.java:748)
2025-03-24 22:02:44,664 ERROR [com.alibaba.nacos.naming.beat.sender][NamingProxy.java:617] - [NA] failed to request
java.net.SocketTimeoutException: connect timed out
	at java.net.DualStackPlainSocketImpl.waitForConnect(Native Method)
	at java.net.DualStackPlainSocketImpl.socketConnect(DualStackPlainSocketImpl.java:85)
	at java.net.AbstractPlainSocketImpl.doConnect(AbstractPlainSocketImpl.java:350)
	at java.net.AbstractPlainSocketImpl.connectToAddress(AbstractPlainSocketImpl.java:206)
	at java.net.AbstractPlainSocketImpl.connect(AbstractPlainSocketImpl.java:188)
	at java.net.PlainSocketImpl.connect(PlainSocketImpl.java:172)
	at java.net.SocksSocketImpl.connect(SocksSocketImpl.java:392)
	at java.net.Socket.connect(Socket.java:589)
	at sun.net.NetworkClient.doConnect(NetworkClient.java:175)
	at sun.net.www.http.HttpClient.openServer(HttpClient.java:463)
	at sun.net.www.http.HttpClient.openServer(HttpClient.java:558)
	at sun.net.www.http.HttpClient.<init>(HttpClient.java:242)
	at sun.net.www.http.HttpClient.New(HttpClient.java:339)
	at sun.net.www.http.HttpClient.New(HttpClient.java:357)
	at sun.net.www.protocol.http.HttpURLConnection.getNewHttpClient(HttpURLConnection.java:1202)
	at sun.net.www.protocol.http.HttpURLConnection.plainConnect0(HttpURLConnection.java:1138)
	at sun.net.www.protocol.http.HttpURLConnection.plainConnect(HttpURLConnection.java:1032)
	at sun.net.www.protocol.http.HttpURLConnection.connect(HttpURLConnection.java:966)
	at com.alibaba.nacos.common.http.client.request.JdkHttpClientRequest.execute(JdkHttpClientRequest.java:112)
	at com.alibaba.nacos.common.http.client.NacosRestTemplate.execute(NacosRestTemplate.java:482)
	at com.alibaba.nacos.common.http.client.NacosRestTemplate.exchangeForm(NacosRestTemplate.java:427)
	at com.alibaba.nacos.client.naming.net.NamingProxy.callServer(NamingProxy.java:603)
	at com.alibaba.nacos.client.naming.net.NamingProxy.reqApi(NamingProxy.java:526)
	at com.alibaba.nacos.client.naming.net.NamingProxy.reqApi(NamingProxy.java:498)
	at com.alibaba.nacos.client.naming.net.NamingProxy.sendBeat(NamingProxy.java:433)
	at com.alibaba.nacos.client.naming.beat.BeatReactor$BeatTask.run(BeatReactor.java:167)
	at java.util.concurrent.Executors$RunnableAdapter.call(Executors.java:511)
	at java.util.concurrent.FutureTask.run(FutureTask.java:266)
	at java.util.concurrent.ScheduledThreadPoolExecutor$ScheduledFutureTask.access$201(ScheduledThreadPoolExecutor.java:180)
	at java.util.concurrent.ScheduledThreadPoolExecutor$ScheduledFutureTask.run(ScheduledThreadPoolExecutor.java:293)
	at java.util.concurrent.ThreadPoolExecutor.runWorker(ThreadPoolExecutor.java:1142)
	at java.util.concurrent.ThreadPoolExecutor$Worker.run(ThreadPoolExecutor.java:617)
	at java.lang.Thread.run(Thread.java:748)
2025-03-24 22:02:44,666 ERROR [com.alibaba.nacos.naming.beat.sender][NamingProxy.java:552] - request: /nacos/v1/ns/instance/beat failed, servers: [192.168.128.130:8848], code: 500, msg: connect timed out
2025-03-24 22:02:44,666 ERROR [com.alibaba.nacos.naming.beat.sender][BeatReactor.java:198] - [CLIENT-BEAT] failed to send beat: {"port":63045,"ip":"10.65.24.129","weight":1.0,"serviceName":"group001@@system-service","cluster":"DEFAULT","metadata":{"preserved.register.source":"SPRING_CLOUD"},"scheduled":false,"period":5000,"stopped":false}, code: 500, msg: failed to req API:/nacos/v1/ns/instance/beat after all servers([192.168.128.130:8848]) tried: java.net.SocketTimeoutException: connect timed out
2025-03-24 22:02:48,164 ERROR [com.alibaba.nacos.client.Worker.longPolling.fixed-192.168.128.130_8848-xczx][ServerHttpAgent.java:169] - [NACOS SocketTimeoutException httpPost] currentServerAddr: http://192.168.128.130:8848， err : connect timed out
2025-03-24 22:02:51,179 ERROR [com.alibaba.nacos.client.Worker.longPolling.fixed-192.168.128.130_8848-xczx][ServerHttpAgent.java:169] - [NACOS SocketTimeoutException httpPost] currentServerAddr: http://192.168.128.130:8848， err : connect timed out
2025-03-24 22:02:52,697 ERROR [com.alibaba.nacos.naming.beat.sender][NamingProxy.java:617] - [NA] failed to request
java.net.SocketTimeoutException: connect timed out
	at java.net.DualStackPlainSocketImpl.waitForConnect(Native Method)
	at java.net.DualStackPlainSocketImpl.socketConnect(DualStackPlainSocketImpl.java:85)
	at java.net.AbstractPlainSocketImpl.doConnect(AbstractPlainSocketImpl.java:350)
	at java.net.AbstractPlainSocketImpl.connectToAddress(AbstractPlainSocketImpl.java:206)
	at java.net.AbstractPlainSocketImpl.connect(AbstractPlainSocketImpl.java:188)
	at java.net.PlainSocketImpl.connect(PlainSocketImpl.java:172)
	at java.net.SocksSocketImpl.connect(SocksSocketImpl.java:392)
	at java.net.Socket.connect(Socket.java:589)
	at sun.net.NetworkClient.doConnect(NetworkClient.java:175)
	at sun.net.www.http.HttpClient.openServer(HttpClient.java:463)
	at sun.net.www.http.HttpClient.openServer(HttpClient.java:558)
	at sun.net.www.http.HttpClient.<init>(HttpClient.java:242)
	at sun.net.www.http.HttpClient.New(HttpClient.java:339)
	at sun.net.www.http.HttpClient.New(HttpClient.java:357)
	at sun.net.www.protocol.http.HttpURLConnection.getNewHttpClient(HttpURLConnection.java:1202)
	at sun.net.www.protocol.http.HttpURLConnection.plainConnect0(HttpURLConnection.java:1138)
	at sun.net.www.protocol.http.HttpURLConnection.plainConnect(HttpURLConnection.java:1032)
	at sun.net.www.protocol.http.HttpURLConnection.connect(HttpURLConnection.java:966)
	at com.alibaba.nacos.common.http.client.request.JdkHttpClientRequest.execute(JdkHttpClientRequest.java:112)
	at com.alibaba.nacos.common.http.client.NacosRestTemplate.execute(NacosRestTemplate.java:482)
	at com.alibaba.nacos.common.http.client.NacosRestTemplate.exchangeForm(NacosRestTemplate.java:427)
	at com.alibaba.nacos.client.naming.net.NamingProxy.callServer(NamingProxy.java:603)
	at com.alibaba.nacos.client.naming.net.NamingProxy.reqApi(NamingProxy.java:526)
	at com.alibaba.nacos.client.naming.net.NamingProxy.reqApi(NamingProxy.java:498)
	at com.alibaba.nacos.client.naming.net.NamingProxy.sendBeat(NamingProxy.java:433)
	at com.alibaba.nacos.client.naming.beat.BeatReactor$BeatTask.run(BeatReactor.java:167)
	at java.util.concurrent.Executors$RunnableAdapter.call(Executors.java:511)
	at java.util.concurrent.FutureTask.run(FutureTask.java:266)
	at java.util.concurrent.ScheduledThreadPoolExecutor$ScheduledFutureTask.access$201(ScheduledThreadPoolExecutor.java:180)
	at java.util.concurrent.ScheduledThreadPoolExecutor$ScheduledFutureTask.run(ScheduledThreadPoolExecutor.java:293)
	at java.util.concurrent.ThreadPoolExecutor.runWorker(ThreadPoolExecutor.java:1142)
	at java.util.concurrent.ThreadPoolExecutor$Worker.run(ThreadPoolExecutor.java:617)
	at java.lang.Thread.run(Thread.java:748)
2025-03-24 22:02:54,184 ERROR [com.alibaba.nacos.client.Worker.longPolling.fixed-192.168.128.130_8848-xczx][ServerHttpAgent.java:169] - [NACOS SocketTimeoutException httpPost] currentServerAddr: http://192.168.128.130:8848， err : connect timed out
2025-03-24 22:02:55,701 ERROR [com.alibaba.nacos.naming.beat.sender][NamingProxy.java:617] - [NA] failed to request
java.net.SocketTimeoutException: connect timed out
	at java.net.DualStackPlainSocketImpl.waitForConnect(Native Method)
	at java.net.DualStackPlainSocketImpl.socketConnect(DualStackPlainSocketImpl.java:85)
	at java.net.AbstractPlainSocketImpl.doConnect(AbstractPlainSocketImpl.java:350)
	at java.net.AbstractPlainSocketImpl.connectToAddress(AbstractPlainSocketImpl.java:206)
	at java.net.AbstractPlainSocketImpl.connect(AbstractPlainSocketImpl.java:188)
	at java.net.PlainSocketImpl.connect(PlainSocketImpl.java:172)
	at java.net.SocksSocketImpl.connect(SocksSocketImpl.java:392)
	at java.net.Socket.connect(Socket.java:589)
	at sun.net.NetworkClient.doConnect(NetworkClient.java:175)
	at sun.net.www.http.HttpClient.openServer(HttpClient.java:463)
	at sun.net.www.http.HttpClient.openServer(HttpClient.java:558)
	at sun.net.www.http.HttpClient.<init>(HttpClient.java:242)
	at sun.net.www.http.HttpClient.New(HttpClient.java:339)
	at sun.net.www.http.HttpClient.New(HttpClient.java:357)
	at sun.net.www.protocol.http.HttpURLConnection.getNewHttpClient(HttpURLConnection.java:1202)
	at sun.net.www.protocol.http.HttpURLConnection.plainConnect0(HttpURLConnection.java:1138)
	at sun.net.www.protocol.http.HttpURLConnection.plainConnect(HttpURLConnection.java:1032)
	at sun.net.www.protocol.http.HttpURLConnection.connect(HttpURLConnection.java:966)
	at com.alibaba.nacos.common.http.client.request.JdkHttpClientRequest.execute(JdkHttpClientRequest.java:112)
	at com.alibaba.nacos.common.http.client.NacosRestTemplate.execute(NacosRestTemplate.java:482)
	at com.alibaba.nacos.common.http.client.NacosRestTemplate.exchangeForm(NacosRestTemplate.java:427)
	at com.alibaba.nacos.client.naming.net.NamingProxy.callServer(NamingProxy.java:603)
	at com.alibaba.nacos.client.naming.net.NamingProxy.reqApi(NamingProxy.java:526)
	at com.alibaba.nacos.client.naming.net.NamingProxy.reqApi(NamingProxy.java:498)
	at com.alibaba.nacos.client.naming.net.NamingProxy.sendBeat(NamingProxy.java:433)
	at com.alibaba.nacos.client.naming.beat.BeatReactor$BeatTask.run(BeatReactor.java:167)
	at java.util.concurrent.Executors$RunnableAdapter.call(Executors.java:511)
	at java.util.concurrent.FutureTask.run(FutureTask.java:266)
	at java.util.concurrent.ScheduledThreadPoolExecutor$ScheduledFutureTask.access$201(ScheduledThreadPoolExecutor.java:180)
	at java.util.concurrent.ScheduledThreadPoolExecutor$ScheduledFutureTask.run(ScheduledThreadPoolExecutor.java:293)
	at java.util.concurrent.ThreadPoolExecutor.runWorker(ThreadPoolExecutor.java:1142)
	at java.util.concurrent.ThreadPoolExecutor$Worker.run(ThreadPoolExecutor.java:617)
	at java.lang.Thread.run(Thread.java:748)
2025-03-24 22:02:57,201 ERROR [com.alibaba.nacos.client.Worker.longPolling.fixed-192.168.128.130_8848-xczx][ServerHttpAgent.java:169] - [NACOS SocketTimeoutException httpPost] currentServerAddr: http://192.168.128.130:8848， err : connect timed out
2025-03-24 22:02:57,201 ERROR [com.alibaba.nacos.client.Worker.longPolling.fixed-192.168.128.130_8848-xczx][ClientWorker.java:393] - [fixed-192.168.128.130_8848-xczx] [check-update] get changed dataId exception
java.net.ConnectException: [NACOS HTTP-POST] The maximum number of tolerable server reconnection errors has been reached
	at com.alibaba.nacos.client.config.http.ServerHttpAgent.httpPost(ServerHttpAgent.java:181)
	at com.alibaba.nacos.client.config.http.MetricsHttpAgent.httpPost(MetricsHttpAgent.java:67)
	at com.alibaba.nacos.client.config.impl.ClientWorker.checkUpdateConfigStr(ClientWorker.java:380)
	at com.alibaba.nacos.client.config.impl.ClientWorker.checkUpdateDataIds(ClientWorker.java:347)
	at com.alibaba.nacos.client.config.impl.ClientWorker$LongPollingRunnable.run(ClientWorker.java:535)
	at java.util.concurrent.Executors$RunnableAdapter.call(Executors.java:511)
	at java.util.concurrent.FutureTask.run(FutureTask.java:266)
	at java.util.concurrent.ScheduledThreadPoolExecutor$ScheduledFutureTask.access$201(ScheduledThreadPoolExecutor.java:180)
	at java.util.concurrent.ScheduledThreadPoolExecutor$ScheduledFutureTask.run(ScheduledThreadPoolExecutor.java:293)
	at java.util.concurrent.ThreadPoolExecutor.runWorker(ThreadPoolExecutor.java:1142)
	at java.util.concurrent.ThreadPoolExecutor$Worker.run(ThreadPoolExecutor.java:617)
	at java.lang.Thread.run(Thread.java:748)
2025-03-24 22:02:57,202 ERROR [com.alibaba.nacos.client.Worker.longPolling.fixed-192.168.128.130_8848-xczx][ClientWorker.java:580] - longPolling error : 
java.net.ConnectException: [NACOS HTTP-POST] The maximum number of tolerable server reconnection errors has been reached
	at com.alibaba.nacos.client.config.http.ServerHttpAgent.httpPost(ServerHttpAgent.java:181)
	at com.alibaba.nacos.client.config.http.MetricsHttpAgent.httpPost(MetricsHttpAgent.java:67)
	at com.alibaba.nacos.client.config.impl.ClientWorker.checkUpdateConfigStr(ClientWorker.java:380)
	at com.alibaba.nacos.client.config.impl.ClientWorker.checkUpdateDataIds(ClientWorker.java:347)
	at com.alibaba.nacos.client.config.impl.ClientWorker$LongPollingRunnable.run(ClientWorker.java:535)
	at java.util.concurrent.Executors$RunnableAdapter.call(Executors.java:511)
	at java.util.concurrent.FutureTask.run(FutureTask.java:266)
	at java.util.concurrent.ScheduledThreadPoolExecutor$ScheduledFutureTask.access$201(ScheduledThreadPoolExecutor.java:180)
	at java.util.concurrent.ScheduledThreadPoolExecutor$ScheduledFutureTask.run(ScheduledThreadPoolExecutor.java:293)
	at java.util.concurrent.ThreadPoolExecutor.runWorker(ThreadPoolExecutor.java:1142)
	at java.util.concurrent.ThreadPoolExecutor$Worker.run(ThreadPoolExecutor.java:617)
	at java.lang.Thread.run(Thread.java:748)
2025-03-24 22:02:58,721 ERROR [com.alibaba.nacos.naming.beat.sender][NamingProxy.java:617] - [NA] failed to request
java.net.SocketTimeoutException: connect timed out
	at java.net.DualStackPlainSocketImpl.waitForConnect(Native Method)
	at java.net.DualStackPlainSocketImpl.socketConnect(DualStackPlainSocketImpl.java:85)
	at java.net.AbstractPlainSocketImpl.doConnect(AbstractPlainSocketImpl.java:350)
	at java.net.AbstractPlainSocketImpl.connectToAddress(AbstractPlainSocketImpl.java:206)
	at java.net.AbstractPlainSocketImpl.connect(AbstractPlainSocketImpl.java:188)
	at java.net.PlainSocketImpl.connect(PlainSocketImpl.java:172)
	at java.net.SocksSocketImpl.connect(SocksSocketImpl.java:392)
	at java.net.Socket.connect(Socket.java:589)
	at sun.net.NetworkClient.doConnect(NetworkClient.java:175)
	at sun.net.www.http.HttpClient.openServer(HttpClient.java:463)
	at sun.net.www.http.HttpClient.openServer(HttpClient.java:558)
	at sun.net.www.http.HttpClient.<init>(HttpClient.java:242)
	at sun.net.www.http.HttpClient.New(HttpClient.java:339)
	at sun.net.www.http.HttpClient.New(HttpClient.java:357)
	at sun.net.www.protocol.http.HttpURLConnection.getNewHttpClient(HttpURLConnection.java:1202)
	at sun.net.www.protocol.http.HttpURLConnection.plainConnect0(HttpURLConnection.java:1138)
	at sun.net.www.protocol.http.HttpURLConnection.plainConnect(HttpURLConnection.java:1032)
	at sun.net.www.protocol.http.HttpURLConnection.connect(HttpURLConnection.java:966)
	at com.alibaba.nacos.common.http.client.request.JdkHttpClientRequest.execute(JdkHttpClientRequest.java:112)
	at com.alibaba.nacos.common.http.client.NacosRestTemplate.execute(NacosRestTemplate.java:482)
	at com.alibaba.nacos.common.http.client.NacosRestTemplate.exchangeForm(NacosRestTemplate.java:427)
	at com.alibaba.nacos.client.naming.net.NamingProxy.callServer(NamingProxy.java:603)
	at com.alibaba.nacos.client.naming.net.NamingProxy.reqApi(NamingProxy.java:526)
	at com.alibaba.nacos.client.naming.net.NamingProxy.reqApi(NamingProxy.java:498)
	at com.alibaba.nacos.client.naming.net.NamingProxy.sendBeat(NamingProxy.java:433)
	at com.alibaba.nacos.client.naming.beat.BeatReactor$BeatTask.run(BeatReactor.java:167)
	at java.util.concurrent.Executors$RunnableAdapter.call(Executors.java:511)
	at java.util.concurrent.FutureTask.run(FutureTask.java:266)
	at java.util.concurrent.ScheduledThreadPoolExecutor$ScheduledFutureTask.access$201(ScheduledThreadPoolExecutor.java:180)
	at java.util.concurrent.ScheduledThreadPoolExecutor$ScheduledFutureTask.run(ScheduledThreadPoolExecutor.java:293)
	at java.util.concurrent.ThreadPoolExecutor.runWorker(ThreadPoolExecutor.java:1142)
	at java.util.concurrent.ThreadPoolExecutor$Worker.run(ThreadPoolExecutor.java:617)
	at java.lang.Thread.run(Thread.java:748)
2025-03-24 22:02:58,724 ERROR [com.alibaba.nacos.naming.beat.sender][NamingProxy.java:552] - request: /nacos/v1/ns/instance/beat failed, servers: [192.168.128.130:8848], code: 500, msg: connect timed out
2025-03-24 22:02:58,724 ERROR [com.alibaba.nacos.naming.beat.sender][BeatReactor.java:198] - [CLIENT-BEAT] failed to send beat: {"port":63045,"ip":"10.65.24.129","weight":1.0,"serviceName":"group001@@system-service","cluster":"DEFAULT","metadata":{"preserved.register.source":"SPRING_CLOUD"},"scheduled":false,"period":5000,"stopped":false}, code: 500, msg: failed to req API:/nacos/v1/ns/instance/beat after all servers([192.168.128.130:8848]) tried: java.net.SocketTimeoutException: connect timed out
2025-03-24 22:03:02,230 ERROR [com.alibaba.nacos.client.Worker.longPolling.fixed-192.168.128.130_8848-xczx][ServerHttpAgent.java:169] - [NACOS SocketTimeoutException httpPost] currentServerAddr: http://192.168.128.130:8848， err : connect timed out
2025-03-24 22:03:05,234 ERROR [com.alibaba.nacos.client.Worker.longPolling.fixed-192.168.128.130_8848-xczx][ServerHttpAgent.java:169] - [NACOS SocketTimeoutException httpPost] currentServerAddr: http://192.168.128.130:8848， err : connect timed out
2025-03-24 22:03:06,736 ERROR [com.alibaba.nacos.naming.beat.sender][NamingProxy.java:617] - [NA] failed to request
java.net.SocketTimeoutException: connect timed out
	at java.net.DualStackPlainSocketImpl.waitForConnect(Native Method)
	at java.net.DualStackPlainSocketImpl.socketConnect(DualStackPlainSocketImpl.java:85)
	at java.net.AbstractPlainSocketImpl.doConnect(AbstractPlainSocketImpl.java:350)
	at java.net.AbstractPlainSocketImpl.connectToAddress(AbstractPlainSocketImpl.java:206)
	at java.net.AbstractPlainSocketImpl.connect(AbstractPlainSocketImpl.java:188)
	at java.net.PlainSocketImpl.connect(PlainSocketImpl.java:172)
	at java.net.SocksSocketImpl.connect(SocksSocketImpl.java:392)
	at java.net.Socket.connect(Socket.java:589)
	at sun.net.NetworkClient.doConnect(NetworkClient.java:175)
	at sun.net.www.http.HttpClient.openServer(HttpClient.java:463)
	at sun.net.www.http.HttpClient.openServer(HttpClient.java:558)
	at sun.net.www.http.HttpClient.<init>(HttpClient.java:242)
	at sun.net.www.http.HttpClient.New(HttpClient.java:339)
	at sun.net.www.http.HttpClient.New(HttpClient.java:357)
	at sun.net.www.protocol.http.HttpURLConnection.getNewHttpClient(HttpURLConnection.java:1202)
	at sun.net.www.protocol.http.HttpURLConnection.plainConnect0(HttpURLConnection.java:1138)
	at sun.net.www.protocol.http.HttpURLConnection.plainConnect(HttpURLConnection.java:1032)
	at sun.net.www.protocol.http.HttpURLConnection.connect(HttpURLConnection.java:966)
	at com.alibaba.nacos.common.http.client.request.JdkHttpClientRequest.execute(JdkHttpClientRequest.java:112)
	at com.alibaba.nacos.common.http.client.NacosRestTemplate.execute(NacosRestTemplate.java:482)
	at com.alibaba.nacos.common.http.client.NacosRestTemplate.exchangeForm(NacosRestTemplate.java:427)
	at com.alibaba.nacos.client.naming.net.NamingProxy.callServer(NamingProxy.java:603)
	at com.alibaba.nacos.client.naming.net.NamingProxy.reqApi(NamingProxy.java:526)
	at com.alibaba.nacos.client.naming.net.NamingProxy.reqApi(NamingProxy.java:498)
	at com.alibaba.nacos.client.naming.net.NamingProxy.sendBeat(NamingProxy.java:433)
	at com.alibaba.nacos.client.naming.beat.BeatReactor$BeatTask.run(BeatReactor.java:167)
	at java.util.concurrent.Executors$RunnableAdapter.call(Executors.java:511)
	at java.util.concurrent.FutureTask.run(FutureTask.java:266)
	at java.util.concurrent.ScheduledThreadPoolExecutor$ScheduledFutureTask.access$201(ScheduledThreadPoolExecutor.java:180)
	at java.util.concurrent.ScheduledThreadPoolExecutor$ScheduledFutureTask.run(ScheduledThreadPoolExecutor.java:293)
	at java.util.concurrent.ThreadPoolExecutor.runWorker(ThreadPoolExecutor.java:1142)
	at java.util.concurrent.ThreadPoolExecutor$Worker.run(ThreadPoolExecutor.java:617)
	at java.lang.Thread.run(Thread.java:748)
2025-03-24 22:03:08,238 ERROR [com.alibaba.nacos.client.Worker.longPolling.fixed-192.168.128.130_8848-xczx][ServerHttpAgent.java:169] - [NACOS SocketTimeoutException httpPost] currentServerAddr: http://192.168.128.130:8848， err : connect timed out
2025-03-24 22:03:09,752 ERROR [com.alibaba.nacos.naming.beat.sender][NamingProxy.java:617] - [NA] failed to request
java.net.SocketTimeoutException: connect timed out
	at java.net.DualStackPlainSocketImpl.waitForConnect(Native Method)
	at java.net.DualStackPlainSocketImpl.socketConnect(DualStackPlainSocketImpl.java:85)
	at java.net.AbstractPlainSocketImpl.doConnect(AbstractPlainSocketImpl.java:350)
	at java.net.AbstractPlainSocketImpl.connectToAddress(AbstractPlainSocketImpl.java:206)
	at java.net.AbstractPlainSocketImpl.connect(AbstractPlainSocketImpl.java:188)
	at java.net.PlainSocketImpl.connect(PlainSocketImpl.java:172)
	at java.net.SocksSocketImpl.connect(SocksSocketImpl.java:392)
	at java.net.Socket.connect(Socket.java:589)
	at sun.net.NetworkClient.doConnect(NetworkClient.java:175)
	at sun.net.www.http.HttpClient.openServer(HttpClient.java:463)
	at sun.net.www.http.HttpClient.openServer(HttpClient.java:558)
	at sun.net.www.http.HttpClient.<init>(HttpClient.java:242)
	at sun.net.www.http.HttpClient.New(HttpClient.java:339)
	at sun.net.www.http.HttpClient.New(HttpClient.java:357)
	at sun.net.www.protocol.http.HttpURLConnection.getNewHttpClient(HttpURLConnection.java:1202)
	at sun.net.www.protocol.http.HttpURLConnection.plainConnect0(HttpURLConnection.java:1138)
	at sun.net.www.protocol.http.HttpURLConnection.plainConnect(HttpURLConnection.java:1032)
	at sun.net.www.protocol.http.HttpURLConnection.connect(HttpURLConnection.java:966)
	at com.alibaba.nacos.common.http.client.request.JdkHttpClientRequest.execute(JdkHttpClientRequest.java:112)
	at com.alibaba.nacos.common.http.client.NacosRestTemplate.execute(NacosRestTemplate.java:482)
	at com.alibaba.nacos.common.http.client.NacosRestTemplate.exchangeForm(NacosRestTemplate.java:427)
	at com.alibaba.nacos.client.naming.net.NamingProxy.callServer(NamingProxy.java:603)
	at com.alibaba.nacos.client.naming.net.NamingProxy.reqApi(NamingProxy.java:526)
	at com.alibaba.nacos.client.naming.net.NamingProxy.reqApi(NamingProxy.java:498)
	at com.alibaba.nacos.client.naming.net.NamingProxy.sendBeat(NamingProxy.java:433)
	at com.alibaba.nacos.client.naming.beat.BeatReactor$BeatTask.run(BeatReactor.java:167)
	at java.util.concurrent.Executors$RunnableAdapter.call(Executors.java:511)
	at java.util.concurrent.FutureTask.run(FutureTask.java:266)
	at java.util.concurrent.ScheduledThreadPoolExecutor$ScheduledFutureTask.access$201(ScheduledThreadPoolExecutor.java:180)
	at java.util.concurrent.ScheduledThreadPoolExecutor$ScheduledFutureTask.run(ScheduledThreadPoolExecutor.java:293)
	at java.util.concurrent.ThreadPoolExecutor.runWorker(ThreadPoolExecutor.java:1142)
	at java.util.concurrent.ThreadPoolExecutor$Worker.run(ThreadPoolExecutor.java:617)
	at java.lang.Thread.run(Thread.java:748)
2025-03-24 22:03:11,255 ERROR [com.alibaba.nacos.client.Worker.longPolling.fixed-192.168.128.130_8848-xczx][ServerHttpAgent.java:169] - [NACOS SocketTimeoutException httpPost] currentServerAddr: http://192.168.128.130:8848， err : connect timed out
2025-03-24 22:03:11,257 ERROR [com.alibaba.nacos.client.Worker.longPolling.fixed-192.168.128.130_8848-xczx][ClientWorker.java:393] - [fixed-192.168.128.130_8848-xczx] [check-update] get changed dataId exception
java.net.ConnectException: [NACOS HTTP-POST] The maximum number of tolerable server reconnection errors has been reached
	at com.alibaba.nacos.client.config.http.ServerHttpAgent.httpPost(ServerHttpAgent.java:181)
	at com.alibaba.nacos.client.config.http.MetricsHttpAgent.httpPost(MetricsHttpAgent.java:67)
	at com.alibaba.nacos.client.config.impl.ClientWorker.checkUpdateConfigStr(ClientWorker.java:380)
	at com.alibaba.nacos.client.config.impl.ClientWorker.checkUpdateDataIds(ClientWorker.java:347)
	at com.alibaba.nacos.client.config.impl.ClientWorker$LongPollingRunnable.run(ClientWorker.java:535)
	at java.util.concurrent.Executors$RunnableAdapter.call(Executors.java:511)
	at java.util.concurrent.FutureTask.run(FutureTask.java:266)
	at java.util.concurrent.ScheduledThreadPoolExecutor$ScheduledFutureTask.access$201(ScheduledThreadPoolExecutor.java:180)
	at java.util.concurrent.ScheduledThreadPoolExecutor$ScheduledFutureTask.run(ScheduledThreadPoolExecutor.java:293)
	at java.util.concurrent.ThreadPoolExecutor.runWorker(ThreadPoolExecutor.java:1142)
	at java.util.concurrent.ThreadPoolExecutor$Worker.run(ThreadPoolExecutor.java:617)
	at java.lang.Thread.run(Thread.java:748)
2025-03-24 22:03:11,258 ERROR [com.alibaba.nacos.client.Worker.longPolling.fixed-192.168.128.130_8848-xczx][ClientWorker.java:580] - longPolling error : 
java.net.ConnectException: [NACOS HTTP-POST] The maximum number of tolerable server reconnection errors has been reached
	at com.alibaba.nacos.client.config.http.ServerHttpAgent.httpPost(ServerHttpAgent.java:181)
	at com.alibaba.nacos.client.config.http.MetricsHttpAgent.httpPost(MetricsHttpAgent.java:67)
	at com.alibaba.nacos.client.config.impl.ClientWorker.checkUpdateConfigStr(ClientWorker.java:380)
	at com.alibaba.nacos.client.config.impl.ClientWorker.checkUpdateDataIds(ClientWorker.java:347)
	at com.alibaba.nacos.client.config.impl.ClientWorker$LongPollingRunnable.run(ClientWorker.java:535)
	at java.util.concurrent.Executors$RunnableAdapter.call(Executors.java:511)
	at java.util.concurrent.FutureTask.run(FutureTask.java:266)
	at java.util.concurrent.ScheduledThreadPoolExecutor$ScheduledFutureTask.access$201(ScheduledThreadPoolExecutor.java:180)
	at java.util.concurrent.ScheduledThreadPoolExecutor$ScheduledFutureTask.run(ScheduledThreadPoolExecutor.java:293)
	at java.util.concurrent.ThreadPoolExecutor.runWorker(ThreadPoolExecutor.java:1142)
	at java.util.concurrent.ThreadPoolExecutor$Worker.run(ThreadPoolExecutor.java:617)
	at java.lang.Thread.run(Thread.java:748)
2025-03-24 22:03:12,756 ERROR [com.alibaba.nacos.naming.beat.sender][NamingProxy.java:617] - [NA] failed to request
java.net.SocketTimeoutException: connect timed out
	at java.net.DualStackPlainSocketImpl.waitForConnect(Native Method)
	at java.net.DualStackPlainSocketImpl.socketConnect(DualStackPlainSocketImpl.java:85)
	at java.net.AbstractPlainSocketImpl.doConnect(AbstractPlainSocketImpl.java:350)
	at java.net.AbstractPlainSocketImpl.connectToAddress(AbstractPlainSocketImpl.java:206)
	at java.net.AbstractPlainSocketImpl.connect(AbstractPlainSocketImpl.java:188)
	at java.net.PlainSocketImpl.connect(PlainSocketImpl.java:172)
	at java.net.SocksSocketImpl.connect(SocksSocketImpl.java:392)
	at java.net.Socket.connect(Socket.java:589)
	at sun.net.NetworkClient.doConnect(NetworkClient.java:175)
	at sun.net.www.http.HttpClient.openServer(HttpClient.java:463)
	at sun.net.www.http.HttpClient.openServer(HttpClient.java:558)
	at sun.net.www.http.HttpClient.<init>(HttpClient.java:242)
	at sun.net.www.http.HttpClient.New(HttpClient.java:339)
	at sun.net.www.http.HttpClient.New(HttpClient.java:357)
	at sun.net.www.protocol.http.HttpURLConnection.getNewHttpClient(HttpURLConnection.java:1202)
	at sun.net.www.protocol.http.HttpURLConnection.plainConnect0(HttpURLConnection.java:1138)
	at sun.net.www.protocol.http.HttpURLConnection.plainConnect(HttpURLConnection.java:1032)
	at sun.net.www.protocol.http.HttpURLConnection.connect(HttpURLConnection.java:966)
	at com.alibaba.nacos.common.http.client.request.JdkHttpClientRequest.execute(JdkHttpClientRequest.java:112)
	at com.alibaba.nacos.common.http.client.NacosRestTemplate.execute(NacosRestTemplate.java:482)
	at com.alibaba.nacos.common.http.client.NacosRestTemplate.exchangeForm(NacosRestTemplate.java:427)
	at com.alibaba.nacos.client.naming.net.NamingProxy.callServer(NamingProxy.java:603)
	at com.alibaba.nacos.client.naming.net.NamingProxy.reqApi(NamingProxy.java:526)
	at com.alibaba.nacos.client.naming.net.NamingProxy.reqApi(NamingProxy.java:498)
	at com.alibaba.nacos.client.naming.net.NamingProxy.sendBeat(NamingProxy.java:433)
	at com.alibaba.nacos.client.naming.beat.BeatReactor$BeatTask.run(BeatReactor.java:167)
	at java.util.concurrent.Executors$RunnableAdapter.call(Executors.java:511)
	at java.util.concurrent.FutureTask.run(FutureTask.java:266)
	at java.util.concurrent.ScheduledThreadPoolExecutor$ScheduledFutureTask.access$201(ScheduledThreadPoolExecutor.java:180)
	at java.util.concurrent.ScheduledThreadPoolExecutor$ScheduledFutureTask.run(ScheduledThreadPoolExecutor.java:293)
	at java.util.concurrent.ThreadPoolExecutor.runWorker(ThreadPoolExecutor.java:1142)
	at java.util.concurrent.ThreadPoolExecutor$Worker.run(ThreadPoolExecutor.java:617)
	at java.lang.Thread.run(Thread.java:748)
2025-03-24 22:03:12,757 ERROR [com.alibaba.nacos.naming.beat.sender][NamingProxy.java:552] - request: /nacos/v1/ns/instance/beat failed, servers: [192.168.128.130:8848], code: 500, msg: connect timed out
2025-03-24 22:03:12,757 ERROR [com.alibaba.nacos.naming.beat.sender][BeatReactor.java:198] - [CLIENT-BEAT] failed to send beat: {"port":63045,"ip":"10.65.24.129","weight":1.0,"serviceName":"group001@@system-service","cluster":"DEFAULT","metadata":{"preserved.register.source":"SPRING_CLOUD"},"scheduled":false,"period":5000,"stopped":false}, code: 500, msg: failed to req API:/nacos/v1/ns/instance/beat after all servers([192.168.128.130:8848]) tried: java.net.SocketTimeoutException: connect timed out
2025-03-24 22:03:16,277 ERROR [com.alibaba.nacos.client.Worker.longPolling.fixed-192.168.128.130_8848-xczx][ServerHttpAgent.java:169] - [NACOS SocketTimeoutException httpPost] currentServerAddr: http://192.168.128.130:8848， err : connect timed out
2025-03-24 22:03:19,278 ERROR [com.alibaba.nacos.client.Worker.longPolling.fixed-192.168.128.130_8848-xczx][ServerHttpAgent.java:169] - [NACOS SocketTimeoutException httpPost] currentServerAddr: http://192.168.128.130:8848， err : connect timed out
2025-03-24 22:03:20,767 ERROR [com.alibaba.nacos.naming.beat.sender][NamingProxy.java:617] - [NA] failed to request
java.net.SocketTimeoutException: connect timed out
	at java.net.DualStackPlainSocketImpl.waitForConnect(Native Method)
	at java.net.DualStackPlainSocketImpl.socketConnect(DualStackPlainSocketImpl.java:85)
	at java.net.AbstractPlainSocketImpl.doConnect(AbstractPlainSocketImpl.java:350)
	at java.net.AbstractPlainSocketImpl.connectToAddress(AbstractPlainSocketImpl.java:206)
	at java.net.AbstractPlainSocketImpl.connect(AbstractPlainSocketImpl.java:188)
	at java.net.PlainSocketImpl.connect(PlainSocketImpl.java:172)
	at java.net.SocksSocketImpl.connect(SocksSocketImpl.java:392)
	at java.net.Socket.connect(Socket.java:589)
	at sun.net.NetworkClient.doConnect(NetworkClient.java:175)
	at sun.net.www.http.HttpClient.openServer(HttpClient.java:463)
	at sun.net.www.http.HttpClient.openServer(HttpClient.java:558)
	at sun.net.www.http.HttpClient.<init>(HttpClient.java:242)
	at sun.net.www.http.HttpClient.New(HttpClient.java:339)
	at sun.net.www.http.HttpClient.New(HttpClient.java:357)
	at sun.net.www.protocol.http.HttpURLConnection.getNewHttpClient(HttpURLConnection.java:1202)
	at sun.net.www.protocol.http.HttpURLConnection.plainConnect0(HttpURLConnection.java:1138)
	at sun.net.www.protocol.http.HttpURLConnection.plainConnect(HttpURLConnection.java:1032)
	at sun.net.www.protocol.http.HttpURLConnection.connect(HttpURLConnection.java:966)
	at com.alibaba.nacos.common.http.client.request.JdkHttpClientRequest.execute(JdkHttpClientRequest.java:112)
	at com.alibaba.nacos.common.http.client.NacosRestTemplate.execute(NacosRestTemplate.java:482)
	at com.alibaba.nacos.common.http.client.NacosRestTemplate.exchangeForm(NacosRestTemplate.java:427)
	at com.alibaba.nacos.client.naming.net.NamingProxy.callServer(NamingProxy.java:603)
	at com.alibaba.nacos.client.naming.net.NamingProxy.reqApi(NamingProxy.java:526)
	at com.alibaba.nacos.client.naming.net.NamingProxy.reqApi(NamingProxy.java:498)
	at com.alibaba.nacos.client.naming.net.NamingProxy.sendBeat(NamingProxy.java:433)
	at com.alibaba.nacos.client.naming.beat.BeatReactor$BeatTask.run(BeatReactor.java:167)
	at java.util.concurrent.Executors$RunnableAdapter.call(Executors.java:511)
	at java.util.concurrent.FutureTask.run(FutureTask.java:266)
	at java.util.concurrent.ScheduledThreadPoolExecutor$ScheduledFutureTask.access$201(ScheduledThreadPoolExecutor.java:180)
	at java.util.concurrent.ScheduledThreadPoolExecutor$ScheduledFutureTask.run(ScheduledThreadPoolExecutor.java:293)
	at java.util.concurrent.ThreadPoolExecutor.runWorker(ThreadPoolExecutor.java:1142)
	at java.util.concurrent.ThreadPoolExecutor$Worker.run(ThreadPoolExecutor.java:617)
	at java.lang.Thread.run(Thread.java:748)
2025-03-24 22:03:21,473 ERROR [com.alibaba.nacos.client.naming.updater][NamingProxy.java:617] - [NA] failed to request
java.net.SocketTimeoutException: connect timed out
	at java.net.DualStackPlainSocketImpl.waitForConnect(Native Method)
	at java.net.DualStackPlainSocketImpl.socketConnect(DualStackPlainSocketImpl.java:85)
	at java.net.AbstractPlainSocketImpl.doConnect(AbstractPlainSocketImpl.java:350)
	at java.net.AbstractPlainSocketImpl.connectToAddress(AbstractPlainSocketImpl.java:206)
	at java.net.AbstractPlainSocketImpl.connect(AbstractPlainSocketImpl.java:188)
	at java.net.PlainSocketImpl.connect(PlainSocketImpl.java:172)
	at java.net.SocksSocketImpl.connect(SocksSocketImpl.java:392)
	at java.net.Socket.connect(Socket.java:589)
	at sun.net.NetworkClient.doConnect(NetworkClient.java:175)
	at sun.net.www.http.HttpClient.openServer(HttpClient.java:463)
	at sun.net.www.http.HttpClient.openServer(HttpClient.java:558)
	at sun.net.www.http.HttpClient.<init>(HttpClient.java:242)
	at sun.net.www.http.HttpClient.New(HttpClient.java:339)
	at sun.net.www.http.HttpClient.New(HttpClient.java:357)
	at sun.net.www.protocol.http.HttpURLConnection.getNewHttpClient(HttpURLConnection.java:1202)
	at sun.net.www.protocol.http.HttpURLConnection.plainConnect0(HttpURLConnection.java:1138)
	at sun.net.www.protocol.http.HttpURLConnection.plainConnect(HttpURLConnection.java:1032)
	at sun.net.www.protocol.http.HttpURLConnection.connect(HttpURLConnection.java:966)
	at com.alibaba.nacos.common.http.client.request.JdkHttpClientRequest.execute(JdkHttpClientRequest.java:112)
	at com.alibaba.nacos.common.http.client.NacosRestTemplate.execute(NacosRestTemplate.java:482)
	at com.alibaba.nacos.common.http.client.NacosRestTemplate.exchangeForm(NacosRestTemplate.java:427)
	at com.alibaba.nacos.client.naming.net.NamingProxy.callServer(NamingProxy.java:603)
	at com.alibaba.nacos.client.naming.net.NamingProxy.reqApi(NamingProxy.java:526)
	at com.alibaba.nacos.client.naming.net.NamingProxy.reqApi(NamingProxy.java:498)
	at com.alibaba.nacos.client.naming.net.NamingProxy.reqApi(NamingProxy.java:493)
	at com.alibaba.nacos.client.naming.net.NamingProxy.queryList(NamingProxy.java:407)
	at com.alibaba.nacos.client.naming.core.HostReactor.updateService(HostReactor.java:382)
	at com.alibaba.nacos.client.naming.core.HostReactor$UpdateTask.run(HostReactor.java:464)
	at java.util.concurrent.Executors$RunnableAdapter.call(Executors.java:511)
	at java.util.concurrent.FutureTask.run(FutureTask.java:266)
	at java.util.concurrent.ScheduledThreadPoolExecutor$ScheduledFutureTask.access$201(ScheduledThreadPoolExecutor.java:180)
	at java.util.concurrent.ScheduledThreadPoolExecutor$ScheduledFutureTask.run(ScheduledThreadPoolExecutor.java:293)
	at java.util.concurrent.ThreadPoolExecutor.runWorker(ThreadPoolExecutor.java:1142)
	at java.util.concurrent.ThreadPoolExecutor$Worker.run(ThreadPoolExecutor.java:617)
	at java.lang.Thread.run(Thread.java:748)
2025-03-24 22:03:22,283 ERROR [com.alibaba.nacos.client.Worker.longPolling.fixed-192.168.128.130_8848-xczx][ServerHttpAgent.java:169] - [NACOS SocketTimeoutException httpPost] currentServerAddr: http://192.168.128.130:8848， err : connect timed out
2025-03-24 22:03:23,783 ERROR [com.alibaba.nacos.naming.beat.sender][NamingProxy.java:617] - [NA] failed to request
java.net.SocketTimeoutException: connect timed out
	at java.net.DualStackPlainSocketImpl.waitForConnect(Native Method)
	at java.net.DualStackPlainSocketImpl.socketConnect(DualStackPlainSocketImpl.java:85)
	at java.net.AbstractPlainSocketImpl.doConnect(AbstractPlainSocketImpl.java:350)
	at java.net.AbstractPlainSocketImpl.connectToAddress(AbstractPlainSocketImpl.java:206)
	at java.net.AbstractPlainSocketImpl.connect(AbstractPlainSocketImpl.java:188)
	at java.net.PlainSocketImpl.connect(PlainSocketImpl.java:172)
	at java.net.SocksSocketImpl.connect(SocksSocketImpl.java:392)
	at java.net.Socket.connect(Socket.java:589)
	at sun.net.NetworkClient.doConnect(NetworkClient.java:175)
	at sun.net.www.http.HttpClient.openServer(HttpClient.java:463)
	at sun.net.www.http.HttpClient.openServer(HttpClient.java:558)
	at sun.net.www.http.HttpClient.<init>(HttpClient.java:242)
	at sun.net.www.http.HttpClient.New(HttpClient.java:339)
	at sun.net.www.http.HttpClient.New(HttpClient.java:357)
	at sun.net.www.protocol.http.HttpURLConnection.getNewHttpClient(HttpURLConnection.java:1202)
	at sun.net.www.protocol.http.HttpURLConnection.plainConnect0(HttpURLConnection.java:1138)
	at sun.net.www.protocol.http.HttpURLConnection.plainConnect(HttpURLConnection.java:1032)
	at sun.net.www.protocol.http.HttpURLConnection.connect(HttpURLConnection.java:966)
	at com.alibaba.nacos.common.http.client.request.JdkHttpClientRequest.execute(JdkHttpClientRequest.java:112)
	at com.alibaba.nacos.common.http.client.NacosRestTemplate.execute(NacosRestTemplate.java:482)
	at com.alibaba.nacos.common.http.client.NacosRestTemplate.exchangeForm(NacosRestTemplate.java:427)
	at com.alibaba.nacos.client.naming.net.NamingProxy.callServer(NamingProxy.java:603)
	at com.alibaba.nacos.client.naming.net.NamingProxy.reqApi(NamingProxy.java:526)
	at com.alibaba.nacos.client.naming.net.NamingProxy.reqApi(NamingProxy.java:498)
	at com.alibaba.nacos.client.naming.net.NamingProxy.sendBeat(NamingProxy.java:433)
	at com.alibaba.nacos.client.naming.beat.BeatReactor$BeatTask.run(BeatReactor.java:167)
	at java.util.concurrent.Executors$RunnableAdapter.call(Executors.java:511)
	at java.util.concurrent.FutureTask.run(FutureTask.java:266)
	at java.util.concurrent.ScheduledThreadPoolExecutor$ScheduledFutureTask.access$201(ScheduledThreadPoolExecutor.java:180)
	at java.util.concurrent.ScheduledThreadPoolExecutor$ScheduledFutureTask.run(ScheduledThreadPoolExecutor.java:293)
	at java.util.concurrent.ThreadPoolExecutor.runWorker(ThreadPoolExecutor.java:1142)
	at java.util.concurrent.ThreadPoolExecutor$Worker.run(ThreadPoolExecutor.java:617)
	at java.lang.Thread.run(Thread.java:748)
2025-03-24 22:03:24,484 ERROR [com.alibaba.nacos.client.naming.updater][NamingProxy.java:617] - [NA] failed to request
java.net.SocketTimeoutException: connect timed out
	at java.net.DualStackPlainSocketImpl.waitForConnect(Native Method)
	at java.net.DualStackPlainSocketImpl.socketConnect(DualStackPlainSocketImpl.java:85)
	at java.net.AbstractPlainSocketImpl.doConnect(AbstractPlainSocketImpl.java:350)
	at java.net.AbstractPlainSocketImpl.connectToAddress(AbstractPlainSocketImpl.java:206)
	at java.net.AbstractPlainSocketImpl.connect(AbstractPlainSocketImpl.java:188)
	at java.net.PlainSocketImpl.connect(PlainSocketImpl.java:172)
	at java.net.SocksSocketImpl.connect(SocksSocketImpl.java:392)
	at java.net.Socket.connect(Socket.java:589)
	at sun.net.NetworkClient.doConnect(NetworkClient.java:175)
	at sun.net.www.http.HttpClient.openServer(HttpClient.java:463)
	at sun.net.www.http.HttpClient.openServer(HttpClient.java:558)
	at sun.net.www.http.HttpClient.<init>(HttpClient.java:242)
	at sun.net.www.http.HttpClient.New(HttpClient.java:339)
	at sun.net.www.http.HttpClient.New(HttpClient.java:357)
	at sun.net.www.protocol.http.HttpURLConnection.getNewHttpClient(HttpURLConnection.java:1202)
	at sun.net.www.protocol.http.HttpURLConnection.plainConnect0(HttpURLConnection.java:1138)
	at sun.net.www.protocol.http.HttpURLConnection.plainConnect(HttpURLConnection.java:1032)
	at sun.net.www.protocol.http.HttpURLConnection.connect(HttpURLConnection.java:966)
	at com.alibaba.nacos.common.http.client.request.JdkHttpClientRequest.execute(JdkHttpClientRequest.java:112)
	at com.alibaba.nacos.common.http.client.NacosRestTemplate.execute(NacosRestTemplate.java:482)
	at com.alibaba.nacos.common.http.client.NacosRestTemplate.exchangeForm(NacosRestTemplate.java:427)
	at com.alibaba.nacos.client.naming.net.NamingProxy.callServer(NamingProxy.java:603)
	at com.alibaba.nacos.client.naming.net.NamingProxy.reqApi(NamingProxy.java:526)
	at com.alibaba.nacos.client.naming.net.NamingProxy.reqApi(NamingProxy.java:498)
	at com.alibaba.nacos.client.naming.net.NamingProxy.reqApi(NamingProxy.java:493)
	at com.alibaba.nacos.client.naming.net.NamingProxy.queryList(NamingProxy.java:407)
	at com.alibaba.nacos.client.naming.core.HostReactor.updateService(HostReactor.java:382)
	at com.alibaba.nacos.client.naming.core.HostReactor$UpdateTask.run(HostReactor.java:464)
	at java.util.concurrent.Executors$RunnableAdapter.call(Executors.java:511)
	at java.util.concurrent.FutureTask.run(FutureTask.java:266)
	at java.util.concurrent.ScheduledThreadPoolExecutor$ScheduledFutureTask.access$201(ScheduledThreadPoolExecutor.java:180)
	at java.util.concurrent.ScheduledThreadPoolExecutor$ScheduledFutureTask.run(ScheduledThreadPoolExecutor.java:293)
	at java.util.concurrent.ThreadPoolExecutor.runWorker(ThreadPoolExecutor.java:1142)
	at java.util.concurrent.ThreadPoolExecutor$Worker.run(ThreadPoolExecutor.java:617)
	at java.lang.Thread.run(Thread.java:748)
2025-03-24 22:03:25,295 ERROR [com.alibaba.nacos.client.Worker.longPolling.fixed-192.168.128.130_8848-xczx][ServerHttpAgent.java:169] - [NACOS SocketTimeoutException httpPost] currentServerAddr: http://192.168.128.130:8848， err : connect timed out
2025-03-24 22:03:25,297 ERROR [com.alibaba.nacos.client.Worker.longPolling.fixed-192.168.128.130_8848-xczx][ClientWorker.java:393] - [fixed-192.168.128.130_8848-xczx] [check-update] get changed dataId exception
java.net.ConnectException: [NACOS HTTP-POST] The maximum number of tolerable server reconnection errors has been reached
	at com.alibaba.nacos.client.config.http.ServerHttpAgent.httpPost(ServerHttpAgent.java:181)
	at com.alibaba.nacos.client.config.http.MetricsHttpAgent.httpPost(MetricsHttpAgent.java:67)
	at com.alibaba.nacos.client.config.impl.ClientWorker.checkUpdateConfigStr(ClientWorker.java:380)
	at com.alibaba.nacos.client.config.impl.ClientWorker.checkUpdateDataIds(ClientWorker.java:347)
	at com.alibaba.nacos.client.config.impl.ClientWorker$LongPollingRunnable.run(ClientWorker.java:535)
	at java.util.concurrent.Executors$RunnableAdapter.call(Executors.java:511)
	at java.util.concurrent.FutureTask.run(FutureTask.java:266)
	at java.util.concurrent.ScheduledThreadPoolExecutor$ScheduledFutureTask.access$201(ScheduledThreadPoolExecutor.java:180)
	at java.util.concurrent.ScheduledThreadPoolExecutor$ScheduledFutureTask.run(ScheduledThreadPoolExecutor.java:293)
	at java.util.concurrent.ThreadPoolExecutor.runWorker(ThreadPoolExecutor.java:1142)
	at java.util.concurrent.ThreadPoolExecutor$Worker.run(ThreadPoolExecutor.java:617)
	at java.lang.Thread.run(Thread.java:748)
2025-03-24 22:03:25,298 ERROR [com.alibaba.nacos.client.Worker.longPolling.fixed-192.168.128.130_8848-xczx][ClientWorker.java:580] - longPolling error : 
java.net.ConnectException: [NACOS HTTP-POST] The maximum number of tolerable server reconnection errors has been reached
	at com.alibaba.nacos.client.config.http.ServerHttpAgent.httpPost(ServerHttpAgent.java:181)
	at com.alibaba.nacos.client.config.http.MetricsHttpAgent.httpPost(MetricsHttpAgent.java:67)
	at com.alibaba.nacos.client.config.impl.ClientWorker.checkUpdateConfigStr(ClientWorker.java:380)
	at com.alibaba.nacos.client.config.impl.ClientWorker.checkUpdateDataIds(ClientWorker.java:347)
	at com.alibaba.nacos.client.config.impl.ClientWorker$LongPollingRunnable.run(ClientWorker.java:535)
	at java.util.concurrent.Executors$RunnableAdapter.call(Executors.java:511)
	at java.util.concurrent.FutureTask.run(FutureTask.java:266)
	at java.util.concurrent.ScheduledThreadPoolExecutor$ScheduledFutureTask.access$201(ScheduledThreadPoolExecutor.java:180)
	at java.util.concurrent.ScheduledThreadPoolExecutor$ScheduledFutureTask.run(ScheduledThreadPoolExecutor.java:293)
	at java.util.concurrent.ThreadPoolExecutor.runWorker(ThreadPoolExecutor.java:1142)
	at java.util.concurrent.ThreadPoolExecutor$Worker.run(ThreadPoolExecutor.java:617)
	at java.lang.Thread.run(Thread.java:748)
2025-03-24 22:03:26,797 ERROR [com.alibaba.nacos.naming.beat.sender][NamingProxy.java:617] - [NA] failed to request
java.net.SocketTimeoutException: connect timed out
	at java.net.DualStackPlainSocketImpl.waitForConnect(Native Method)
	at java.net.DualStackPlainSocketImpl.socketConnect(DualStackPlainSocketImpl.java:85)
	at java.net.AbstractPlainSocketImpl.doConnect(AbstractPlainSocketImpl.java:350)
	at java.net.AbstractPlainSocketImpl.connectToAddress(AbstractPlainSocketImpl.java:206)
	at java.net.AbstractPlainSocketImpl.connect(AbstractPlainSocketImpl.java:188)
	at java.net.PlainSocketImpl.connect(PlainSocketImpl.java:172)
	at java.net.SocksSocketImpl.connect(SocksSocketImpl.java:392)
	at java.net.Socket.connect(Socket.java:589)
	at sun.net.NetworkClient.doConnect(NetworkClient.java:175)
	at sun.net.www.http.HttpClient.openServer(HttpClient.java:463)
	at sun.net.www.http.HttpClient.openServer(HttpClient.java:558)
	at sun.net.www.http.HttpClient.<init>(HttpClient.java:242)
	at sun.net.www.http.HttpClient.New(HttpClient.java:339)
	at sun.net.www.http.HttpClient.New(HttpClient.java:357)
	at sun.net.www.protocol.http.HttpURLConnection.getNewHttpClient(HttpURLConnection.java:1202)
	at sun.net.www.protocol.http.HttpURLConnection.plainConnect0(HttpURLConnection.java:1138)
	at sun.net.www.protocol.http.HttpURLConnection.plainConnect(HttpURLConnection.java:1032)
	at sun.net.www.protocol.http.HttpURLConnection.connect(HttpURLConnection.java:966)
	at com.alibaba.nacos.common.http.client.request.JdkHttpClientRequest.execute(JdkHttpClientRequest.java:112)
	at com.alibaba.nacos.common.http.client.NacosRestTemplate.execute(NacosRestTemplate.java:482)
	at com.alibaba.nacos.common.http.client.NacosRestTemplate.exchangeForm(NacosRestTemplate.java:427)
	at com.alibaba.nacos.client.naming.net.NamingProxy.callServer(NamingProxy.java:603)
	at com.alibaba.nacos.client.naming.net.NamingProxy.reqApi(NamingProxy.java:526)
	at com.alibaba.nacos.client.naming.net.NamingProxy.reqApi(NamingProxy.java:498)
	at com.alibaba.nacos.client.naming.net.NamingProxy.sendBeat(NamingProxy.java:433)
	at com.alibaba.nacos.client.naming.beat.BeatReactor$BeatTask.run(BeatReactor.java:167)
	at java.util.concurrent.Executors$RunnableAdapter.call(Executors.java:511)
	at java.util.concurrent.FutureTask.run(FutureTask.java:266)
	at java.util.concurrent.ScheduledThreadPoolExecutor$ScheduledFutureTask.access$201(ScheduledThreadPoolExecutor.java:180)
	at java.util.concurrent.ScheduledThreadPoolExecutor$ScheduledFutureTask.run(ScheduledThreadPoolExecutor.java:293)
	at java.util.concurrent.ThreadPoolExecutor.runWorker(ThreadPoolExecutor.java:1142)
	at java.util.concurrent.ThreadPoolExecutor$Worker.run(ThreadPoolExecutor.java:617)
	at java.lang.Thread.run(Thread.java:748)
2025-03-24 22:03:26,800 ERROR [com.alibaba.nacos.naming.beat.sender][NamingProxy.java:552] - request: /nacos/v1/ns/instance/beat failed, servers: [192.168.128.130:8848], code: 500, msg: connect timed out
2025-03-24 22:03:26,800 ERROR [com.alibaba.nacos.naming.beat.sender][BeatReactor.java:198] - [CLIENT-BEAT] failed to send beat: {"port":63045,"ip":"10.65.24.129","weight":1.0,"serviceName":"group001@@system-service","cluster":"DEFAULT","metadata":{"preserved.register.source":"SPRING_CLOUD"},"scheduled":false,"period":5000,"stopped":false}, code: 500, msg: failed to req API:/nacos/v1/ns/instance/beat after all servers([192.168.128.130:8848]) tried: java.net.SocketTimeoutException: connect timed out
2025-03-24 22:03:27,499 ERROR [com.alibaba.nacos.client.naming.updater][NamingProxy.java:617] - [NA] failed to request
java.net.SocketTimeoutException: connect timed out
	at java.net.DualStackPlainSocketImpl.waitForConnect(Native Method)
	at java.net.DualStackPlainSocketImpl.socketConnect(DualStackPlainSocketImpl.java:85)
	at java.net.AbstractPlainSocketImpl.doConnect(AbstractPlainSocketImpl.java:350)
	at java.net.AbstractPlainSocketImpl.connectToAddress(AbstractPlainSocketImpl.java:206)
	at java.net.AbstractPlainSocketImpl.connect(AbstractPlainSocketImpl.java:188)
	at java.net.PlainSocketImpl.connect(PlainSocketImpl.java:172)
	at java.net.SocksSocketImpl.connect(SocksSocketImpl.java:392)
	at java.net.Socket.connect(Socket.java:589)
	at sun.net.NetworkClient.doConnect(NetworkClient.java:175)
	at sun.net.www.http.HttpClient.openServer(HttpClient.java:463)
	at sun.net.www.http.HttpClient.openServer(HttpClient.java:558)
	at sun.net.www.http.HttpClient.<init>(HttpClient.java:242)
	at sun.net.www.http.HttpClient.New(HttpClient.java:339)
	at sun.net.www.http.HttpClient.New(HttpClient.java:357)
	at sun.net.www.protocol.http.HttpURLConnection.getNewHttpClient(HttpURLConnection.java:1202)
	at sun.net.www.protocol.http.HttpURLConnection.plainConnect0(HttpURLConnection.java:1138)
	at sun.net.www.protocol.http.HttpURLConnection.plainConnect(HttpURLConnection.java:1032)
	at sun.net.www.protocol.http.HttpURLConnection.connect(HttpURLConnection.java:966)
	at com.alibaba.nacos.common.http.client.request.JdkHttpClientRequest.execute(JdkHttpClientRequest.java:112)
	at com.alibaba.nacos.common.http.client.NacosRestTemplate.execute(NacosRestTemplate.java:482)
	at com.alibaba.nacos.common.http.client.NacosRestTemplate.exchangeForm(NacosRestTemplate.java:427)
	at com.alibaba.nacos.client.naming.net.NamingProxy.callServer(NamingProxy.java:603)
	at com.alibaba.nacos.client.naming.net.NamingProxy.reqApi(NamingProxy.java:526)
	at com.alibaba.nacos.client.naming.net.NamingProxy.reqApi(NamingProxy.java:498)
	at com.alibaba.nacos.client.naming.net.NamingProxy.reqApi(NamingProxy.java:493)
	at com.alibaba.nacos.client.naming.net.NamingProxy.queryList(NamingProxy.java:407)
	at com.alibaba.nacos.client.naming.core.HostReactor.updateService(HostReactor.java:382)
	at com.alibaba.nacos.client.naming.core.HostReactor$UpdateTask.run(HostReactor.java:464)
	at java.util.concurrent.Executors$RunnableAdapter.call(Executors.java:511)
	at java.util.concurrent.FutureTask.run(FutureTask.java:266)
	at java.util.concurrent.ScheduledThreadPoolExecutor$ScheduledFutureTask.access$201(ScheduledThreadPoolExecutor.java:180)
	at java.util.concurrent.ScheduledThreadPoolExecutor$ScheduledFutureTask.run(ScheduledThreadPoolExecutor.java:293)
	at java.util.concurrent.ThreadPoolExecutor.runWorker(ThreadPoolExecutor.java:1142)
	at java.util.concurrent.ThreadPoolExecutor$Worker.run(ThreadPoolExecutor.java:617)
	at java.lang.Thread.run(Thread.java:748)
2025-03-24 22:03:27,502 ERROR [com.alibaba.nacos.client.naming.updater][NamingProxy.java:552] - request: /nacos/v1/ns/instance/list failed, servers: [192.168.128.130:8848], code: 500, msg: connect timed out
2025-03-24 22:03:30,314 ERROR [com.alibaba.nacos.client.Worker.longPolling.fixed-192.168.128.130_8848-xczx][ServerHttpAgent.java:169] - [NACOS SocketTimeoutException httpPost] currentServerAddr: http://192.168.128.130:8848， err : connect timed out
2025-03-24 22:03:33,331 ERROR [com.alibaba.nacos.client.Worker.longPolling.fixed-192.168.128.130_8848-xczx][ServerHttpAgent.java:169] - [NACOS SocketTimeoutException httpPost] currentServerAddr: http://192.168.128.130:8848， err : connect timed out
2025-03-24 22:03:34,821 ERROR [com.alibaba.nacos.naming.beat.sender][NamingProxy.java:617] - [NA] failed to request
java.net.SocketTimeoutException: connect timed out
	at java.net.DualStackPlainSocketImpl.waitForConnect(Native Method)
	at java.net.DualStackPlainSocketImpl.socketConnect(DualStackPlainSocketImpl.java:85)
	at java.net.AbstractPlainSocketImpl.doConnect(AbstractPlainSocketImpl.java:350)
	at java.net.AbstractPlainSocketImpl.connectToAddress(AbstractPlainSocketImpl.java:206)
	at java.net.AbstractPlainSocketImpl.connect(AbstractPlainSocketImpl.java:188)
	at java.net.PlainSocketImpl.connect(PlainSocketImpl.java:172)
	at java.net.SocksSocketImpl.connect(SocksSocketImpl.java:392)
	at java.net.Socket.connect(Socket.java:589)
	at sun.net.NetworkClient.doConnect(NetworkClient.java:175)
	at sun.net.www.http.HttpClient.openServer(HttpClient.java:463)
	at sun.net.www.http.HttpClient.openServer(HttpClient.java:558)
	at sun.net.www.http.HttpClient.<init>(HttpClient.java:242)
	at sun.net.www.http.HttpClient.New(HttpClient.java:339)
	at sun.net.www.http.HttpClient.New(HttpClient.java:357)
	at sun.net.www.protocol.http.HttpURLConnection.getNewHttpClient(HttpURLConnection.java:1202)
	at sun.net.www.protocol.http.HttpURLConnection.plainConnect0(HttpURLConnection.java:1138)
	at sun.net.www.protocol.http.HttpURLConnection.plainConnect(HttpURLConnection.java:1032)
	at sun.net.www.protocol.http.HttpURLConnection.connect(HttpURLConnection.java:966)
	at com.alibaba.nacos.common.http.client.request.JdkHttpClientRequest.execute(JdkHttpClientRequest.java:112)
	at com.alibaba.nacos.common.http.client.NacosRestTemplate.execute(NacosRestTemplate.java:482)
	at com.alibaba.nacos.common.http.client.NacosRestTemplate.exchangeForm(NacosRestTemplate.java:427)
	at com.alibaba.nacos.client.naming.net.NamingProxy.callServer(NamingProxy.java:603)
	at com.alibaba.nacos.client.naming.net.NamingProxy.reqApi(NamingProxy.java:526)
	at com.alibaba.nacos.client.naming.net.NamingProxy.reqApi(NamingProxy.java:498)
	at com.alibaba.nacos.client.naming.net.NamingProxy.sendBeat(NamingProxy.java:433)
	at com.alibaba.nacos.client.naming.beat.BeatReactor$BeatTask.run(BeatReactor.java:167)
	at java.util.concurrent.Executors$RunnableAdapter.call(Executors.java:511)
	at java.util.concurrent.FutureTask.run(FutureTask.java:266)
	at java.util.concurrent.ScheduledThreadPoolExecutor$ScheduledFutureTask.access$201(ScheduledThreadPoolExecutor.java:180)
	at java.util.concurrent.ScheduledThreadPoolExecutor$ScheduledFutureTask.run(ScheduledThreadPoolExecutor.java:293)
	at java.util.concurrent.ThreadPoolExecutor.runWorker(ThreadPoolExecutor.java:1142)
	at java.util.concurrent.ThreadPoolExecutor$Worker.run(ThreadPoolExecutor.java:617)
	at java.lang.Thread.run(Thread.java:748)
2025-03-24 22:03:36,349 ERROR [com.alibaba.nacos.client.Worker.longPolling.fixed-192.168.128.130_8848-xczx][ServerHttpAgent.java:169] - [NACOS SocketTimeoutException httpPost] currentServerAddr: http://192.168.128.130:8848， err : connect timed out
2025-03-24 22:03:37,833 ERROR [com.alibaba.nacos.naming.beat.sender][NamingProxy.java:617] - [NA] failed to request
java.net.SocketTimeoutException: connect timed out
	at java.net.DualStackPlainSocketImpl.waitForConnect(Native Method)
	at java.net.DualStackPlainSocketImpl.socketConnect(DualStackPlainSocketImpl.java:85)
	at java.net.AbstractPlainSocketImpl.doConnect(AbstractPlainSocketImpl.java:350)
	at java.net.AbstractPlainSocketImpl.connectToAddress(AbstractPlainSocketImpl.java:206)
	at java.net.AbstractPlainSocketImpl.connect(AbstractPlainSocketImpl.java:188)
	at java.net.PlainSocketImpl.connect(PlainSocketImpl.java:172)
	at java.net.SocksSocketImpl.connect(SocksSocketImpl.java:392)
	at java.net.Socket.connect(Socket.java:589)
	at sun.net.NetworkClient.doConnect(NetworkClient.java:175)
	at sun.net.www.http.HttpClient.openServer(HttpClient.java:463)
	at sun.net.www.http.HttpClient.openServer(HttpClient.java:558)
	at sun.net.www.http.HttpClient.<init>(HttpClient.java:242)
	at sun.net.www.http.HttpClient.New(HttpClient.java:339)
	at sun.net.www.http.HttpClient.New(HttpClient.java:357)
	at sun.net.www.protocol.http.HttpURLConnection.getNewHttpClient(HttpURLConnection.java:1202)
	at sun.net.www.protocol.http.HttpURLConnection.plainConnect0(HttpURLConnection.java:1138)
	at sun.net.www.protocol.http.HttpURLConnection.plainConnect(HttpURLConnection.java:1032)
	at sun.net.www.protocol.http.HttpURLConnection.connect(HttpURLConnection.java:966)
	at com.alibaba.nacos.common.http.client.request.JdkHttpClientRequest.execute(JdkHttpClientRequest.java:112)
	at com.alibaba.nacos.common.http.client.NacosRestTemplate.execute(NacosRestTemplate.java:482)
	at com.alibaba.nacos.common.http.client.NacosRestTemplate.exchangeForm(NacosRestTemplate.java:427)
	at com.alibaba.nacos.client.naming.net.NamingProxy.callServer(NamingProxy.java:603)
	at com.alibaba.nacos.client.naming.net.NamingProxy.reqApi(NamingProxy.java:526)
	at com.alibaba.nacos.client.naming.net.NamingProxy.reqApi(NamingProxy.java:498)
	at com.alibaba.nacos.client.naming.net.NamingProxy.sendBeat(NamingProxy.java:433)
	at com.alibaba.nacos.client.naming.beat.BeatReactor$BeatTask.run(BeatReactor.java:167)
	at java.util.concurrent.Executors$RunnableAdapter.call(Executors.java:511)
	at java.util.concurrent.FutureTask.run(FutureTask.java:266)
	at java.util.concurrent.ScheduledThreadPoolExecutor$ScheduledFutureTask.access$201(ScheduledThreadPoolExecutor.java:180)
	at java.util.concurrent.ScheduledThreadPoolExecutor$ScheduledFutureTask.run(ScheduledThreadPoolExecutor.java:293)
	at java.util.concurrent.ThreadPoolExecutor.runWorker(ThreadPoolExecutor.java:1142)
	at java.util.concurrent.ThreadPoolExecutor$Worker.run(ThreadPoolExecutor.java:617)
	at java.lang.Thread.run(Thread.java:748)
2025-03-24 22:03:39,369 ERROR [com.alibaba.nacos.client.Worker.longPolling.fixed-192.168.128.130_8848-xczx][ServerHttpAgent.java:169] - [NACOS SocketTimeoutException httpPost] currentServerAddr: http://192.168.128.130:8848， err : connect timed out
2025-03-24 22:03:39,369 ERROR [com.alibaba.nacos.client.Worker.longPolling.fixed-192.168.128.130_8848-xczx][ClientWorker.java:393] - [fixed-192.168.128.130_8848-xczx] [check-update] get changed dataId exception
java.net.ConnectException: [NACOS HTTP-POST] The maximum number of tolerable server reconnection errors has been reached
	at com.alibaba.nacos.client.config.http.ServerHttpAgent.httpPost(ServerHttpAgent.java:181)
	at com.alibaba.nacos.client.config.http.MetricsHttpAgent.httpPost(MetricsHttpAgent.java:67)
	at com.alibaba.nacos.client.config.impl.ClientWorker.checkUpdateConfigStr(ClientWorker.java:380)
	at com.alibaba.nacos.client.config.impl.ClientWorker.checkUpdateDataIds(ClientWorker.java:347)
	at com.alibaba.nacos.client.config.impl.ClientWorker$LongPollingRunnable.run(ClientWorker.java:535)
	at java.util.concurrent.Executors$RunnableAdapter.call(Executors.java:511)
	at java.util.concurrent.FutureTask.run(FutureTask.java:266)
	at java.util.concurrent.ScheduledThreadPoolExecutor$ScheduledFutureTask.access$201(ScheduledThreadPoolExecutor.java:180)
	at java.util.concurrent.ScheduledThreadPoolExecutor$ScheduledFutureTask.run(ScheduledThreadPoolExecutor.java:293)
	at java.util.concurrent.ThreadPoolExecutor.runWorker(ThreadPoolExecutor.java:1142)
	at java.util.concurrent.ThreadPoolExecutor$Worker.run(ThreadPoolExecutor.java:617)
	at java.lang.Thread.run(Thread.java:748)
2025-03-24 22:03:39,369 ERROR [com.alibaba.nacos.client.Worker.longPolling.fixed-192.168.128.130_8848-xczx][ClientWorker.java:580] - longPolling error : 
java.net.ConnectException: [NACOS HTTP-POST] The maximum number of tolerable server reconnection errors has been reached
	at com.alibaba.nacos.client.config.http.ServerHttpAgent.httpPost(ServerHttpAgent.java:181)
	at com.alibaba.nacos.client.config.http.MetricsHttpAgent.httpPost(MetricsHttpAgent.java:67)
	at com.alibaba.nacos.client.config.impl.ClientWorker.checkUpdateConfigStr(ClientWorker.java:380)
	at com.alibaba.nacos.client.config.impl.ClientWorker.checkUpdateDataIds(ClientWorker.java:347)
	at com.alibaba.nacos.client.config.impl.ClientWorker$LongPollingRunnable.run(ClientWorker.java:535)
	at java.util.concurrent.Executors$RunnableAdapter.call(Executors.java:511)
	at java.util.concurrent.FutureTask.run(FutureTask.java:266)
	at java.util.concurrent.ScheduledThreadPoolExecutor$ScheduledFutureTask.access$201(ScheduledThreadPoolExecutor.java:180)
	at java.util.concurrent.ScheduledThreadPoolExecutor$ScheduledFutureTask.run(ScheduledThreadPoolExecutor.java:293)
	at java.util.concurrent.ThreadPoolExecutor.runWorker(ThreadPoolExecutor.java:1142)
	at java.util.concurrent.ThreadPoolExecutor$Worker.run(ThreadPoolExecutor.java:617)
	at java.lang.Thread.run(Thread.java:748)
2025-03-24 22:03:40,851 ERROR [com.alibaba.nacos.naming.beat.sender][NamingProxy.java:617] - [NA] failed to request
java.net.SocketTimeoutException: connect timed out
	at java.net.DualStackPlainSocketImpl.waitForConnect(Native Method)
	at java.net.DualStackPlainSocketImpl.socketConnect(DualStackPlainSocketImpl.java:85)
	at java.net.AbstractPlainSocketImpl.doConnect(AbstractPlainSocketImpl.java:350)
	at java.net.AbstractPlainSocketImpl.connectToAddress(AbstractPlainSocketImpl.java:206)
	at java.net.AbstractPlainSocketImpl.connect(AbstractPlainSocketImpl.java:188)
	at java.net.PlainSocketImpl.connect(PlainSocketImpl.java:172)
	at java.net.SocksSocketImpl.connect(SocksSocketImpl.java:392)
	at java.net.Socket.connect(Socket.java:589)
	at sun.net.NetworkClient.doConnect(NetworkClient.java:175)
	at sun.net.www.http.HttpClient.openServer(HttpClient.java:463)
	at sun.net.www.http.HttpClient.openServer(HttpClient.java:558)
	at sun.net.www.http.HttpClient.<init>(HttpClient.java:242)
	at sun.net.www.http.HttpClient.New(HttpClient.java:339)
	at sun.net.www.http.HttpClient.New(HttpClient.java:357)
	at sun.net.www.protocol.http.HttpURLConnection.getNewHttpClient(HttpURLConnection.java:1202)
	at sun.net.www.protocol.http.HttpURLConnection.plainConnect0(HttpURLConnection.java:1138)
	at sun.net.www.protocol.http.HttpURLConnection.plainConnect(HttpURLConnection.java:1032)
	at sun.net.www.protocol.http.HttpURLConnection.connect(HttpURLConnection.java:966)
	at com.alibaba.nacos.common.http.client.request.JdkHttpClientRequest.execute(JdkHttpClientRequest.java:112)
	at com.alibaba.nacos.common.http.client.NacosRestTemplate.execute(NacosRestTemplate.java:482)
	at com.alibaba.nacos.common.http.client.NacosRestTemplate.exchangeForm(NacosRestTemplate.java:427)
	at com.alibaba.nacos.client.naming.net.NamingProxy.callServer(NamingProxy.java:603)
	at com.alibaba.nacos.client.naming.net.NamingProxy.reqApi(NamingProxy.java:526)
	at com.alibaba.nacos.client.naming.net.NamingProxy.reqApi(NamingProxy.java:498)
	at com.alibaba.nacos.client.naming.net.NamingProxy.sendBeat(NamingProxy.java:433)
	at com.alibaba.nacos.client.naming.beat.BeatReactor$BeatTask.run(BeatReactor.java:167)
	at java.util.concurrent.Executors$RunnableAdapter.call(Executors.java:511)
	at java.util.concurrent.FutureTask.run(FutureTask.java:266)
	at java.util.concurrent.ScheduledThreadPoolExecutor$ScheduledFutureTask.access$201(ScheduledThreadPoolExecutor.java:180)
	at java.util.concurrent.ScheduledThreadPoolExecutor$ScheduledFutureTask.run(ScheduledThreadPoolExecutor.java:293)
	at java.util.concurrent.ThreadPoolExecutor.runWorker(ThreadPoolExecutor.java:1142)
	at java.util.concurrent.ThreadPoolExecutor$Worker.run(ThreadPoolExecutor.java:617)
	at java.lang.Thread.run(Thread.java:748)
2025-03-24 22:03:40,855 ERROR [com.alibaba.nacos.naming.beat.sender][NamingProxy.java:552] - request: /nacos/v1/ns/instance/beat failed, servers: [192.168.128.130:8848], code: 500, msg: connect timed out
2025-03-24 22:03:40,856 ERROR [com.alibaba.nacos.naming.beat.sender][BeatReactor.java:198] - [CLIENT-BEAT] failed to send beat: {"port":63045,"ip":"10.65.24.129","weight":1.0,"serviceName":"group001@@system-service","cluster":"DEFAULT","metadata":{"preserved.register.source":"SPRING_CLOUD"},"scheduled":false,"period":5000,"stopped":false}, code: 500, msg: failed to req API:/nacos/v1/ns/instance/beat after all servers([192.168.128.130:8848]) tried: java.net.SocketTimeoutException: connect timed out
2025-03-24 22:03:44,397 ERROR [com.alibaba.nacos.client.Worker.longPolling.fixed-192.168.128.130_8848-xczx][ServerHttpAgent.java:169] - [NACOS SocketTimeoutException httpPost] currentServerAddr: http://192.168.128.130:8848， err : connect timed out
2025-03-24 22:03:47,414 ERROR [com.alibaba.nacos.client.Worker.longPolling.fixed-192.168.128.130_8848-xczx][ServerHttpAgent.java:169] - [NACOS SocketTimeoutException httpPost] currentServerAddr: http://192.168.128.130:8848， err : connect timed out
2025-03-24 22:03:48,882 ERROR [com.alibaba.nacos.naming.beat.sender][NamingProxy.java:617] - [NA] failed to request
java.net.SocketTimeoutException: connect timed out
	at java.net.DualStackPlainSocketImpl.waitForConnect(Native Method)
	at java.net.DualStackPlainSocketImpl.socketConnect(DualStackPlainSocketImpl.java:85)
	at java.net.AbstractPlainSocketImpl.doConnect(AbstractPlainSocketImpl.java:350)
	at java.net.AbstractPlainSocketImpl.connectToAddress(AbstractPlainSocketImpl.java:206)
	at java.net.AbstractPlainSocketImpl.connect(AbstractPlainSocketImpl.java:188)
	at java.net.PlainSocketImpl.connect(PlainSocketImpl.java:172)
	at java.net.SocksSocketImpl.connect(SocksSocketImpl.java:392)
	at java.net.Socket.connect(Socket.java:589)
	at sun.net.NetworkClient.doConnect(NetworkClient.java:175)
	at sun.net.www.http.HttpClient.openServer(HttpClient.java:463)
	at sun.net.www.http.HttpClient.openServer(HttpClient.java:558)
	at sun.net.www.http.HttpClient.<init>(HttpClient.java:242)
	at sun.net.www.http.HttpClient.New(HttpClient.java:339)
	at sun.net.www.http.HttpClient.New(HttpClient.java:357)
	at sun.net.www.protocol.http.HttpURLConnection.getNewHttpClient(HttpURLConnection.java:1202)
	at sun.net.www.protocol.http.HttpURLConnection.plainConnect0(HttpURLConnection.java:1138)
	at sun.net.www.protocol.http.HttpURLConnection.plainConnect(HttpURLConnection.java:1032)
	at sun.net.www.protocol.http.HttpURLConnection.connect(HttpURLConnection.java:966)
	at com.alibaba.nacos.common.http.client.request.JdkHttpClientRequest.execute(JdkHttpClientRequest.java:112)
	at com.alibaba.nacos.common.http.client.NacosRestTemplate.execute(NacosRestTemplate.java:482)
	at com.alibaba.nacos.common.http.client.NacosRestTemplate.exchangeForm(NacosRestTemplate.java:427)
	at com.alibaba.nacos.client.naming.net.NamingProxy.callServer(NamingProxy.java:603)
	at com.alibaba.nacos.client.naming.net.NamingProxy.reqApi(NamingProxy.java:526)
	at com.alibaba.nacos.client.naming.net.NamingProxy.reqApi(NamingProxy.java:498)
	at com.alibaba.nacos.client.naming.net.NamingProxy.sendBeat(NamingProxy.java:433)
	at com.alibaba.nacos.client.naming.beat.BeatReactor$BeatTask.run(BeatReactor.java:167)
	at java.util.concurrent.Executors$RunnableAdapter.call(Executors.java:511)
	at java.util.concurrent.FutureTask.run(FutureTask.java:266)
	at java.util.concurrent.ScheduledThreadPoolExecutor$ScheduledFutureTask.access$201(ScheduledThreadPoolExecutor.java:180)
	at java.util.concurrent.ScheduledThreadPoolExecutor$ScheduledFutureTask.run(ScheduledThreadPoolExecutor.java:293)
	at java.util.concurrent.ThreadPoolExecutor.runWorker(ThreadPoolExecutor.java:1142)
	at java.util.concurrent.ThreadPoolExecutor$Worker.run(ThreadPoolExecutor.java:617)
	at java.lang.Thread.run(Thread.java:748)
2025-03-24 22:03:50,418 ERROR [com.alibaba.nacos.client.Worker.longPolling.fixed-192.168.128.130_8848-xczx][ServerHttpAgent.java:169] - [NACOS SocketTimeoutException httpPost] currentServerAddr: http://192.168.128.130:8848， err : connect timed out
2025-03-24 22:03:51,902 ERROR [com.alibaba.nacos.naming.beat.sender][NamingProxy.java:617] - [NA] failed to request
java.net.SocketTimeoutException: connect timed out
	at java.net.DualStackPlainSocketImpl.waitForConnect(Native Method)
	at java.net.DualStackPlainSocketImpl.socketConnect(DualStackPlainSocketImpl.java:85)
	at java.net.AbstractPlainSocketImpl.doConnect(AbstractPlainSocketImpl.java:350)
	at java.net.AbstractPlainSocketImpl.connectToAddress(AbstractPlainSocketImpl.java:206)
	at java.net.AbstractPlainSocketImpl.connect(AbstractPlainSocketImpl.java:188)
	at java.net.PlainSocketImpl.connect(PlainSocketImpl.java:172)
	at java.net.SocksSocketImpl.connect(SocksSocketImpl.java:392)
	at java.net.Socket.connect(Socket.java:589)
	at sun.net.NetworkClient.doConnect(NetworkClient.java:175)
	at sun.net.www.http.HttpClient.openServer(HttpClient.java:463)
	at sun.net.www.http.HttpClient.openServer(HttpClient.java:558)
	at sun.net.www.http.HttpClient.<init>(HttpClient.java:242)
	at sun.net.www.http.HttpClient.New(HttpClient.java:339)
	at sun.net.www.http.HttpClient.New(HttpClient.java:357)
	at sun.net.www.protocol.http.HttpURLConnection.getNewHttpClient(HttpURLConnection.java:1202)
	at sun.net.www.protocol.http.HttpURLConnection.plainConnect0(HttpURLConnection.java:1138)
	at sun.net.www.protocol.http.HttpURLConnection.plainConnect(HttpURLConnection.java:1032)
	at sun.net.www.protocol.http.HttpURLConnection.connect(HttpURLConnection.java:966)
	at com.alibaba.nacos.common.http.client.request.JdkHttpClientRequest.execute(JdkHttpClientRequest.java:112)
	at com.alibaba.nacos.common.http.client.NacosRestTemplate.execute(NacosRestTemplate.java:482)
	at com.alibaba.nacos.common.http.client.NacosRestTemplate.exchangeForm(NacosRestTemplate.java:427)
	at com.alibaba.nacos.client.naming.net.NamingProxy.callServer(NamingProxy.java:603)
	at com.alibaba.nacos.client.naming.net.NamingProxy.reqApi(NamingProxy.java:526)
	at com.alibaba.nacos.client.naming.net.NamingProxy.reqApi(NamingProxy.java:498)
	at com.alibaba.nacos.client.naming.net.NamingProxy.sendBeat(NamingProxy.java:433)
	at com.alibaba.nacos.client.naming.beat.BeatReactor$BeatTask.run(BeatReactor.java:167)
	at java.util.concurrent.Executors$RunnableAdapter.call(Executors.java:511)
	at java.util.concurrent.FutureTask.run(FutureTask.java:266)
	at java.util.concurrent.ScheduledThreadPoolExecutor$ScheduledFutureTask.access$201(ScheduledThreadPoolExecutor.java:180)
	at java.util.concurrent.ScheduledThreadPoolExecutor$ScheduledFutureTask.run(ScheduledThreadPoolExecutor.java:293)
	at java.util.concurrent.ThreadPoolExecutor.runWorker(ThreadPoolExecutor.java:1142)
	at java.util.concurrent.ThreadPoolExecutor$Worker.run(ThreadPoolExecutor.java:617)
	at java.lang.Thread.run(Thread.java:748)
2025-03-24 22:03:53,434 ERROR [com.alibaba.nacos.client.Worker.longPolling.fixed-192.168.128.130_8848-xczx][ServerHttpAgent.java:169] - [NACOS SocketTimeoutException httpPost] currentServerAddr: http://192.168.128.130:8848， err : connect timed out
2025-03-24 22:03:53,434 ERROR [com.alibaba.nacos.client.Worker.longPolling.fixed-192.168.128.130_8848-xczx][ClientWorker.java:393] - [fixed-192.168.128.130_8848-xczx] [check-update] get changed dataId exception
java.net.ConnectException: [NACOS HTTP-POST] The maximum number of tolerable server reconnection errors has been reached
	at com.alibaba.nacos.client.config.http.ServerHttpAgent.httpPost(ServerHttpAgent.java:181)
	at com.alibaba.nacos.client.config.http.MetricsHttpAgent.httpPost(MetricsHttpAgent.java:67)
	at com.alibaba.nacos.client.config.impl.ClientWorker.checkUpdateConfigStr(ClientWorker.java:380)
	at com.alibaba.nacos.client.config.impl.ClientWorker.checkUpdateDataIds(ClientWorker.java:347)
	at com.alibaba.nacos.client.config.impl.ClientWorker$LongPollingRunnable.run(ClientWorker.java:535)
	at java.util.concurrent.Executors$RunnableAdapter.call(Executors.java:511)
	at java.util.concurrent.FutureTask.run(FutureTask.java:266)
	at java.util.concurrent.ScheduledThreadPoolExecutor$ScheduledFutureTask.access$201(ScheduledThreadPoolExecutor.java:180)
	at java.util.concurrent.ScheduledThreadPoolExecutor$ScheduledFutureTask.run(ScheduledThreadPoolExecutor.java:293)
	at java.util.concurrent.ThreadPoolExecutor.runWorker(ThreadPoolExecutor.java:1142)
	at java.util.concurrent.ThreadPoolExecutor$Worker.run(ThreadPoolExecutor.java:617)
	at java.lang.Thread.run(Thread.java:748)
2025-03-24 22:03:53,434 ERROR [com.alibaba.nacos.client.Worker.longPolling.fixed-192.168.128.130_8848-xczx][ClientWorker.java:580] - longPolling error : 
java.net.ConnectException: [NACOS HTTP-POST] The maximum number of tolerable server reconnection errors has been reached
	at com.alibaba.nacos.client.config.http.ServerHttpAgent.httpPost(ServerHttpAgent.java:181)
	at com.alibaba.nacos.client.config.http.MetricsHttpAgent.httpPost(MetricsHttpAgent.java:67)
	at com.alibaba.nacos.client.config.impl.ClientWorker.checkUpdateConfigStr(ClientWorker.java:380)
	at com.alibaba.nacos.client.config.impl.ClientWorker.checkUpdateDataIds(ClientWorker.java:347)
	at com.alibaba.nacos.client.config.impl.ClientWorker$LongPollingRunnable.run(ClientWorker.java:535)
	at java.util.concurrent.Executors$RunnableAdapter.call(Executors.java:511)
	at java.util.concurrent.FutureTask.run(FutureTask.java:266)
	at java.util.concurrent.ScheduledThreadPoolExecutor$ScheduledFutureTask.access$201(ScheduledThreadPoolExecutor.java:180)
	at java.util.concurrent.ScheduledThreadPoolExecutor$ScheduledFutureTask.run(ScheduledThreadPoolExecutor.java:293)
	at java.util.concurrent.ThreadPoolExecutor.runWorker(ThreadPoolExecutor.java:1142)
	at java.util.concurrent.ThreadPoolExecutor$Worker.run(ThreadPoolExecutor.java:617)
	at java.lang.Thread.run(Thread.java:748)
2025-03-24 22:03:54,906 ERROR [com.alibaba.nacos.naming.beat.sender][NamingProxy.java:617] - [NA] failed to request
java.net.SocketTimeoutException: connect timed out
	at java.net.DualStackPlainSocketImpl.waitForConnect(Native Method)
	at java.net.DualStackPlainSocketImpl.socketConnect(DualStackPlainSocketImpl.java:85)
	at java.net.AbstractPlainSocketImpl.doConnect(AbstractPlainSocketImpl.java:350)
	at java.net.AbstractPlainSocketImpl.connectToAddress(AbstractPlainSocketImpl.java:206)
	at java.net.AbstractPlainSocketImpl.connect(AbstractPlainSocketImpl.java:188)
	at java.net.PlainSocketImpl.connect(PlainSocketImpl.java:172)
	at java.net.SocksSocketImpl.connect(SocksSocketImpl.java:392)
	at java.net.Socket.connect(Socket.java:589)
	at sun.net.NetworkClient.doConnect(NetworkClient.java:175)
	at sun.net.www.http.HttpClient.openServer(HttpClient.java:463)
	at sun.net.www.http.HttpClient.openServer(HttpClient.java:558)
	at sun.net.www.http.HttpClient.<init>(HttpClient.java:242)
	at sun.net.www.http.HttpClient.New(HttpClient.java:339)
	at sun.net.www.http.HttpClient.New(HttpClient.java:357)
	at sun.net.www.protocol.http.HttpURLConnection.getNewHttpClient(HttpURLConnection.java:1202)
	at sun.net.www.protocol.http.HttpURLConnection.plainConnect0(HttpURLConnection.java:1138)
	at sun.net.www.protocol.http.HttpURLConnection.plainConnect(HttpURLConnection.java:1032)
	at sun.net.www.protocol.http.HttpURLConnection.connect(HttpURLConnection.java:966)
	at com.alibaba.nacos.common.http.client.request.JdkHttpClientRequest.execute(JdkHttpClientRequest.java:112)
	at com.alibaba.nacos.common.http.client.NacosRestTemplate.execute(NacosRestTemplate.java:482)
	at com.alibaba.nacos.common.http.client.NacosRestTemplate.exchangeForm(NacosRestTemplate.java:427)
	at com.alibaba.nacos.client.naming.net.NamingProxy.callServer(NamingProxy.java:603)
	at com.alibaba.nacos.client.naming.net.NamingProxy.reqApi(NamingProxy.java:526)
	at com.alibaba.nacos.client.naming.net.NamingProxy.reqApi(NamingProxy.java:498)
	at com.alibaba.nacos.client.naming.net.NamingProxy.sendBeat(NamingProxy.java:433)
	at com.alibaba.nacos.client.naming.beat.BeatReactor$BeatTask.run(BeatReactor.java:167)
	at java.util.concurrent.Executors$RunnableAdapter.call(Executors.java:511)
	at java.util.concurrent.FutureTask.run(FutureTask.java:266)
	at java.util.concurrent.ScheduledThreadPoolExecutor$ScheduledFutureTask.access$201(ScheduledThreadPoolExecutor.java:180)
	at java.util.concurrent.ScheduledThreadPoolExecutor$ScheduledFutureTask.run(ScheduledThreadPoolExecutor.java:293)
	at java.util.concurrent.ThreadPoolExecutor.runWorker(ThreadPoolExecutor.java:1142)
	at java.util.concurrent.ThreadPoolExecutor$Worker.run(ThreadPoolExecutor.java:617)
	at java.lang.Thread.run(Thread.java:748)
2025-03-24 22:03:54,908 ERROR [com.alibaba.nacos.naming.beat.sender][NamingProxy.java:552] - request: /nacos/v1/ns/instance/beat failed, servers: [192.168.128.130:8848], code: 500, msg: connect timed out
2025-03-24 22:03:54,908 ERROR [com.alibaba.nacos.naming.beat.sender][BeatReactor.java:198] - [CLIENT-BEAT] failed to send beat: {"port":63045,"ip":"10.65.24.129","weight":1.0,"serviceName":"group001@@system-service","cluster":"DEFAULT","metadata":{"preserved.register.source":"SPRING_CLOUD"},"scheduled":false,"period":5000,"stopped":false}, code: 500, msg: failed to req API:/nacos/v1/ns/instance/beat after all servers([192.168.128.130:8848]) tried: java.net.SocketTimeoutException: connect timed out
2025-03-24 22:03:58,462 ERROR [com.alibaba.nacos.client.Worker.longPolling.fixed-192.168.128.130_8848-xczx][ServerHttpAgent.java:169] - [NACOS SocketTimeoutException httpPost] currentServerAddr: http://192.168.128.130:8848， err : connect timed out
2025-03-24 22:04:01,479 ERROR [com.alibaba.nacos.client.Worker.longPolling.fixed-192.168.128.130_8848-xczx][ServerHttpAgent.java:169] - [NACOS SocketTimeoutException httpPost] currentServerAddr: http://192.168.128.130:8848， err : connect timed out
2025-03-24 22:04:02,929 ERROR [com.alibaba.nacos.naming.beat.sender][NamingProxy.java:617] - [NA] failed to request
java.net.SocketTimeoutException: connect timed out
	at java.net.DualStackPlainSocketImpl.waitForConnect(Native Method)
	at java.net.DualStackPlainSocketImpl.socketConnect(DualStackPlainSocketImpl.java:85)
	at java.net.AbstractPlainSocketImpl.doConnect(AbstractPlainSocketImpl.java:350)
	at java.net.AbstractPlainSocketImpl.connectToAddress(AbstractPlainSocketImpl.java:206)
	at java.net.AbstractPlainSocketImpl.connect(AbstractPlainSocketImpl.java:188)
	at java.net.PlainSocketImpl.connect(PlainSocketImpl.java:172)
	at java.net.SocksSocketImpl.connect(SocksSocketImpl.java:392)
	at java.net.Socket.connect(Socket.java:589)
	at sun.net.NetworkClient.doConnect(NetworkClient.java:175)
	at sun.net.www.http.HttpClient.openServer(HttpClient.java:463)
	at sun.net.www.http.HttpClient.openServer(HttpClient.java:558)
	at sun.net.www.http.HttpClient.<init>(HttpClient.java:242)
	at sun.net.www.http.HttpClient.New(HttpClient.java:339)
	at sun.net.www.http.HttpClient.New(HttpClient.java:357)
	at sun.net.www.protocol.http.HttpURLConnection.getNewHttpClient(HttpURLConnection.java:1202)
	at sun.net.www.protocol.http.HttpURLConnection.plainConnect0(HttpURLConnection.java:1138)
	at sun.net.www.protocol.http.HttpURLConnection.plainConnect(HttpURLConnection.java:1032)
	at sun.net.www.protocol.http.HttpURLConnection.connect(HttpURLConnection.java:966)
	at com.alibaba.nacos.common.http.client.request.JdkHttpClientRequest.execute(JdkHttpClientRequest.java:112)
	at com.alibaba.nacos.common.http.client.NacosRestTemplate.execute(NacosRestTemplate.java:482)
	at com.alibaba.nacos.common.http.client.NacosRestTemplate.exchangeForm(NacosRestTemplate.java:427)
	at com.alibaba.nacos.client.naming.net.NamingProxy.callServer(NamingProxy.java:603)
	at com.alibaba.nacos.client.naming.net.NamingProxy.reqApi(NamingProxy.java:526)
	at com.alibaba.nacos.client.naming.net.NamingProxy.reqApi(NamingProxy.java:498)
	at com.alibaba.nacos.client.naming.net.NamingProxy.sendBeat(NamingProxy.java:433)
	at com.alibaba.nacos.client.naming.beat.BeatReactor$BeatTask.run(BeatReactor.java:167)
	at java.util.concurrent.Executors$RunnableAdapter.call(Executors.java:511)
	at java.util.concurrent.FutureTask.run(FutureTask.java:266)
	at java.util.concurrent.ScheduledThreadPoolExecutor$ScheduledFutureTask.access$201(ScheduledThreadPoolExecutor.java:180)
	at java.util.concurrent.ScheduledThreadPoolExecutor$ScheduledFutureTask.run(ScheduledThreadPoolExecutor.java:293)
	at java.util.concurrent.ThreadPoolExecutor.runWorker(ThreadPoolExecutor.java:1142)
	at java.util.concurrent.ThreadPoolExecutor$Worker.run(ThreadPoolExecutor.java:617)
	at java.lang.Thread.run(Thread.java:748)
2025-03-24 22:04:04,488 ERROR [com.alibaba.nacos.client.Worker.longPolling.fixed-192.168.128.130_8848-xczx][ServerHttpAgent.java:169] - [NACOS SocketTimeoutException httpPost] currentServerAddr: http://192.168.128.130:8848， err : connect timed out
2025-03-24 22:04:05,941 ERROR [com.alibaba.nacos.naming.beat.sender][NamingProxy.java:617] - [NA] failed to request
java.net.SocketTimeoutException: connect timed out
	at java.net.DualStackPlainSocketImpl.waitForConnect(Native Method)
	at java.net.DualStackPlainSocketImpl.socketConnect(DualStackPlainSocketImpl.java:85)
	at java.net.AbstractPlainSocketImpl.doConnect(AbstractPlainSocketImpl.java:350)
	at java.net.AbstractPlainSocketImpl.connectToAddress(AbstractPlainSocketImpl.java:206)
	at java.net.AbstractPlainSocketImpl.connect(AbstractPlainSocketImpl.java:188)
	at java.net.PlainSocketImpl.connect(PlainSocketImpl.java:172)
	at java.net.SocksSocketImpl.connect(SocksSocketImpl.java:392)
	at java.net.Socket.connect(Socket.java:589)
	at sun.net.NetworkClient.doConnect(NetworkClient.java:175)
	at sun.net.www.http.HttpClient.openServer(HttpClient.java:463)
	at sun.net.www.http.HttpClient.openServer(HttpClient.java:558)
	at sun.net.www.http.HttpClient.<init>(HttpClient.java:242)
	at sun.net.www.http.HttpClient.New(HttpClient.java:339)
	at sun.net.www.http.HttpClient.New(HttpClient.java:357)
	at sun.net.www.protocol.http.HttpURLConnection.getNewHttpClient(HttpURLConnection.java:1202)
	at sun.net.www.protocol.http.HttpURLConnection.plainConnect0(HttpURLConnection.java:1138)
	at sun.net.www.protocol.http.HttpURLConnection.plainConnect(HttpURLConnection.java:1032)
	at sun.net.www.protocol.http.HttpURLConnection.connect(HttpURLConnection.java:966)
	at com.alibaba.nacos.common.http.client.request.JdkHttpClientRequest.execute(JdkHttpClientRequest.java:112)
	at com.alibaba.nacos.common.http.client.NacosRestTemplate.execute(NacosRestTemplate.java:482)
	at com.alibaba.nacos.common.http.client.NacosRestTemplate.exchangeForm(NacosRestTemplate.java:427)
	at com.alibaba.nacos.client.naming.net.NamingProxy.callServer(NamingProxy.java:603)
	at com.alibaba.nacos.client.naming.net.NamingProxy.reqApi(NamingProxy.java:526)
	at com.alibaba.nacos.client.naming.net.NamingProxy.reqApi(NamingProxy.java:498)
	at com.alibaba.nacos.client.naming.net.NamingProxy.sendBeat(NamingProxy.java:433)
	at com.alibaba.nacos.client.naming.beat.BeatReactor$BeatTask.run(BeatReactor.java:167)
	at java.util.concurrent.Executors$RunnableAdapter.call(Executors.java:511)
	at java.util.concurrent.FutureTask.run(FutureTask.java:266)
	at java.util.concurrent.ScheduledThreadPoolExecutor$ScheduledFutureTask.access$201(ScheduledThreadPoolExecutor.java:180)
	at java.util.concurrent.ScheduledThreadPoolExecutor$ScheduledFutureTask.run(ScheduledThreadPoolExecutor.java:293)
	at java.util.concurrent.ThreadPoolExecutor.runWorker(ThreadPoolExecutor.java:1142)
	at java.util.concurrent.ThreadPoolExecutor$Worker.run(ThreadPoolExecutor.java:617)
	at java.lang.Thread.run(Thread.java:748)
2025-03-24 22:04:07,506 ERROR [com.alibaba.nacos.client.Worker.longPolling.fixed-192.168.128.130_8848-xczx][ServerHttpAgent.java:169] - [NACOS SocketTimeoutException httpPost] currentServerAddr: http://192.168.128.130:8848， err : connect timed out
2025-03-24 22:04:07,507 ERROR [com.alibaba.nacos.client.Worker.longPolling.fixed-192.168.128.130_8848-xczx][ClientWorker.java:393] - [fixed-192.168.128.130_8848-xczx] [check-update] get changed dataId exception
java.net.ConnectException: [NACOS HTTP-POST] The maximum number of tolerable server reconnection errors has been reached
	at com.alibaba.nacos.client.config.http.ServerHttpAgent.httpPost(ServerHttpAgent.java:181)
	at com.alibaba.nacos.client.config.http.MetricsHttpAgent.httpPost(MetricsHttpAgent.java:67)
	at com.alibaba.nacos.client.config.impl.ClientWorker.checkUpdateConfigStr(ClientWorker.java:380)
	at com.alibaba.nacos.client.config.impl.ClientWorker.checkUpdateDataIds(ClientWorker.java:347)
	at com.alibaba.nacos.client.config.impl.ClientWorker$LongPollingRunnable.run(ClientWorker.java:535)
	at java.util.concurrent.Executors$RunnableAdapter.call(Executors.java:511)
	at java.util.concurrent.FutureTask.run(FutureTask.java:266)
	at java.util.concurrent.ScheduledThreadPoolExecutor$ScheduledFutureTask.access$201(ScheduledThreadPoolExecutor.java:180)
	at java.util.concurrent.ScheduledThreadPoolExecutor$ScheduledFutureTask.run(ScheduledThreadPoolExecutor.java:293)
	at java.util.concurrent.ThreadPoolExecutor.runWorker(ThreadPoolExecutor.java:1142)
	at java.util.concurrent.ThreadPoolExecutor$Worker.run(ThreadPoolExecutor.java:617)
	at java.lang.Thread.run(Thread.java:748)
2025-03-24 22:04:07,508 ERROR [com.alibaba.nacos.client.Worker.longPolling.fixed-192.168.128.130_8848-xczx][ClientWorker.java:580] - longPolling error : 
java.net.ConnectException: [NACOS HTTP-POST] The maximum number of tolerable server reconnection errors has been reached
	at com.alibaba.nacos.client.config.http.ServerHttpAgent.httpPost(ServerHttpAgent.java:181)
	at com.alibaba.nacos.client.config.http.MetricsHttpAgent.httpPost(MetricsHttpAgent.java:67)
	at com.alibaba.nacos.client.config.impl.ClientWorker.checkUpdateConfigStr(ClientWorker.java:380)
	at com.alibaba.nacos.client.config.impl.ClientWorker.checkUpdateDataIds(ClientWorker.java:347)
	at com.alibaba.nacos.client.config.impl.ClientWorker$LongPollingRunnable.run(ClientWorker.java:535)
	at java.util.concurrent.Executors$RunnableAdapter.call(Executors.java:511)
	at java.util.concurrent.FutureTask.run(FutureTask.java:266)
	at java.util.concurrent.ScheduledThreadPoolExecutor$ScheduledFutureTask.access$201(ScheduledThreadPoolExecutor.java:180)
	at java.util.concurrent.ScheduledThreadPoolExecutor$ScheduledFutureTask.run(ScheduledThreadPoolExecutor.java:293)
	at java.util.concurrent.ThreadPoolExecutor.runWorker(ThreadPoolExecutor.java:1142)
	at java.util.concurrent.ThreadPoolExecutor$Worker.run(ThreadPoolExecutor.java:617)
	at java.lang.Thread.run(Thread.java:748)
2025-03-24 22:04:08,955 ERROR [com.alibaba.nacos.naming.beat.sender][NamingProxy.java:617] - [NA] failed to request
java.net.SocketTimeoutException: connect timed out
	at java.net.DualStackPlainSocketImpl.waitForConnect(Native Method)
	at java.net.DualStackPlainSocketImpl.socketConnect(DualStackPlainSocketImpl.java:85)
	at java.net.AbstractPlainSocketImpl.doConnect(AbstractPlainSocketImpl.java:350)
	at java.net.AbstractPlainSocketImpl.connectToAddress(AbstractPlainSocketImpl.java:206)
	at java.net.AbstractPlainSocketImpl.connect(AbstractPlainSocketImpl.java:188)
	at java.net.PlainSocketImpl.connect(PlainSocketImpl.java:172)
	at java.net.SocksSocketImpl.connect(SocksSocketImpl.java:392)
	at java.net.Socket.connect(Socket.java:589)
	at sun.net.NetworkClient.doConnect(NetworkClient.java:175)
	at sun.net.www.http.HttpClient.openServer(HttpClient.java:463)
	at sun.net.www.http.HttpClient.openServer(HttpClient.java:558)
	at sun.net.www.http.HttpClient.<init>(HttpClient.java:242)
	at sun.net.www.http.HttpClient.New(HttpClient.java:339)
	at sun.net.www.http.HttpClient.New(HttpClient.java:357)
	at sun.net.www.protocol.http.HttpURLConnection.getNewHttpClient(HttpURLConnection.java:1202)
	at sun.net.www.protocol.http.HttpURLConnection.plainConnect0(HttpURLConnection.java:1138)
	at sun.net.www.protocol.http.HttpURLConnection.plainConnect(HttpURLConnection.java:1032)
	at sun.net.www.protocol.http.HttpURLConnection.connect(HttpURLConnection.java:966)
	at com.alibaba.nacos.common.http.client.request.JdkHttpClientRequest.execute(JdkHttpClientRequest.java:112)
	at com.alibaba.nacos.common.http.client.NacosRestTemplate.execute(NacosRestTemplate.java:482)
	at com.alibaba.nacos.common.http.client.NacosRestTemplate.exchangeForm(NacosRestTemplate.java:427)
	at com.alibaba.nacos.client.naming.net.NamingProxy.callServer(NamingProxy.java:603)
	at com.alibaba.nacos.client.naming.net.NamingProxy.reqApi(NamingProxy.java:526)
	at com.alibaba.nacos.client.naming.net.NamingProxy.reqApi(NamingProxy.java:498)
	at com.alibaba.nacos.client.naming.net.NamingProxy.sendBeat(NamingProxy.java:433)
	at com.alibaba.nacos.client.naming.beat.BeatReactor$BeatTask.run(BeatReactor.java:167)
	at java.util.concurrent.Executors$RunnableAdapter.call(Executors.java:511)
	at java.util.concurrent.FutureTask.run(FutureTask.java:266)
	at java.util.concurrent.ScheduledThreadPoolExecutor$ScheduledFutureTask.access$201(ScheduledThreadPoolExecutor.java:180)
	at java.util.concurrent.ScheduledThreadPoolExecutor$ScheduledFutureTask.run(ScheduledThreadPoolExecutor.java:293)
	at java.util.concurrent.ThreadPoolExecutor.runWorker(ThreadPoolExecutor.java:1142)
	at java.util.concurrent.ThreadPoolExecutor$Worker.run(ThreadPoolExecutor.java:617)
	at java.lang.Thread.run(Thread.java:748)
2025-03-24 22:04:08,956 ERROR [com.alibaba.nacos.naming.beat.sender][NamingProxy.java:552] - request: /nacos/v1/ns/instance/beat failed, servers: [192.168.128.130:8848], code: 500, msg: connect timed out
2025-03-24 22:04:08,956 ERROR [com.alibaba.nacos.naming.beat.sender][BeatReactor.java:198] - [CLIENT-BEAT] failed to send beat: {"port":63045,"ip":"10.65.24.129","weight":1.0,"serviceName":"group001@@system-service","cluster":"DEFAULT","metadata":{"preserved.register.source":"SPRING_CLOUD"},"scheduled":false,"period":5000,"stopped":false}, code: 500, msg: failed to req API:/nacos/v1/ns/instance/beat after all servers([192.168.128.130:8848]) tried: java.net.SocketTimeoutException: connect timed out
2025-03-24 22:04:12,531 ERROR [com.alibaba.nacos.client.Worker.longPolling.fixed-192.168.128.130_8848-xczx][ServerHttpAgent.java:169] - [NACOS SocketTimeoutException httpPost] currentServerAddr: http://192.168.128.130:8848， err : connect timed out
2025-03-24 22:04:15,548 ERROR [com.alibaba.nacos.client.Worker.longPolling.fixed-192.168.128.130_8848-xczx][ServerHttpAgent.java:169] - [NACOS SocketTimeoutException httpPost] currentServerAddr: http://192.168.128.130:8848， err : connect timed out
2025-03-24 22:04:16,970 ERROR [com.alibaba.nacos.naming.beat.sender][NamingProxy.java:617] - [NA] failed to request
java.net.SocketTimeoutException: connect timed out
	at java.net.DualStackPlainSocketImpl.waitForConnect(Native Method)
	at java.net.DualStackPlainSocketImpl.socketConnect(DualStackPlainSocketImpl.java:85)
	at java.net.AbstractPlainSocketImpl.doConnect(AbstractPlainSocketImpl.java:350)
	at java.net.AbstractPlainSocketImpl.connectToAddress(AbstractPlainSocketImpl.java:206)
	at java.net.AbstractPlainSocketImpl.connect(AbstractPlainSocketImpl.java:188)
	at java.net.PlainSocketImpl.connect(PlainSocketImpl.java:172)
	at java.net.SocksSocketImpl.connect(SocksSocketImpl.java:392)
	at java.net.Socket.connect(Socket.java:589)
	at sun.net.NetworkClient.doConnect(NetworkClient.java:175)
	at sun.net.www.http.HttpClient.openServer(HttpClient.java:463)
	at sun.net.www.http.HttpClient.openServer(HttpClient.java:558)
	at sun.net.www.http.HttpClient.<init>(HttpClient.java:242)
	at sun.net.www.http.HttpClient.New(HttpClient.java:339)
	at sun.net.www.http.HttpClient.New(HttpClient.java:357)
	at sun.net.www.protocol.http.HttpURLConnection.getNewHttpClient(HttpURLConnection.java:1202)
	at sun.net.www.protocol.http.HttpURLConnection.plainConnect0(HttpURLConnection.java:1138)
	at sun.net.www.protocol.http.HttpURLConnection.plainConnect(HttpURLConnection.java:1032)
	at sun.net.www.protocol.http.HttpURLConnection.connect(HttpURLConnection.java:966)
	at com.alibaba.nacos.common.http.client.request.JdkHttpClientRequest.execute(JdkHttpClientRequest.java:112)
	at com.alibaba.nacos.common.http.client.NacosRestTemplate.execute(NacosRestTemplate.java:482)
	at com.alibaba.nacos.common.http.client.NacosRestTemplate.exchangeForm(NacosRestTemplate.java:427)
	at com.alibaba.nacos.client.naming.net.NamingProxy.callServer(NamingProxy.java:603)
	at com.alibaba.nacos.client.naming.net.NamingProxy.reqApi(NamingProxy.java:526)
	at com.alibaba.nacos.client.naming.net.NamingProxy.reqApi(NamingProxy.java:498)
	at com.alibaba.nacos.client.naming.net.NamingProxy.sendBeat(NamingProxy.java:433)
	at com.alibaba.nacos.client.naming.beat.BeatReactor$BeatTask.run(BeatReactor.java:167)
	at java.util.concurrent.Executors$RunnableAdapter.call(Executors.java:511)
	at java.util.concurrent.FutureTask.run(FutureTask.java:266)
	at java.util.concurrent.ScheduledThreadPoolExecutor$ScheduledFutureTask.access$201(ScheduledThreadPoolExecutor.java:180)
	at java.util.concurrent.ScheduledThreadPoolExecutor$ScheduledFutureTask.run(ScheduledThreadPoolExecutor.java:293)
	at java.util.concurrent.ThreadPoolExecutor.runWorker(ThreadPoolExecutor.java:1142)
	at java.util.concurrent.ThreadPoolExecutor$Worker.run(ThreadPoolExecutor.java:617)
	at java.lang.Thread.run(Thread.java:748)
2025-03-24 22:04:18,563 ERROR [com.alibaba.nacos.client.Worker.longPolling.fixed-192.168.128.130_8848-xczx][ServerHttpAgent.java:169] - [NACOS SocketTimeoutException httpPost] currentServerAddr: http://192.168.128.130:8848， err : connect timed out
2025-03-24 22:04:19,989 ERROR [com.alibaba.nacos.naming.beat.sender][NamingProxy.java:617] - [NA] failed to request
java.net.SocketTimeoutException: connect timed out
	at java.net.DualStackPlainSocketImpl.waitForConnect(Native Method)
	at java.net.DualStackPlainSocketImpl.socketConnect(DualStackPlainSocketImpl.java:85)
	at java.net.AbstractPlainSocketImpl.doConnect(AbstractPlainSocketImpl.java:350)
	at java.net.AbstractPlainSocketImpl.connectToAddress(AbstractPlainSocketImpl.java:206)
	at java.net.AbstractPlainSocketImpl.connect(AbstractPlainSocketImpl.java:188)
	at java.net.PlainSocketImpl.connect(PlainSocketImpl.java:172)
	at java.net.SocksSocketImpl.connect(SocksSocketImpl.java:392)
	at java.net.Socket.connect(Socket.java:589)
	at sun.net.NetworkClient.doConnect(NetworkClient.java:175)
	at sun.net.www.http.HttpClient.openServer(HttpClient.java:463)
	at sun.net.www.http.HttpClient.openServer(HttpClient.java:558)
	at sun.net.www.http.HttpClient.<init>(HttpClient.java:242)
	at sun.net.www.http.HttpClient.New(HttpClient.java:339)
	at sun.net.www.http.HttpClient.New(HttpClient.java:357)
	at sun.net.www.protocol.http.HttpURLConnection.getNewHttpClient(HttpURLConnection.java:1202)
	at sun.net.www.protocol.http.HttpURLConnection.plainConnect0(HttpURLConnection.java:1138)
	at sun.net.www.protocol.http.HttpURLConnection.plainConnect(HttpURLConnection.java:1032)
	at sun.net.www.protocol.http.HttpURLConnection.connect(HttpURLConnection.java:966)
	at com.alibaba.nacos.common.http.client.request.JdkHttpClientRequest.execute(JdkHttpClientRequest.java:112)
	at com.alibaba.nacos.common.http.client.NacosRestTemplate.execute(NacosRestTemplate.java:482)
	at com.alibaba.nacos.common.http.client.NacosRestTemplate.exchangeForm(NacosRestTemplate.java:427)
	at com.alibaba.nacos.client.naming.net.NamingProxy.callServer(NamingProxy.java:603)
	at com.alibaba.nacos.client.naming.net.NamingProxy.reqApi(NamingProxy.java:526)
	at com.alibaba.nacos.client.naming.net.NamingProxy.reqApi(NamingProxy.java:498)
	at com.alibaba.nacos.client.naming.net.NamingProxy.sendBeat(NamingProxy.java:433)
	at com.alibaba.nacos.client.naming.beat.BeatReactor$BeatTask.run(BeatReactor.java:167)
	at java.util.concurrent.Executors$RunnableAdapter.call(Executors.java:511)
	at java.util.concurrent.FutureTask.run(FutureTask.java:266)
	at java.util.concurrent.ScheduledThreadPoolExecutor$ScheduledFutureTask.access$201(ScheduledThreadPoolExecutor.java:180)
	at java.util.concurrent.ScheduledThreadPoolExecutor$ScheduledFutureTask.run(ScheduledThreadPoolExecutor.java:293)
	at java.util.concurrent.ThreadPoolExecutor.runWorker(ThreadPoolExecutor.java:1142)
	at java.util.concurrent.ThreadPoolExecutor$Worker.run(ThreadPoolExecutor.java:617)
	at java.lang.Thread.run(Thread.java:748)
2025-03-24 22:04:21,571 ERROR [com.alibaba.nacos.client.Worker.longPolling.fixed-192.168.128.130_8848-xczx][ServerHttpAgent.java:169] - [NACOS SocketTimeoutException httpPost] currentServerAddr: http://192.168.128.130:8848， err : connect timed out
2025-03-24 22:04:21,571 ERROR [com.alibaba.nacos.client.Worker.longPolling.fixed-192.168.128.130_8848-xczx][ClientWorker.java:393] - [fixed-192.168.128.130_8848-xczx] [check-update] get changed dataId exception
java.net.ConnectException: [NACOS HTTP-POST] The maximum number of tolerable server reconnection errors has been reached
	at com.alibaba.nacos.client.config.http.ServerHttpAgent.httpPost(ServerHttpAgent.java:181)
	at com.alibaba.nacos.client.config.http.MetricsHttpAgent.httpPost(MetricsHttpAgent.java:67)
	at com.alibaba.nacos.client.config.impl.ClientWorker.checkUpdateConfigStr(ClientWorker.java:380)
	at com.alibaba.nacos.client.config.impl.ClientWorker.checkUpdateDataIds(ClientWorker.java:347)
	at com.alibaba.nacos.client.config.impl.ClientWorker$LongPollingRunnable.run(ClientWorker.java:535)
	at java.util.concurrent.Executors$RunnableAdapter.call(Executors.java:511)
	at java.util.concurrent.FutureTask.run(FutureTask.java:266)
	at java.util.concurrent.ScheduledThreadPoolExecutor$ScheduledFutureTask.access$201(ScheduledThreadPoolExecutor.java:180)
	at java.util.concurrent.ScheduledThreadPoolExecutor$ScheduledFutureTask.run(ScheduledThreadPoolExecutor.java:293)
	at java.util.concurrent.ThreadPoolExecutor.runWorker(ThreadPoolExecutor.java:1142)
	at java.util.concurrent.ThreadPoolExecutor$Worker.run(ThreadPoolExecutor.java:617)
	at java.lang.Thread.run(Thread.java:748)
2025-03-24 22:04:21,571 ERROR [com.alibaba.nacos.client.Worker.longPolling.fixed-192.168.128.130_8848-xczx][ClientWorker.java:580] - longPolling error : 
java.net.ConnectException: [NACOS HTTP-POST] The maximum number of tolerable server reconnection errors has been reached
	at com.alibaba.nacos.client.config.http.ServerHttpAgent.httpPost(ServerHttpAgent.java:181)
	at com.alibaba.nacos.client.config.http.MetricsHttpAgent.httpPost(MetricsHttpAgent.java:67)
	at com.alibaba.nacos.client.config.impl.ClientWorker.checkUpdateConfigStr(ClientWorker.java:380)
	at com.alibaba.nacos.client.config.impl.ClientWorker.checkUpdateDataIds(ClientWorker.java:347)
	at com.alibaba.nacos.client.config.impl.ClientWorker$LongPollingRunnable.run(ClientWorker.java:535)
	at java.util.concurrent.Executors$RunnableAdapter.call(Executors.java:511)
	at java.util.concurrent.FutureTask.run(FutureTask.java:266)
	at java.util.concurrent.ScheduledThreadPoolExecutor$ScheduledFutureTask.access$201(ScheduledThreadPoolExecutor.java:180)
	at java.util.concurrent.ScheduledThreadPoolExecutor$ScheduledFutureTask.run(ScheduledThreadPoolExecutor.java:293)
	at java.util.concurrent.ThreadPoolExecutor.runWorker(ThreadPoolExecutor.java:1142)
	at java.util.concurrent.ThreadPoolExecutor$Worker.run(ThreadPoolExecutor.java:617)
	at java.lang.Thread.run(Thread.java:748)
2025-03-24 22:04:23,007 ERROR [com.alibaba.nacos.naming.beat.sender][NamingProxy.java:617] - [NA] failed to request
java.net.SocketTimeoutException: connect timed out
	at java.net.DualStackPlainSocketImpl.waitForConnect(Native Method)
	at java.net.DualStackPlainSocketImpl.socketConnect(DualStackPlainSocketImpl.java:85)
	at java.net.AbstractPlainSocketImpl.doConnect(AbstractPlainSocketImpl.java:350)
	at java.net.AbstractPlainSocketImpl.connectToAddress(AbstractPlainSocketImpl.java:206)
	at java.net.AbstractPlainSocketImpl.connect(AbstractPlainSocketImpl.java:188)
	at java.net.PlainSocketImpl.connect(PlainSocketImpl.java:172)
	at java.net.SocksSocketImpl.connect(SocksSocketImpl.java:392)
	at java.net.Socket.connect(Socket.java:589)
	at sun.net.NetworkClient.doConnect(NetworkClient.java:175)
	at sun.net.www.http.HttpClient.openServer(HttpClient.java:463)
	at sun.net.www.http.HttpClient.openServer(HttpClient.java:558)
	at sun.net.www.http.HttpClient.<init>(HttpClient.java:242)
	at sun.net.www.http.HttpClient.New(HttpClient.java:339)
	at sun.net.www.http.HttpClient.New(HttpClient.java:357)
	at sun.net.www.protocol.http.HttpURLConnection.getNewHttpClient(HttpURLConnection.java:1202)
	at sun.net.www.protocol.http.HttpURLConnection.plainConnect0(HttpURLConnection.java:1138)
	at sun.net.www.protocol.http.HttpURLConnection.plainConnect(HttpURLConnection.java:1032)
	at sun.net.www.protocol.http.HttpURLConnection.connect(HttpURLConnection.java:966)
	at com.alibaba.nacos.common.http.client.request.JdkHttpClientRequest.execute(JdkHttpClientRequest.java:112)
	at com.alibaba.nacos.common.http.client.NacosRestTemplate.execute(NacosRestTemplate.java:482)
	at com.alibaba.nacos.common.http.client.NacosRestTemplate.exchangeForm(NacosRestTemplate.java:427)
	at com.alibaba.nacos.client.naming.net.NamingProxy.callServer(NamingProxy.java:603)
	at com.alibaba.nacos.client.naming.net.NamingProxy.reqApi(NamingProxy.java:526)
	at com.alibaba.nacos.client.naming.net.NamingProxy.reqApi(NamingProxy.java:498)
	at com.alibaba.nacos.client.naming.net.NamingProxy.sendBeat(NamingProxy.java:433)
	at com.alibaba.nacos.client.naming.beat.BeatReactor$BeatTask.run(BeatReactor.java:167)
	at java.util.concurrent.Executors$RunnableAdapter.call(Executors.java:511)
	at java.util.concurrent.FutureTask.run(FutureTask.java:266)
	at java.util.concurrent.ScheduledThreadPoolExecutor$ScheduledFutureTask.access$201(ScheduledThreadPoolExecutor.java:180)
	at java.util.concurrent.ScheduledThreadPoolExecutor$ScheduledFutureTask.run(ScheduledThreadPoolExecutor.java:293)
	at java.util.concurrent.ThreadPoolExecutor.runWorker(ThreadPoolExecutor.java:1142)
	at java.util.concurrent.ThreadPoolExecutor$Worker.run(ThreadPoolExecutor.java:617)
	at java.lang.Thread.run(Thread.java:748)
2025-03-24 22:04:23,011 ERROR [com.alibaba.nacos.naming.beat.sender][NamingProxy.java:552] - request: /nacos/v1/ns/instance/beat failed, servers: [192.168.128.130:8848], code: 500, msg: connect timed out
2025-03-24 22:04:23,011 ERROR [com.alibaba.nacos.naming.beat.sender][BeatReactor.java:198] - [CLIENT-BEAT] failed to send beat: {"port":63045,"ip":"10.65.24.129","weight":1.0,"serviceName":"group001@@system-service","cluster":"DEFAULT","metadata":{"preserved.register.source":"SPRING_CLOUD"},"scheduled":false,"period":5000,"stopped":false}, code: 500, msg: failed to req API:/nacos/v1/ns/instance/beat after all servers([192.168.128.130:8848]) tried: java.net.SocketTimeoutException: connect timed out
2025-03-24 22:04:26,585 ERROR [com.alibaba.nacos.client.Worker.longPolling.fixed-192.168.128.130_8848-xczx][ServerHttpAgent.java:169] - [NACOS SocketTimeoutException httpPost] currentServerAddr: http://192.168.128.130:8848， err : connect timed out
2025-03-24 22:04:29,599 ERROR [com.alibaba.nacos.client.Worker.longPolling.fixed-192.168.128.130_8848-xczx][ServerHttpAgent.java:169] - [NACOS SocketTimeoutException httpPost] currentServerAddr: http://192.168.128.130:8848， err : connect timed out
2025-03-24 22:04:30,526 ERROR [com.alibaba.nacos.client.naming.updater][NamingProxy.java:617] - [NA] failed to request
java.net.SocketTimeoutException: connect timed out
	at java.net.DualStackPlainSocketImpl.waitForConnect(Native Method)
	at java.net.DualStackPlainSocketImpl.socketConnect(DualStackPlainSocketImpl.java:85)
	at java.net.AbstractPlainSocketImpl.doConnect(AbstractPlainSocketImpl.java:350)
	at java.net.AbstractPlainSocketImpl.connectToAddress(AbstractPlainSocketImpl.java:206)
	at java.net.AbstractPlainSocketImpl.connect(AbstractPlainSocketImpl.java:188)
	at java.net.PlainSocketImpl.connect(PlainSocketImpl.java:172)
	at java.net.SocksSocketImpl.connect(SocksSocketImpl.java:392)
	at java.net.Socket.connect(Socket.java:589)
	at sun.net.NetworkClient.doConnect(NetworkClient.java:175)
	at sun.net.www.http.HttpClient.openServer(HttpClient.java:463)
	at sun.net.www.http.HttpClient.openServer(HttpClient.java:558)
	at sun.net.www.http.HttpClient.<init>(HttpClient.java:242)
	at sun.net.www.http.HttpClient.New(HttpClient.java:339)
	at sun.net.www.http.HttpClient.New(HttpClient.java:357)
	at sun.net.www.protocol.http.HttpURLConnection.getNewHttpClient(HttpURLConnection.java:1202)
	at sun.net.www.protocol.http.HttpURLConnection.plainConnect0(HttpURLConnection.java:1138)
	at sun.net.www.protocol.http.HttpURLConnection.plainConnect(HttpURLConnection.java:1032)
	at sun.net.www.protocol.http.HttpURLConnection.connect(HttpURLConnection.java:966)
	at com.alibaba.nacos.common.http.client.request.JdkHttpClientRequest.execute(JdkHttpClientRequest.java:112)
	at com.alibaba.nacos.common.http.client.NacosRestTemplate.execute(NacosRestTemplate.java:482)
	at com.alibaba.nacos.common.http.client.NacosRestTemplate.exchangeForm(NacosRestTemplate.java:427)
	at com.alibaba.nacos.client.naming.net.NamingProxy.callServer(NamingProxy.java:603)
	at com.alibaba.nacos.client.naming.net.NamingProxy.reqApi(NamingProxy.java:526)
	at com.alibaba.nacos.client.naming.net.NamingProxy.reqApi(NamingProxy.java:498)
	at com.alibaba.nacos.client.naming.net.NamingProxy.reqApi(NamingProxy.java:493)
	at com.alibaba.nacos.client.naming.net.NamingProxy.queryList(NamingProxy.java:407)
	at com.alibaba.nacos.client.naming.core.HostReactor.updateService(HostReactor.java:382)
	at com.alibaba.nacos.client.naming.core.HostReactor$UpdateTask.run(HostReactor.java:464)
	at java.util.concurrent.Executors$RunnableAdapter.call(Executors.java:511)
	at java.util.concurrent.FutureTask.run(FutureTask.java:266)
	at java.util.concurrent.ScheduledThreadPoolExecutor$ScheduledFutureTask.access$201(ScheduledThreadPoolExecutor.java:180)
	at java.util.concurrent.ScheduledThreadPoolExecutor$ScheduledFutureTask.run(ScheduledThreadPoolExecutor.java:293)
	at java.util.concurrent.ThreadPoolExecutor.runWorker(ThreadPoolExecutor.java:1142)
	at java.util.concurrent.ThreadPoolExecutor$Worker.run(ThreadPoolExecutor.java:617)
	at java.lang.Thread.run(Thread.java:748)
2025-03-24 22:04:31,023 ERROR [com.alibaba.nacos.naming.beat.sender][NamingProxy.java:617] - [NA] failed to request
java.net.SocketTimeoutException: connect timed out
	at java.net.DualStackPlainSocketImpl.waitForConnect(Native Method)
	at java.net.DualStackPlainSocketImpl.socketConnect(DualStackPlainSocketImpl.java:85)
	at java.net.AbstractPlainSocketImpl.doConnect(AbstractPlainSocketImpl.java:350)
	at java.net.AbstractPlainSocketImpl.connectToAddress(AbstractPlainSocketImpl.java:206)
	at java.net.AbstractPlainSocketImpl.connect(AbstractPlainSocketImpl.java:188)
	at java.net.PlainSocketImpl.connect(PlainSocketImpl.java:172)
	at java.net.SocksSocketImpl.connect(SocksSocketImpl.java:392)
	at java.net.Socket.connect(Socket.java:589)
	at sun.net.NetworkClient.doConnect(NetworkClient.java:175)
	at sun.net.www.http.HttpClient.openServer(HttpClient.java:463)
	at sun.net.www.http.HttpClient.openServer(HttpClient.java:558)
	at sun.net.www.http.HttpClient.<init>(HttpClient.java:242)
	at sun.net.www.http.HttpClient.New(HttpClient.java:339)
	at sun.net.www.http.HttpClient.New(HttpClient.java:357)
	at sun.net.www.protocol.http.HttpURLConnection.getNewHttpClient(HttpURLConnection.java:1202)
	at sun.net.www.protocol.http.HttpURLConnection.plainConnect0(HttpURLConnection.java:1138)
	at sun.net.www.protocol.http.HttpURLConnection.plainConnect(HttpURLConnection.java:1032)
	at sun.net.www.protocol.http.HttpURLConnection.connect(HttpURLConnection.java:966)
	at com.alibaba.nacos.common.http.client.request.JdkHttpClientRequest.execute(JdkHttpClientRequest.java:112)
	at com.alibaba.nacos.common.http.client.NacosRestTemplate.execute(NacosRestTemplate.java:482)
	at com.alibaba.nacos.common.http.client.NacosRestTemplate.exchangeForm(NacosRestTemplate.java:427)
	at com.alibaba.nacos.client.naming.net.NamingProxy.callServer(NamingProxy.java:603)
	at com.alibaba.nacos.client.naming.net.NamingProxy.reqApi(NamingProxy.java:526)
	at com.alibaba.nacos.client.naming.net.NamingProxy.reqApi(NamingProxy.java:498)
	at com.alibaba.nacos.client.naming.net.NamingProxy.sendBeat(NamingProxy.java:433)
	at com.alibaba.nacos.client.naming.beat.BeatReactor$BeatTask.run(BeatReactor.java:167)
	at java.util.concurrent.Executors$RunnableAdapter.call(Executors.java:511)
	at java.util.concurrent.FutureTask.run(FutureTask.java:266)
	at java.util.concurrent.ScheduledThreadPoolExecutor$ScheduledFutureTask.access$201(ScheduledThreadPoolExecutor.java:180)
	at java.util.concurrent.ScheduledThreadPoolExecutor$ScheduledFutureTask.run(ScheduledThreadPoolExecutor.java:293)
	at java.util.concurrent.ThreadPoolExecutor.runWorker(ThreadPoolExecutor.java:1142)
	at java.util.concurrent.ThreadPoolExecutor$Worker.run(ThreadPoolExecutor.java:617)
	at java.lang.Thread.run(Thread.java:748)
2025-03-24 22:04:32,604 ERROR [com.alibaba.nacos.client.Worker.longPolling.fixed-192.168.128.130_8848-xczx][ServerHttpAgent.java:169] - [NACOS SocketTimeoutException httpPost] currentServerAddr: http://192.168.128.130:8848， err : connect timed out
2025-03-24 22:04:33,531 ERROR [com.alibaba.nacos.client.naming.updater][NamingProxy.java:617] - [NA] failed to request
java.net.SocketTimeoutException: connect timed out
	at java.net.DualStackPlainSocketImpl.waitForConnect(Native Method)
	at java.net.DualStackPlainSocketImpl.socketConnect(DualStackPlainSocketImpl.java:85)
	at java.net.AbstractPlainSocketImpl.doConnect(AbstractPlainSocketImpl.java:350)
	at java.net.AbstractPlainSocketImpl.connectToAddress(AbstractPlainSocketImpl.java:206)
	at java.net.AbstractPlainSocketImpl.connect(AbstractPlainSocketImpl.java:188)
	at java.net.PlainSocketImpl.connect(PlainSocketImpl.java:172)
	at java.net.SocksSocketImpl.connect(SocksSocketImpl.java:392)
	at java.net.Socket.connect(Socket.java:589)
	at sun.net.NetworkClient.doConnect(NetworkClient.java:175)
	at sun.net.www.http.HttpClient.openServer(HttpClient.java:463)
	at sun.net.www.http.HttpClient.openServer(HttpClient.java:558)
	at sun.net.www.http.HttpClient.<init>(HttpClient.java:242)
	at sun.net.www.http.HttpClient.New(HttpClient.java:339)
	at sun.net.www.http.HttpClient.New(HttpClient.java:357)
	at sun.net.www.protocol.http.HttpURLConnection.getNewHttpClient(HttpURLConnection.java:1202)
	at sun.net.www.protocol.http.HttpURLConnection.plainConnect0(HttpURLConnection.java:1138)
	at sun.net.www.protocol.http.HttpURLConnection.plainConnect(HttpURLConnection.java:1032)
	at sun.net.www.protocol.http.HttpURLConnection.connect(HttpURLConnection.java:966)
	at com.alibaba.nacos.common.http.client.request.JdkHttpClientRequest.execute(JdkHttpClientRequest.java:112)
	at com.alibaba.nacos.common.http.client.NacosRestTemplate.execute(NacosRestTemplate.java:482)
	at com.alibaba.nacos.common.http.client.NacosRestTemplate.exchangeForm(NacosRestTemplate.java:427)
	at com.alibaba.nacos.client.naming.net.NamingProxy.callServer(NamingProxy.java:603)
	at com.alibaba.nacos.client.naming.net.NamingProxy.reqApi(NamingProxy.java:526)
	at com.alibaba.nacos.client.naming.net.NamingProxy.reqApi(NamingProxy.java:498)
	at com.alibaba.nacos.client.naming.net.NamingProxy.reqApi(NamingProxy.java:493)
	at com.alibaba.nacos.client.naming.net.NamingProxy.queryList(NamingProxy.java:407)
	at com.alibaba.nacos.client.naming.core.HostReactor.updateService(HostReactor.java:382)
	at com.alibaba.nacos.client.naming.core.HostReactor$UpdateTask.run(HostReactor.java:464)
	at java.util.concurrent.Executors$RunnableAdapter.call(Executors.java:511)
	at java.util.concurrent.FutureTask.run(FutureTask.java:266)
	at java.util.concurrent.ScheduledThreadPoolExecutor$ScheduledFutureTask.access$201(ScheduledThreadPoolExecutor.java:180)
	at java.util.concurrent.ScheduledThreadPoolExecutor$ScheduledFutureTask.run(ScheduledThreadPoolExecutor.java:293)
	at java.util.concurrent.ThreadPoolExecutor.runWorker(ThreadPoolExecutor.java:1142)
	at java.util.concurrent.ThreadPoolExecutor$Worker.run(ThreadPoolExecutor.java:617)
	at java.lang.Thread.run(Thread.java:748)
2025-03-24 22:04:34,026 ERROR [com.alibaba.nacos.naming.beat.sender][NamingProxy.java:617] - [NA] failed to request
java.net.SocketTimeoutException: connect timed out
	at java.net.DualStackPlainSocketImpl.waitForConnect(Native Method)
	at java.net.DualStackPlainSocketImpl.socketConnect(DualStackPlainSocketImpl.java:85)
	at java.net.AbstractPlainSocketImpl.doConnect(AbstractPlainSocketImpl.java:350)
	at java.net.AbstractPlainSocketImpl.connectToAddress(AbstractPlainSocketImpl.java:206)
	at java.net.AbstractPlainSocketImpl.connect(AbstractPlainSocketImpl.java:188)
	at java.net.PlainSocketImpl.connect(PlainSocketImpl.java:172)
	at java.net.SocksSocketImpl.connect(SocksSocketImpl.java:392)
	at java.net.Socket.connect(Socket.java:589)
	at sun.net.NetworkClient.doConnect(NetworkClient.java:175)
	at sun.net.www.http.HttpClient.openServer(HttpClient.java:463)
	at sun.net.www.http.HttpClient.openServer(HttpClient.java:558)
	at sun.net.www.http.HttpClient.<init>(HttpClient.java:242)
	at sun.net.www.http.HttpClient.New(HttpClient.java:339)
	at sun.net.www.http.HttpClient.New(HttpClient.java:357)
	at sun.net.www.protocol.http.HttpURLConnection.getNewHttpClient(HttpURLConnection.java:1202)
	at sun.net.www.protocol.http.HttpURLConnection.plainConnect0(HttpURLConnection.java:1138)
	at sun.net.www.protocol.http.HttpURLConnection.plainConnect(HttpURLConnection.java:1032)
	at sun.net.www.protocol.http.HttpURLConnection.connect(HttpURLConnection.java:966)
	at com.alibaba.nacos.common.http.client.request.JdkHttpClientRequest.execute(JdkHttpClientRequest.java:112)
	at com.alibaba.nacos.common.http.client.NacosRestTemplate.execute(NacosRestTemplate.java:482)
	at com.alibaba.nacos.common.http.client.NacosRestTemplate.exchangeForm(NacosRestTemplate.java:427)
	at com.alibaba.nacos.client.naming.net.NamingProxy.callServer(NamingProxy.java:603)
	at com.alibaba.nacos.client.naming.net.NamingProxy.reqApi(NamingProxy.java:526)
	at com.alibaba.nacos.client.naming.net.NamingProxy.reqApi(NamingProxy.java:498)
	at com.alibaba.nacos.client.naming.net.NamingProxy.sendBeat(NamingProxy.java:433)
	at com.alibaba.nacos.client.naming.beat.BeatReactor$BeatTask.run(BeatReactor.java:167)
	at java.util.concurrent.Executors$RunnableAdapter.call(Executors.java:511)
	at java.util.concurrent.FutureTask.run(FutureTask.java:266)
	at java.util.concurrent.ScheduledThreadPoolExecutor$ScheduledFutureTask.access$201(ScheduledThreadPoolExecutor.java:180)
	at java.util.concurrent.ScheduledThreadPoolExecutor$ScheduledFutureTask.run(ScheduledThreadPoolExecutor.java:293)
	at java.util.concurrent.ThreadPoolExecutor.runWorker(ThreadPoolExecutor.java:1142)
	at java.util.concurrent.ThreadPoolExecutor$Worker.run(ThreadPoolExecutor.java:617)
	at java.lang.Thread.run(Thread.java:748)
2025-03-24 22:04:35,607 ERROR [com.alibaba.nacos.client.Worker.longPolling.fixed-192.168.128.130_8848-xczx][ServerHttpAgent.java:169] - [NACOS SocketTimeoutException httpPost] currentServerAddr: http://192.168.128.130:8848， err : connect timed out
2025-03-24 22:04:35,607 ERROR [com.alibaba.nacos.client.Worker.longPolling.fixed-192.168.128.130_8848-xczx][ClientWorker.java:393] - [fixed-192.168.128.130_8848-xczx] [check-update] get changed dataId exception
java.net.ConnectException: [NACOS HTTP-POST] The maximum number of tolerable server reconnection errors has been reached
	at com.alibaba.nacos.client.config.http.ServerHttpAgent.httpPost(ServerHttpAgent.java:181)
	at com.alibaba.nacos.client.config.http.MetricsHttpAgent.httpPost(MetricsHttpAgent.java:67)
	at com.alibaba.nacos.client.config.impl.ClientWorker.checkUpdateConfigStr(ClientWorker.java:380)
	at com.alibaba.nacos.client.config.impl.ClientWorker.checkUpdateDataIds(ClientWorker.java:347)
	at com.alibaba.nacos.client.config.impl.ClientWorker$LongPollingRunnable.run(ClientWorker.java:535)
	at java.util.concurrent.Executors$RunnableAdapter.call(Executors.java:511)
	at java.util.concurrent.FutureTask.run(FutureTask.java:266)
	at java.util.concurrent.ScheduledThreadPoolExecutor$ScheduledFutureTask.access$201(ScheduledThreadPoolExecutor.java:180)
	at java.util.concurrent.ScheduledThreadPoolExecutor$ScheduledFutureTask.run(ScheduledThreadPoolExecutor.java:293)
	at java.util.concurrent.ThreadPoolExecutor.runWorker(ThreadPoolExecutor.java:1142)
	at java.util.concurrent.ThreadPoolExecutor$Worker.run(ThreadPoolExecutor.java:617)
	at java.lang.Thread.run(Thread.java:748)
2025-03-24 22:04:35,607 ERROR [com.alibaba.nacos.client.Worker.longPolling.fixed-192.168.128.130_8848-xczx][ClientWorker.java:580] - longPolling error : 
java.net.ConnectException: [NACOS HTTP-POST] The maximum number of tolerable server reconnection errors has been reached
	at com.alibaba.nacos.client.config.http.ServerHttpAgent.httpPost(ServerHttpAgent.java:181)
	at com.alibaba.nacos.client.config.http.MetricsHttpAgent.httpPost(MetricsHttpAgent.java:67)
	at com.alibaba.nacos.client.config.impl.ClientWorker.checkUpdateConfigStr(ClientWorker.java:380)
	at com.alibaba.nacos.client.config.impl.ClientWorker.checkUpdateDataIds(ClientWorker.java:347)
	at com.alibaba.nacos.client.config.impl.ClientWorker$LongPollingRunnable.run(ClientWorker.java:535)
	at java.util.concurrent.Executors$RunnableAdapter.call(Executors.java:511)
	at java.util.concurrent.FutureTask.run(FutureTask.java:266)
	at java.util.concurrent.ScheduledThreadPoolExecutor$ScheduledFutureTask.access$201(ScheduledThreadPoolExecutor.java:180)
	at java.util.concurrent.ScheduledThreadPoolExecutor$ScheduledFutureTask.run(ScheduledThreadPoolExecutor.java:293)
	at java.util.concurrent.ThreadPoolExecutor.runWorker(ThreadPoolExecutor.java:1142)
	at java.util.concurrent.ThreadPoolExecutor$Worker.run(ThreadPoolExecutor.java:617)
	at java.lang.Thread.run(Thread.java:748)
2025-03-24 22:04:36,533 ERROR [com.alibaba.nacos.client.naming.updater][NamingProxy.java:617] - [NA] failed to request
java.net.SocketTimeoutException: connect timed out
	at java.net.DualStackPlainSocketImpl.waitForConnect(Native Method)
	at java.net.DualStackPlainSocketImpl.socketConnect(DualStackPlainSocketImpl.java:85)
	at java.net.AbstractPlainSocketImpl.doConnect(AbstractPlainSocketImpl.java:350)
	at java.net.AbstractPlainSocketImpl.connectToAddress(AbstractPlainSocketImpl.java:206)
	at java.net.AbstractPlainSocketImpl.connect(AbstractPlainSocketImpl.java:188)
	at java.net.PlainSocketImpl.connect(PlainSocketImpl.java:172)
	at java.net.SocksSocketImpl.connect(SocksSocketImpl.java:392)
	at java.net.Socket.connect(Socket.java:589)
	at sun.net.NetworkClient.doConnect(NetworkClient.java:175)
	at sun.net.www.http.HttpClient.openServer(HttpClient.java:463)
	at sun.net.www.http.HttpClient.openServer(HttpClient.java:558)
	at sun.net.www.http.HttpClient.<init>(HttpClient.java:242)
	at sun.net.www.http.HttpClient.New(HttpClient.java:339)
	at sun.net.www.http.HttpClient.New(HttpClient.java:357)
	at sun.net.www.protocol.http.HttpURLConnection.getNewHttpClient(HttpURLConnection.java:1202)
	at sun.net.www.protocol.http.HttpURLConnection.plainConnect0(HttpURLConnection.java:1138)
	at sun.net.www.protocol.http.HttpURLConnection.plainConnect(HttpURLConnection.java:1032)
	at sun.net.www.protocol.http.HttpURLConnection.connect(HttpURLConnection.java:966)
	at com.alibaba.nacos.common.http.client.request.JdkHttpClientRequest.execute(JdkHttpClientRequest.java:112)
	at com.alibaba.nacos.common.http.client.NacosRestTemplate.execute(NacosRestTemplate.java:482)
	at com.alibaba.nacos.common.http.client.NacosRestTemplate.exchangeForm(NacosRestTemplate.java:427)
	at com.alibaba.nacos.client.naming.net.NamingProxy.callServer(NamingProxy.java:603)
	at com.alibaba.nacos.client.naming.net.NamingProxy.reqApi(NamingProxy.java:526)
	at com.alibaba.nacos.client.naming.net.NamingProxy.reqApi(NamingProxy.java:498)
	at com.alibaba.nacos.client.naming.net.NamingProxy.reqApi(NamingProxy.java:493)
	at com.alibaba.nacos.client.naming.net.NamingProxy.queryList(NamingProxy.java:407)
	at com.alibaba.nacos.client.naming.core.HostReactor.updateService(HostReactor.java:382)
	at com.alibaba.nacos.client.naming.core.HostReactor$UpdateTask.run(HostReactor.java:464)
	at java.util.concurrent.Executors$RunnableAdapter.call(Executors.java:511)
	at java.util.concurrent.FutureTask.run(FutureTask.java:266)
	at java.util.concurrent.ScheduledThreadPoolExecutor$ScheduledFutureTask.access$201(ScheduledThreadPoolExecutor.java:180)
	at java.util.concurrent.ScheduledThreadPoolExecutor$ScheduledFutureTask.run(ScheduledThreadPoolExecutor.java:293)
	at java.util.concurrent.ThreadPoolExecutor.runWorker(ThreadPoolExecutor.java:1142)
	at java.util.concurrent.ThreadPoolExecutor$Worker.run(ThreadPoolExecutor.java:617)
	at java.lang.Thread.run(Thread.java:748)
2025-03-24 22:04:36,533 ERROR [com.alibaba.nacos.client.naming.updater][NamingProxy.java:552] - request: /nacos/v1/ns/instance/list failed, servers: [192.168.128.130:8848], code: 500, msg: connect timed out
2025-03-24 22:04:37,031 ERROR [com.alibaba.nacos.naming.beat.sender][NamingProxy.java:617] - [NA] failed to request
java.net.SocketTimeoutException: connect timed out
	at java.net.DualStackPlainSocketImpl.waitForConnect(Native Method)
	at java.net.DualStackPlainSocketImpl.socketConnect(DualStackPlainSocketImpl.java:85)
	at java.net.AbstractPlainSocketImpl.doConnect(AbstractPlainSocketImpl.java:350)
	at java.net.AbstractPlainSocketImpl.connectToAddress(AbstractPlainSocketImpl.java:206)
	at java.net.AbstractPlainSocketImpl.connect(AbstractPlainSocketImpl.java:188)
	at java.net.PlainSocketImpl.connect(PlainSocketImpl.java:172)
	at java.net.SocksSocketImpl.connect(SocksSocketImpl.java:392)
	at java.net.Socket.connect(Socket.java:589)
	at sun.net.NetworkClient.doConnect(NetworkClient.java:175)
	at sun.net.www.http.HttpClient.openServer(HttpClient.java:463)
	at sun.net.www.http.HttpClient.openServer(HttpClient.java:558)
	at sun.net.www.http.HttpClient.<init>(HttpClient.java:242)
	at sun.net.www.http.HttpClient.New(HttpClient.java:339)
	at sun.net.www.http.HttpClient.New(HttpClient.java:357)
	at sun.net.www.protocol.http.HttpURLConnection.getNewHttpClient(HttpURLConnection.java:1202)
	at sun.net.www.protocol.http.HttpURLConnection.plainConnect0(HttpURLConnection.java:1138)
	at sun.net.www.protocol.http.HttpURLConnection.plainConnect(HttpURLConnection.java:1032)
	at sun.net.www.protocol.http.HttpURLConnection.connect(HttpURLConnection.java:966)
	at com.alibaba.nacos.common.http.client.request.JdkHttpClientRequest.execute(JdkHttpClientRequest.java:112)
	at com.alibaba.nacos.common.http.client.NacosRestTemplate.execute(NacosRestTemplate.java:482)
	at com.alibaba.nacos.common.http.client.NacosRestTemplate.exchangeForm(NacosRestTemplate.java:427)
	at com.alibaba.nacos.client.naming.net.NamingProxy.callServer(NamingProxy.java:603)
	at com.alibaba.nacos.client.naming.net.NamingProxy.reqApi(NamingProxy.java:526)
	at com.alibaba.nacos.client.naming.net.NamingProxy.reqApi(NamingProxy.java:498)
	at com.alibaba.nacos.client.naming.net.NamingProxy.sendBeat(NamingProxy.java:433)
	at com.alibaba.nacos.client.naming.beat.BeatReactor$BeatTask.run(BeatReactor.java:167)
	at java.util.concurrent.Executors$RunnableAdapter.call(Executors.java:511)
	at java.util.concurrent.FutureTask.run(FutureTask.java:266)
	at java.util.concurrent.ScheduledThreadPoolExecutor$ScheduledFutureTask.access$201(ScheduledThreadPoolExecutor.java:180)
	at java.util.concurrent.ScheduledThreadPoolExecutor$ScheduledFutureTask.run(ScheduledThreadPoolExecutor.java:293)
	at java.util.concurrent.ThreadPoolExecutor.runWorker(ThreadPoolExecutor.java:1142)
	at java.util.concurrent.ThreadPoolExecutor$Worker.run(ThreadPoolExecutor.java:617)
	at java.lang.Thread.run(Thread.java:748)
2025-03-24 22:04:37,031 ERROR [com.alibaba.nacos.naming.beat.sender][NamingProxy.java:552] - request: /nacos/v1/ns/instance/beat failed, servers: [192.168.128.130:8848], code: 500, msg: connect timed out
2025-03-24 22:04:37,031 ERROR [com.alibaba.nacos.naming.beat.sender][BeatReactor.java:198] - [CLIENT-BEAT] failed to send beat: {"port":63045,"ip":"10.65.24.129","weight":1.0,"serviceName":"group001@@system-service","cluster":"DEFAULT","metadata":{"preserved.register.source":"SPRING_CLOUD"},"scheduled":false,"period":5000,"stopped":false}, code: 500, msg: failed to req API:/nacos/v1/ns/instance/beat after all servers([192.168.128.130:8848]) tried: java.net.SocketTimeoutException: connect timed out
2025-03-24 22:04:40,626 ERROR [com.alibaba.nacos.client.Worker.longPolling.fixed-192.168.128.130_8848-xczx][ServerHttpAgent.java:169] - [NACOS SocketTimeoutException httpPost] currentServerAddr: http://192.168.128.130:8848， err : connect timed out
2025-03-24 22:04:43,634 ERROR [com.alibaba.nacos.client.Worker.longPolling.fixed-192.168.128.130_8848-xczx][ServerHttpAgent.java:169] - [NACOS SocketTimeoutException httpPost] currentServerAddr: http://192.168.128.130:8848， err : connect timed out
2025-03-24 22:04:45,040 ERROR [com.alibaba.nacos.naming.beat.sender][NamingProxy.java:617] - [NA] failed to request
java.net.SocketTimeoutException: connect timed out
	at java.net.DualStackPlainSocketImpl.waitForConnect(Native Method)
	at java.net.DualStackPlainSocketImpl.socketConnect(DualStackPlainSocketImpl.java:85)
	at java.net.AbstractPlainSocketImpl.doConnect(AbstractPlainSocketImpl.java:350)
	at java.net.AbstractPlainSocketImpl.connectToAddress(AbstractPlainSocketImpl.java:206)
	at java.net.AbstractPlainSocketImpl.connect(AbstractPlainSocketImpl.java:188)
	at java.net.PlainSocketImpl.connect(PlainSocketImpl.java:172)
	at java.net.SocksSocketImpl.connect(SocksSocketImpl.java:392)
	at java.net.Socket.connect(Socket.java:589)
	at sun.net.NetworkClient.doConnect(NetworkClient.java:175)
	at sun.net.www.http.HttpClient.openServer(HttpClient.java:463)
	at sun.net.www.http.HttpClient.openServer(HttpClient.java:558)
	at sun.net.www.http.HttpClient.<init>(HttpClient.java:242)
	at sun.net.www.http.HttpClient.New(HttpClient.java:339)
	at sun.net.www.http.HttpClient.New(HttpClient.java:357)
	at sun.net.www.protocol.http.HttpURLConnection.getNewHttpClient(HttpURLConnection.java:1202)
	at sun.net.www.protocol.http.HttpURLConnection.plainConnect0(HttpURLConnection.java:1138)
	at sun.net.www.protocol.http.HttpURLConnection.plainConnect(HttpURLConnection.java:1032)
	at sun.net.www.protocol.http.HttpURLConnection.connect(HttpURLConnection.java:966)
	at com.alibaba.nacos.common.http.client.request.JdkHttpClientRequest.execute(JdkHttpClientRequest.java:112)
	at com.alibaba.nacos.common.http.client.NacosRestTemplate.execute(NacosRestTemplate.java:482)
	at com.alibaba.nacos.common.http.client.NacosRestTemplate.exchangeForm(NacosRestTemplate.java:427)
	at com.alibaba.nacos.client.naming.net.NamingProxy.callServer(NamingProxy.java:603)
	at com.alibaba.nacos.client.naming.net.NamingProxy.reqApi(NamingProxy.java:526)
	at com.alibaba.nacos.client.naming.net.NamingProxy.reqApi(NamingProxy.java:498)
	at com.alibaba.nacos.client.naming.net.NamingProxy.sendBeat(NamingProxy.java:433)
	at com.alibaba.nacos.client.naming.beat.BeatReactor$BeatTask.run(BeatReactor.java:167)
	at java.util.concurrent.Executors$RunnableAdapter.call(Executors.java:511)
	at java.util.concurrent.FutureTask.run(FutureTask.java:266)
	at java.util.concurrent.ScheduledThreadPoolExecutor$ScheduledFutureTask.access$201(ScheduledThreadPoolExecutor.java:180)
	at java.util.concurrent.ScheduledThreadPoolExecutor$ScheduledFutureTask.run(ScheduledThreadPoolExecutor.java:293)
	at java.util.concurrent.ThreadPoolExecutor.runWorker(ThreadPoolExecutor.java:1142)
	at java.util.concurrent.ThreadPoolExecutor$Worker.run(ThreadPoolExecutor.java:617)
	at java.lang.Thread.run(Thread.java:748)
2025-03-24 22:04:46,638 ERROR [com.alibaba.nacos.client.Worker.longPolling.fixed-192.168.128.130_8848-xczx][ServerHttpAgent.java:169] - [NACOS SocketTimeoutException httpPost] currentServerAddr: http://192.168.128.130:8848， err : connect timed out
2025-03-24 22:04:48,043 ERROR [com.alibaba.nacos.naming.beat.sender][NamingProxy.java:617] - [NA] failed to request
java.net.SocketTimeoutException: connect timed out
	at java.net.DualStackPlainSocketImpl.waitForConnect(Native Method)
	at java.net.DualStackPlainSocketImpl.socketConnect(DualStackPlainSocketImpl.java:85)
	at java.net.AbstractPlainSocketImpl.doConnect(AbstractPlainSocketImpl.java:350)
	at java.net.AbstractPlainSocketImpl.connectToAddress(AbstractPlainSocketImpl.java:206)
	at java.net.AbstractPlainSocketImpl.connect(AbstractPlainSocketImpl.java:188)
	at java.net.PlainSocketImpl.connect(PlainSocketImpl.java:172)
	at java.net.SocksSocketImpl.connect(SocksSocketImpl.java:392)
	at java.net.Socket.connect(Socket.java:589)
	at sun.net.NetworkClient.doConnect(NetworkClient.java:175)
	at sun.net.www.http.HttpClient.openServer(HttpClient.java:463)
	at sun.net.www.http.HttpClient.openServer(HttpClient.java:558)
	at sun.net.www.http.HttpClient.<init>(HttpClient.java:242)
	at sun.net.www.http.HttpClient.New(HttpClient.java:339)
	at sun.net.www.http.HttpClient.New(HttpClient.java:357)
	at sun.net.www.protocol.http.HttpURLConnection.getNewHttpClient(HttpURLConnection.java:1202)
	at sun.net.www.protocol.http.HttpURLConnection.plainConnect0(HttpURLConnection.java:1138)
	at sun.net.www.protocol.http.HttpURLConnection.plainConnect(HttpURLConnection.java:1032)
	at sun.net.www.protocol.http.HttpURLConnection.connect(HttpURLConnection.java:966)
	at com.alibaba.nacos.common.http.client.request.JdkHttpClientRequest.execute(JdkHttpClientRequest.java:112)
	at com.alibaba.nacos.common.http.client.NacosRestTemplate.execute(NacosRestTemplate.java:482)
	at com.alibaba.nacos.common.http.client.NacosRestTemplate.exchangeForm(NacosRestTemplate.java:427)
	at com.alibaba.nacos.client.naming.net.NamingProxy.callServer(NamingProxy.java:603)
	at com.alibaba.nacos.client.naming.net.NamingProxy.reqApi(NamingProxy.java:526)
	at com.alibaba.nacos.client.naming.net.NamingProxy.reqApi(NamingProxy.java:498)
	at com.alibaba.nacos.client.naming.net.NamingProxy.sendBeat(NamingProxy.java:433)
	at com.alibaba.nacos.client.naming.beat.BeatReactor$BeatTask.run(BeatReactor.java:167)
	at java.util.concurrent.Executors$RunnableAdapter.call(Executors.java:511)
	at java.util.concurrent.FutureTask.run(FutureTask.java:266)
	at java.util.concurrent.ScheduledThreadPoolExecutor$ScheduledFutureTask.access$201(ScheduledThreadPoolExecutor.java:180)
	at java.util.concurrent.ScheduledThreadPoolExecutor$ScheduledFutureTask.run(ScheduledThreadPoolExecutor.java:293)
	at java.util.concurrent.ThreadPoolExecutor.runWorker(ThreadPoolExecutor.java:1142)
	at java.util.concurrent.ThreadPoolExecutor$Worker.run(ThreadPoolExecutor.java:617)
	at java.lang.Thread.run(Thread.java:748)
2025-03-24 22:04:49,643 ERROR [com.alibaba.nacos.client.Worker.longPolling.fixed-192.168.128.130_8848-xczx][ServerHttpAgent.java:169] - [NACOS SocketTimeoutException httpPost] currentServerAddr: http://192.168.128.130:8848， err : connect timed out
2025-03-24 22:04:49,643 ERROR [com.alibaba.nacos.client.Worker.longPolling.fixed-192.168.128.130_8848-xczx][ClientWorker.java:393] - [fixed-192.168.128.130_8848-xczx] [check-update] get changed dataId exception
java.net.ConnectException: [NACOS HTTP-POST] The maximum number of tolerable server reconnection errors has been reached
	at com.alibaba.nacos.client.config.http.ServerHttpAgent.httpPost(ServerHttpAgent.java:181)
	at com.alibaba.nacos.client.config.http.MetricsHttpAgent.httpPost(MetricsHttpAgent.java:67)
	at com.alibaba.nacos.client.config.impl.ClientWorker.checkUpdateConfigStr(ClientWorker.java:380)
	at com.alibaba.nacos.client.config.impl.ClientWorker.checkUpdateDataIds(ClientWorker.java:347)
	at com.alibaba.nacos.client.config.impl.ClientWorker$LongPollingRunnable.run(ClientWorker.java:535)
	at java.util.concurrent.Executors$RunnableAdapter.call(Executors.java:511)
	at java.util.concurrent.FutureTask.run(FutureTask.java:266)
	at java.util.concurrent.ScheduledThreadPoolExecutor$ScheduledFutureTask.access$201(ScheduledThreadPoolExecutor.java:180)
	at java.util.concurrent.ScheduledThreadPoolExecutor$ScheduledFutureTask.run(ScheduledThreadPoolExecutor.java:293)
	at java.util.concurrent.ThreadPoolExecutor.runWorker(ThreadPoolExecutor.java:1142)
	at java.util.concurrent.ThreadPoolExecutor$Worker.run(ThreadPoolExecutor.java:617)
	at java.lang.Thread.run(Thread.java:748)
2025-03-24 22:04:49,643 ERROR [com.alibaba.nacos.client.Worker.longPolling.fixed-192.168.128.130_8848-xczx][ClientWorker.java:580] - longPolling error : 
java.net.ConnectException: [NACOS HTTP-POST] The maximum number of tolerable server reconnection errors has been reached
	at com.alibaba.nacos.client.config.http.ServerHttpAgent.httpPost(ServerHttpAgent.java:181)
	at com.alibaba.nacos.client.config.http.MetricsHttpAgent.httpPost(MetricsHttpAgent.java:67)
	at com.alibaba.nacos.client.config.impl.ClientWorker.checkUpdateConfigStr(ClientWorker.java:380)
	at com.alibaba.nacos.client.config.impl.ClientWorker.checkUpdateDataIds(ClientWorker.java:347)
	at com.alibaba.nacos.client.config.impl.ClientWorker$LongPollingRunnable.run(ClientWorker.java:535)
	at java.util.concurrent.Executors$RunnableAdapter.call(Executors.java:511)
	at java.util.concurrent.FutureTask.run(FutureTask.java:266)
	at java.util.concurrent.ScheduledThreadPoolExecutor$ScheduledFutureTask.access$201(ScheduledThreadPoolExecutor.java:180)
	at java.util.concurrent.ScheduledThreadPoolExecutor$ScheduledFutureTask.run(ScheduledThreadPoolExecutor.java:293)
	at java.util.concurrent.ThreadPoolExecutor.runWorker(ThreadPoolExecutor.java:1142)
	at java.util.concurrent.ThreadPoolExecutor$Worker.run(ThreadPoolExecutor.java:617)
	at java.lang.Thread.run(Thread.java:748)
2025-03-24 22:04:51,053 ERROR [com.alibaba.nacos.naming.beat.sender][NamingProxy.java:617] - [NA] failed to request
java.net.SocketTimeoutException: connect timed out
	at java.net.DualStackPlainSocketImpl.waitForConnect(Native Method)
	at java.net.DualStackPlainSocketImpl.socketConnect(DualStackPlainSocketImpl.java:85)
	at java.net.AbstractPlainSocketImpl.doConnect(AbstractPlainSocketImpl.java:350)
	at java.net.AbstractPlainSocketImpl.connectToAddress(AbstractPlainSocketImpl.java:206)
	at java.net.AbstractPlainSocketImpl.connect(AbstractPlainSocketImpl.java:188)
	at java.net.PlainSocketImpl.connect(PlainSocketImpl.java:172)
	at java.net.SocksSocketImpl.connect(SocksSocketImpl.java:392)
	at java.net.Socket.connect(Socket.java:589)
	at sun.net.NetworkClient.doConnect(NetworkClient.java:175)
	at sun.net.www.http.HttpClient.openServer(HttpClient.java:463)
	at sun.net.www.http.HttpClient.openServer(HttpClient.java:558)
	at sun.net.www.http.HttpClient.<init>(HttpClient.java:242)
	at sun.net.www.http.HttpClient.New(HttpClient.java:339)
	at sun.net.www.http.HttpClient.New(HttpClient.java:357)
	at sun.net.www.protocol.http.HttpURLConnection.getNewHttpClient(HttpURLConnection.java:1202)
	at sun.net.www.protocol.http.HttpURLConnection.plainConnect0(HttpURLConnection.java:1138)
	at sun.net.www.protocol.http.HttpURLConnection.plainConnect(HttpURLConnection.java:1032)
	at sun.net.www.protocol.http.HttpURLConnection.connect(HttpURLConnection.java:966)
	at com.alibaba.nacos.common.http.client.request.JdkHttpClientRequest.execute(JdkHttpClientRequest.java:112)
	at com.alibaba.nacos.common.http.client.NacosRestTemplate.execute(NacosRestTemplate.java:482)
	at com.alibaba.nacos.common.http.client.NacosRestTemplate.exchangeForm(NacosRestTemplate.java:427)
	at com.alibaba.nacos.client.naming.net.NamingProxy.callServer(NamingProxy.java:603)
	at com.alibaba.nacos.client.naming.net.NamingProxy.reqApi(NamingProxy.java:526)
	at com.alibaba.nacos.client.naming.net.NamingProxy.reqApi(NamingProxy.java:498)
	at com.alibaba.nacos.client.naming.net.NamingProxy.sendBeat(NamingProxy.java:433)
	at com.alibaba.nacos.client.naming.beat.BeatReactor$BeatTask.run(BeatReactor.java:167)
	at java.util.concurrent.Executors$RunnableAdapter.call(Executors.java:511)
	at java.util.concurrent.FutureTask.run(FutureTask.java:266)
	at java.util.concurrent.ScheduledThreadPoolExecutor$ScheduledFutureTask.access$201(ScheduledThreadPoolExecutor.java:180)
	at java.util.concurrent.ScheduledThreadPoolExecutor$ScheduledFutureTask.run(ScheduledThreadPoolExecutor.java:293)
	at java.util.concurrent.ThreadPoolExecutor.runWorker(ThreadPoolExecutor.java:1142)
	at java.util.concurrent.ThreadPoolExecutor$Worker.run(ThreadPoolExecutor.java:617)
	at java.lang.Thread.run(Thread.java:748)
2025-03-24 22:04:51,054 ERROR [com.alibaba.nacos.naming.beat.sender][NamingProxy.java:552] - request: /nacos/v1/ns/instance/beat failed, servers: [192.168.128.130:8848], code: 500, msg: connect timed out
2025-03-24 22:04:51,054 ERROR [com.alibaba.nacos.naming.beat.sender][BeatReactor.java:198] - [CLIENT-BEAT] failed to send beat: {"port":63045,"ip":"10.65.24.129","weight":1.0,"serviceName":"group001@@system-service","cluster":"DEFAULT","metadata":{"preserved.register.source":"SPRING_CLOUD"},"scheduled":false,"period":5000,"stopped":false}, code: 500, msg: failed to req API:/nacos/v1/ns/instance/beat after all servers([192.168.128.130:8848]) tried: java.net.SocketTimeoutException: connect timed out
2025-03-24 22:04:54,649 ERROR [com.alibaba.nacos.client.Worker.longPolling.fixed-192.168.128.130_8848-xczx][ServerHttpAgent.java:169] - [NACOS SocketTimeoutException httpPost] currentServerAddr: http://192.168.128.130:8848， err : connect timed out
2025-03-24 22:04:57,651 ERROR [com.alibaba.nacos.client.Worker.longPolling.fixed-192.168.128.130_8848-xczx][ServerHttpAgent.java:169] - [NACOS SocketTimeoutException httpPost] currentServerAddr: http://192.168.128.130:8848， err : connect timed out
2025-03-24 22:04:59,086 ERROR [com.alibaba.nacos.naming.beat.sender][NamingProxy.java:617] - [NA] failed to request
java.net.SocketTimeoutException: connect timed out
	at java.net.DualStackPlainSocketImpl.waitForConnect(Native Method)
	at java.net.DualStackPlainSocketImpl.socketConnect(DualStackPlainSocketImpl.java:85)
	at java.net.AbstractPlainSocketImpl.doConnect(AbstractPlainSocketImpl.java:350)
	at java.net.AbstractPlainSocketImpl.connectToAddress(AbstractPlainSocketImpl.java:206)
	at java.net.AbstractPlainSocketImpl.connect(AbstractPlainSocketImpl.java:188)
	at java.net.PlainSocketImpl.connect(PlainSocketImpl.java:172)
	at java.net.SocksSocketImpl.connect(SocksSocketImpl.java:392)
	at java.net.Socket.connect(Socket.java:589)
	at sun.net.NetworkClient.doConnect(NetworkClient.java:175)
	at sun.net.www.http.HttpClient.openServer(HttpClient.java:463)
	at sun.net.www.http.HttpClient.openServer(HttpClient.java:558)
	at sun.net.www.http.HttpClient.<init>(HttpClient.java:242)
	at sun.net.www.http.HttpClient.New(HttpClient.java:339)
	at sun.net.www.http.HttpClient.New(HttpClient.java:357)
	at sun.net.www.protocol.http.HttpURLConnection.getNewHttpClient(HttpURLConnection.java:1202)
	at sun.net.www.protocol.http.HttpURLConnection.plainConnect0(HttpURLConnection.java:1138)
	at sun.net.www.protocol.http.HttpURLConnection.plainConnect(HttpURLConnection.java:1032)
	at sun.net.www.protocol.http.HttpURLConnection.connect(HttpURLConnection.java:966)
	at com.alibaba.nacos.common.http.client.request.JdkHttpClientRequest.execute(JdkHttpClientRequest.java:112)
	at com.alibaba.nacos.common.http.client.NacosRestTemplate.execute(NacosRestTemplate.java:482)
	at com.alibaba.nacos.common.http.client.NacosRestTemplate.exchangeForm(NacosRestTemplate.java:427)
	at com.alibaba.nacos.client.naming.net.NamingProxy.callServer(NamingProxy.java:603)
	at com.alibaba.nacos.client.naming.net.NamingProxy.reqApi(NamingProxy.java:526)
	at com.alibaba.nacos.client.naming.net.NamingProxy.reqApi(NamingProxy.java:498)
	at com.alibaba.nacos.client.naming.net.NamingProxy.sendBeat(NamingProxy.java:433)
	at com.alibaba.nacos.client.naming.beat.BeatReactor$BeatTask.run(BeatReactor.java:167)
	at java.util.concurrent.Executors$RunnableAdapter.call(Executors.java:511)
	at java.util.concurrent.FutureTask.run(FutureTask.java:266)
	at java.util.concurrent.ScheduledThreadPoolExecutor$ScheduledFutureTask.access$201(ScheduledThreadPoolExecutor.java:180)
	at java.util.concurrent.ScheduledThreadPoolExecutor$ScheduledFutureTask.run(ScheduledThreadPoolExecutor.java:293)
	at java.util.concurrent.ThreadPoolExecutor.runWorker(ThreadPoolExecutor.java:1142)
	at java.util.concurrent.ThreadPoolExecutor$Worker.run(ThreadPoolExecutor.java:617)
	at java.lang.Thread.run(Thread.java:748)
2025-03-24 22:05:00,666 ERROR [com.alibaba.nacos.client.Worker.longPolling.fixed-192.168.128.130_8848-xczx][ServerHttpAgent.java:169] - [NACOS SocketTimeoutException httpPost] currentServerAddr: http://192.168.128.130:8848， err : connect timed out
2025-03-24 22:05:02,103 ERROR [com.alibaba.nacos.naming.beat.sender][NamingProxy.java:617] - [NA] failed to request
java.net.SocketTimeoutException: connect timed out
	at java.net.DualStackPlainSocketImpl.waitForConnect(Native Method)
	at java.net.DualStackPlainSocketImpl.socketConnect(DualStackPlainSocketImpl.java:85)
	at java.net.AbstractPlainSocketImpl.doConnect(AbstractPlainSocketImpl.java:350)
	at java.net.AbstractPlainSocketImpl.connectToAddress(AbstractPlainSocketImpl.java:206)
	at java.net.AbstractPlainSocketImpl.connect(AbstractPlainSocketImpl.java:188)
	at java.net.PlainSocketImpl.connect(PlainSocketImpl.java:172)
	at java.net.SocksSocketImpl.connect(SocksSocketImpl.java:392)
	at java.net.Socket.connect(Socket.java:589)
	at sun.net.NetworkClient.doConnect(NetworkClient.java:175)
	at sun.net.www.http.HttpClient.openServer(HttpClient.java:463)
	at sun.net.www.http.HttpClient.openServer(HttpClient.java:558)
	at sun.net.www.http.HttpClient.<init>(HttpClient.java:242)
	at sun.net.www.http.HttpClient.New(HttpClient.java:339)
	at sun.net.www.http.HttpClient.New(HttpClient.java:357)
	at sun.net.www.protocol.http.HttpURLConnection.getNewHttpClient(HttpURLConnection.java:1202)
	at sun.net.www.protocol.http.HttpURLConnection.plainConnect0(HttpURLConnection.java:1138)
	at sun.net.www.protocol.http.HttpURLConnection.plainConnect(HttpURLConnection.java:1032)
	at sun.net.www.protocol.http.HttpURLConnection.connect(HttpURLConnection.java:966)
	at com.alibaba.nacos.common.http.client.request.JdkHttpClientRequest.execute(JdkHttpClientRequest.java:112)
	at com.alibaba.nacos.common.http.client.NacosRestTemplate.execute(NacosRestTemplate.java:482)
	at com.alibaba.nacos.common.http.client.NacosRestTemplate.exchangeForm(NacosRestTemplate.java:427)
	at com.alibaba.nacos.client.naming.net.NamingProxy.callServer(NamingProxy.java:603)
	at com.alibaba.nacos.client.naming.net.NamingProxy.reqApi(NamingProxy.java:526)
	at com.alibaba.nacos.client.naming.net.NamingProxy.reqApi(NamingProxy.java:498)
	at com.alibaba.nacos.client.naming.net.NamingProxy.sendBeat(NamingProxy.java:433)
	at com.alibaba.nacos.client.naming.beat.BeatReactor$BeatTask.run(BeatReactor.java:167)
	at java.util.concurrent.Executors$RunnableAdapter.call(Executors.java:511)
	at java.util.concurrent.FutureTask.run(FutureTask.java:266)
	at java.util.concurrent.ScheduledThreadPoolExecutor$ScheduledFutureTask.access$201(ScheduledThreadPoolExecutor.java:180)
	at java.util.concurrent.ScheduledThreadPoolExecutor$ScheduledFutureTask.run(ScheduledThreadPoolExecutor.java:293)
	at java.util.concurrent.ThreadPoolExecutor.runWorker(ThreadPoolExecutor.java:1142)
	at java.util.concurrent.ThreadPoolExecutor$Worker.run(ThreadPoolExecutor.java:617)
	at java.lang.Thread.run(Thread.java:748)
2025-03-24 22:05:03,683 ERROR [com.alibaba.nacos.client.Worker.longPolling.fixed-192.168.128.130_8848-xczx][ServerHttpAgent.java:169] - [NACOS SocketTimeoutException httpPost] currentServerAddr: http://192.168.128.130:8848， err : connect timed out
2025-03-24 22:05:03,684 ERROR [com.alibaba.nacos.client.Worker.longPolling.fixed-192.168.128.130_8848-xczx][ClientWorker.java:393] - [fixed-192.168.128.130_8848-xczx] [check-update] get changed dataId exception
java.net.ConnectException: [NACOS HTTP-POST] The maximum number of tolerable server reconnection errors has been reached
	at com.alibaba.nacos.client.config.http.ServerHttpAgent.httpPost(ServerHttpAgent.java:181)
	at com.alibaba.nacos.client.config.http.MetricsHttpAgent.httpPost(MetricsHttpAgent.java:67)
	at com.alibaba.nacos.client.config.impl.ClientWorker.checkUpdateConfigStr(ClientWorker.java:380)
	at com.alibaba.nacos.client.config.impl.ClientWorker.checkUpdateDataIds(ClientWorker.java:347)
	at com.alibaba.nacos.client.config.impl.ClientWorker$LongPollingRunnable.run(ClientWorker.java:535)
	at java.util.concurrent.Executors$RunnableAdapter.call(Executors.java:511)
	at java.util.concurrent.FutureTask.run(FutureTask.java:266)
	at java.util.concurrent.ScheduledThreadPoolExecutor$ScheduledFutureTask.access$201(ScheduledThreadPoolExecutor.java:180)
	at java.util.concurrent.ScheduledThreadPoolExecutor$ScheduledFutureTask.run(ScheduledThreadPoolExecutor.java:293)
	at java.util.concurrent.ThreadPoolExecutor.runWorker(ThreadPoolExecutor.java:1142)
	at java.util.concurrent.ThreadPoolExecutor$Worker.run(ThreadPoolExecutor.java:617)
	at java.lang.Thread.run(Thread.java:748)
2025-03-24 22:05:03,684 ERROR [com.alibaba.nacos.client.Worker.longPolling.fixed-192.168.128.130_8848-xczx][ClientWorker.java:580] - longPolling error : 
java.net.ConnectException: [NACOS HTTP-POST] The maximum number of tolerable server reconnection errors has been reached
	at com.alibaba.nacos.client.config.http.ServerHttpAgent.httpPost(ServerHttpAgent.java:181)
	at com.alibaba.nacos.client.config.http.MetricsHttpAgent.httpPost(MetricsHttpAgent.java:67)
	at com.alibaba.nacos.client.config.impl.ClientWorker.checkUpdateConfigStr(ClientWorker.java:380)
	at com.alibaba.nacos.client.config.impl.ClientWorker.checkUpdateDataIds(ClientWorker.java:347)
	at com.alibaba.nacos.client.config.impl.ClientWorker$LongPollingRunnable.run(ClientWorker.java:535)
	at java.util.concurrent.Executors$RunnableAdapter.call(Executors.java:511)
	at java.util.concurrent.FutureTask.run(FutureTask.java:266)
	at java.util.concurrent.ScheduledThreadPoolExecutor$ScheduledFutureTask.access$201(ScheduledThreadPoolExecutor.java:180)
	at java.util.concurrent.ScheduledThreadPoolExecutor$ScheduledFutureTask.run(ScheduledThreadPoolExecutor.java:293)
	at java.util.concurrent.ThreadPoolExecutor.runWorker(ThreadPoolExecutor.java:1142)
	at java.util.concurrent.ThreadPoolExecutor$Worker.run(ThreadPoolExecutor.java:617)
	at java.lang.Thread.run(Thread.java:748)
2025-03-24 22:05:05,112 ERROR [com.alibaba.nacos.naming.beat.sender][NamingProxy.java:617] - [NA] failed to request
java.net.SocketTimeoutException: connect timed out
	at java.net.DualStackPlainSocketImpl.waitForConnect(Native Method)
	at java.net.DualStackPlainSocketImpl.socketConnect(DualStackPlainSocketImpl.java:85)
	at java.net.AbstractPlainSocketImpl.doConnect(AbstractPlainSocketImpl.java:350)
	at java.net.AbstractPlainSocketImpl.connectToAddress(AbstractPlainSocketImpl.java:206)
	at java.net.AbstractPlainSocketImpl.connect(AbstractPlainSocketImpl.java:188)
	at java.net.PlainSocketImpl.connect(PlainSocketImpl.java:172)
	at java.net.SocksSocketImpl.connect(SocksSocketImpl.java:392)
	at java.net.Socket.connect(Socket.java:589)
	at sun.net.NetworkClient.doConnect(NetworkClient.java:175)
	at sun.net.www.http.HttpClient.openServer(HttpClient.java:463)
	at sun.net.www.http.HttpClient.openServer(HttpClient.java:558)
	at sun.net.www.http.HttpClient.<init>(HttpClient.java:242)
	at sun.net.www.http.HttpClient.New(HttpClient.java:339)
	at sun.net.www.http.HttpClient.New(HttpClient.java:357)
	at sun.net.www.protocol.http.HttpURLConnection.getNewHttpClient(HttpURLConnection.java:1202)
	at sun.net.www.protocol.http.HttpURLConnection.plainConnect0(HttpURLConnection.java:1138)
	at sun.net.www.protocol.http.HttpURLConnection.plainConnect(HttpURLConnection.java:1032)
	at sun.net.www.protocol.http.HttpURLConnection.connect(HttpURLConnection.java:966)
	at com.alibaba.nacos.common.http.client.request.JdkHttpClientRequest.execute(JdkHttpClientRequest.java:112)
	at com.alibaba.nacos.common.http.client.NacosRestTemplate.execute(NacosRestTemplate.java:482)
	at com.alibaba.nacos.common.http.client.NacosRestTemplate.exchangeForm(NacosRestTemplate.java:427)
	at com.alibaba.nacos.client.naming.net.NamingProxy.callServer(NamingProxy.java:603)
	at com.alibaba.nacos.client.naming.net.NamingProxy.reqApi(NamingProxy.java:526)
	at com.alibaba.nacos.client.naming.net.NamingProxy.reqApi(NamingProxy.java:498)
	at com.alibaba.nacos.client.naming.net.NamingProxy.sendBeat(NamingProxy.java:433)
	at com.alibaba.nacos.client.naming.beat.BeatReactor$BeatTask.run(BeatReactor.java:167)
	at java.util.concurrent.Executors$RunnableAdapter.call(Executors.java:511)
	at java.util.concurrent.FutureTask.run(FutureTask.java:266)
	at java.util.concurrent.ScheduledThreadPoolExecutor$ScheduledFutureTask.access$201(ScheduledThreadPoolExecutor.java:180)
	at java.util.concurrent.ScheduledThreadPoolExecutor$ScheduledFutureTask.run(ScheduledThreadPoolExecutor.java:293)
	at java.util.concurrent.ThreadPoolExecutor.runWorker(ThreadPoolExecutor.java:1142)
	at java.util.concurrent.ThreadPoolExecutor$Worker.run(ThreadPoolExecutor.java:617)
	at java.lang.Thread.run(Thread.java:748)
2025-03-24 22:05:05,114 ERROR [com.alibaba.nacos.naming.beat.sender][NamingProxy.java:552] - request: /nacos/v1/ns/instance/beat failed, servers: [192.168.128.130:8848], code: 500, msg: connect timed out
2025-03-24 22:05:05,114 ERROR [com.alibaba.nacos.naming.beat.sender][BeatReactor.java:198] - [CLIENT-BEAT] failed to send beat: {"port":63045,"ip":"10.65.24.129","weight":1.0,"serviceName":"group001@@system-service","cluster":"DEFAULT","metadata":{"preserved.register.source":"SPRING_CLOUD"},"scheduled":false,"period":5000,"stopped":false}, code: 500, msg: failed to req API:/nacos/v1/ns/instance/beat after all servers([192.168.128.130:8848]) tried: java.net.SocketTimeoutException: connect timed out
2025-03-24 22:05:08,697 ERROR [com.alibaba.nacos.client.Worker.longPolling.fixed-192.168.128.130_8848-xczx][ServerHttpAgent.java:169] - [NACOS SocketTimeoutException httpPost] currentServerAddr: http://192.168.128.130:8848， err : connect timed out
2025-03-24 22:05:11,712 ERROR [com.alibaba.nacos.client.Worker.longPolling.fixed-192.168.128.130_8848-xczx][ServerHttpAgent.java:169] - [NACOS SocketTimeoutException httpPost] currentServerAddr: http://192.168.128.130:8848， err : connect timed out
2025-03-24 22:05:13,140 ERROR [com.alibaba.nacos.naming.beat.sender][NamingProxy.java:617] - [NA] failed to request
java.net.SocketTimeoutException: connect timed out
	at java.net.DualStackPlainSocketImpl.waitForConnect(Native Method)
	at java.net.DualStackPlainSocketImpl.socketConnect(DualStackPlainSocketImpl.java:85)
	at java.net.AbstractPlainSocketImpl.doConnect(AbstractPlainSocketImpl.java:350)
	at java.net.AbstractPlainSocketImpl.connectToAddress(AbstractPlainSocketImpl.java:206)
	at java.net.AbstractPlainSocketImpl.connect(AbstractPlainSocketImpl.java:188)
	at java.net.PlainSocketImpl.connect(PlainSocketImpl.java:172)
	at java.net.SocksSocketImpl.connect(SocksSocketImpl.java:392)
	at java.net.Socket.connect(Socket.java:589)
	at sun.net.NetworkClient.doConnect(NetworkClient.java:175)
	at sun.net.www.http.HttpClient.openServer(HttpClient.java:463)
	at sun.net.www.http.HttpClient.openServer(HttpClient.java:558)
	at sun.net.www.http.HttpClient.<init>(HttpClient.java:242)
	at sun.net.www.http.HttpClient.New(HttpClient.java:339)
	at sun.net.www.http.HttpClient.New(HttpClient.java:357)
	at sun.net.www.protocol.http.HttpURLConnection.getNewHttpClient(HttpURLConnection.java:1202)
	at sun.net.www.protocol.http.HttpURLConnection.plainConnect0(HttpURLConnection.java:1138)
	at sun.net.www.protocol.http.HttpURLConnection.plainConnect(HttpURLConnection.java:1032)
	at sun.net.www.protocol.http.HttpURLConnection.connect(HttpURLConnection.java:966)
	at com.alibaba.nacos.common.http.client.request.JdkHttpClientRequest.execute(JdkHttpClientRequest.java:112)
	at com.alibaba.nacos.common.http.client.NacosRestTemplate.execute(NacosRestTemplate.java:482)
	at com.alibaba.nacos.common.http.client.NacosRestTemplate.exchangeForm(NacosRestTemplate.java:427)
	at com.alibaba.nacos.client.naming.net.NamingProxy.callServer(NamingProxy.java:603)
	at com.alibaba.nacos.client.naming.net.NamingProxy.reqApi(NamingProxy.java:526)
	at com.alibaba.nacos.client.naming.net.NamingProxy.reqApi(NamingProxy.java:498)
	at com.alibaba.nacos.client.naming.net.NamingProxy.sendBeat(NamingProxy.java:433)
	at com.alibaba.nacos.client.naming.beat.BeatReactor$BeatTask.run(BeatReactor.java:167)
	at java.util.concurrent.Executors$RunnableAdapter.call(Executors.java:511)
	at java.util.concurrent.FutureTask.run(FutureTask.java:266)
	at java.util.concurrent.ScheduledThreadPoolExecutor$ScheduledFutureTask.access$201(ScheduledThreadPoolExecutor.java:180)
	at java.util.concurrent.ScheduledThreadPoolExecutor$ScheduledFutureTask.run(ScheduledThreadPoolExecutor.java:293)
	at java.util.concurrent.ThreadPoolExecutor.runWorker(ThreadPoolExecutor.java:1142)
	at java.util.concurrent.ThreadPoolExecutor$Worker.run(ThreadPoolExecutor.java:617)
	at java.lang.Thread.run(Thread.java:748)
2025-03-24 22:05:14,720 ERROR [com.alibaba.nacos.client.Worker.longPolling.fixed-192.168.128.130_8848-xczx][ServerHttpAgent.java:169] - [NACOS SocketTimeoutException httpPost] currentServerAddr: http://192.168.128.130:8848， err : connect timed out
2025-03-24 22:05:16,156 ERROR [com.alibaba.nacos.naming.beat.sender][NamingProxy.java:617] - [NA] failed to request
java.net.SocketTimeoutException: connect timed out
	at java.net.DualStackPlainSocketImpl.waitForConnect(Native Method)
	at java.net.DualStackPlainSocketImpl.socketConnect(DualStackPlainSocketImpl.java:85)
	at java.net.AbstractPlainSocketImpl.doConnect(AbstractPlainSocketImpl.java:350)
	at java.net.AbstractPlainSocketImpl.connectToAddress(AbstractPlainSocketImpl.java:206)
	at java.net.AbstractPlainSocketImpl.connect(AbstractPlainSocketImpl.java:188)
	at java.net.PlainSocketImpl.connect(PlainSocketImpl.java:172)
	at java.net.SocksSocketImpl.connect(SocksSocketImpl.java:392)
	at java.net.Socket.connect(Socket.java:589)
	at sun.net.NetworkClient.doConnect(NetworkClient.java:175)
	at sun.net.www.http.HttpClient.openServer(HttpClient.java:463)
	at sun.net.www.http.HttpClient.openServer(HttpClient.java:558)
	at sun.net.www.http.HttpClient.<init>(HttpClient.java:242)
	at sun.net.www.http.HttpClient.New(HttpClient.java:339)
	at sun.net.www.http.HttpClient.New(HttpClient.java:357)
	at sun.net.www.protocol.http.HttpURLConnection.getNewHttpClient(HttpURLConnection.java:1202)
	at sun.net.www.protocol.http.HttpURLConnection.plainConnect0(HttpURLConnection.java:1138)
	at sun.net.www.protocol.http.HttpURLConnection.plainConnect(HttpURLConnection.java:1032)
	at sun.net.www.protocol.http.HttpURLConnection.connect(HttpURLConnection.java:966)
	at com.alibaba.nacos.common.http.client.request.JdkHttpClientRequest.execute(JdkHttpClientRequest.java:112)
	at com.alibaba.nacos.common.http.client.NacosRestTemplate.execute(NacosRestTemplate.java:482)
	at com.alibaba.nacos.common.http.client.NacosRestTemplate.exchangeForm(NacosRestTemplate.java:427)
	at com.alibaba.nacos.client.naming.net.NamingProxy.callServer(NamingProxy.java:603)
	at com.alibaba.nacos.client.naming.net.NamingProxy.reqApi(NamingProxy.java:526)
	at com.alibaba.nacos.client.naming.net.NamingProxy.reqApi(NamingProxy.java:498)
	at com.alibaba.nacos.client.naming.net.NamingProxy.sendBeat(NamingProxy.java:433)
	at com.alibaba.nacos.client.naming.beat.BeatReactor$BeatTask.run(BeatReactor.java:167)
	at java.util.concurrent.Executors$RunnableAdapter.call(Executors.java:511)
	at java.util.concurrent.FutureTask.run(FutureTask.java:266)
	at java.util.concurrent.ScheduledThreadPoolExecutor$ScheduledFutureTask.access$201(ScheduledThreadPoolExecutor.java:180)
	at java.util.concurrent.ScheduledThreadPoolExecutor$ScheduledFutureTask.run(ScheduledThreadPoolExecutor.java:293)
	at java.util.concurrent.ThreadPoolExecutor.runWorker(ThreadPoolExecutor.java:1142)
	at java.util.concurrent.ThreadPoolExecutor$Worker.run(ThreadPoolExecutor.java:617)
	at java.lang.Thread.run(Thread.java:748)
2025-03-24 22:05:17,735 ERROR [com.alibaba.nacos.client.Worker.longPolling.fixed-192.168.128.130_8848-xczx][ServerHttpAgent.java:169] - [NACOS SocketTimeoutException httpPost] currentServerAddr: http://192.168.128.130:8848， err : connect timed out
2025-03-24 22:05:17,736 ERROR [com.alibaba.nacos.client.Worker.longPolling.fixed-192.168.128.130_8848-xczx][ClientWorker.java:393] - [fixed-192.168.128.130_8848-xczx] [check-update] get changed dataId exception
java.net.ConnectException: [NACOS HTTP-POST] The maximum number of tolerable server reconnection errors has been reached
	at com.alibaba.nacos.client.config.http.ServerHttpAgent.httpPost(ServerHttpAgent.java:181)
	at com.alibaba.nacos.client.config.http.MetricsHttpAgent.httpPost(MetricsHttpAgent.java:67)
	at com.alibaba.nacos.client.config.impl.ClientWorker.checkUpdateConfigStr(ClientWorker.java:380)
	at com.alibaba.nacos.client.config.impl.ClientWorker.checkUpdateDataIds(ClientWorker.java:347)
	at com.alibaba.nacos.client.config.impl.ClientWorker$LongPollingRunnable.run(ClientWorker.java:535)
	at java.util.concurrent.Executors$RunnableAdapter.call(Executors.java:511)
	at java.util.concurrent.FutureTask.run(FutureTask.java:266)
	at java.util.concurrent.ScheduledThreadPoolExecutor$ScheduledFutureTask.access$201(ScheduledThreadPoolExecutor.java:180)
	at java.util.concurrent.ScheduledThreadPoolExecutor$ScheduledFutureTask.run(ScheduledThreadPoolExecutor.java:293)
	at java.util.concurrent.ThreadPoolExecutor.runWorker(ThreadPoolExecutor.java:1142)
	at java.util.concurrent.ThreadPoolExecutor$Worker.run(ThreadPoolExecutor.java:617)
	at java.lang.Thread.run(Thread.java:748)
2025-03-24 22:05:17,736 ERROR [com.alibaba.nacos.client.Worker.longPolling.fixed-192.168.128.130_8848-xczx][ClientWorker.java:580] - longPolling error : 
java.net.ConnectException: [NACOS HTTP-POST] The maximum number of tolerable server reconnection errors has been reached
	at com.alibaba.nacos.client.config.http.ServerHttpAgent.httpPost(ServerHttpAgent.java:181)
	at com.alibaba.nacos.client.config.http.MetricsHttpAgent.httpPost(MetricsHttpAgent.java:67)
	at com.alibaba.nacos.client.config.impl.ClientWorker.checkUpdateConfigStr(ClientWorker.java:380)
	at com.alibaba.nacos.client.config.impl.ClientWorker.checkUpdateDataIds(ClientWorker.java:347)
	at com.alibaba.nacos.client.config.impl.ClientWorker$LongPollingRunnable.run(ClientWorker.java:535)
	at java.util.concurrent.Executors$RunnableAdapter.call(Executors.java:511)
	at java.util.concurrent.FutureTask.run(FutureTask.java:266)
	at java.util.concurrent.ScheduledThreadPoolExecutor$ScheduledFutureTask.access$201(ScheduledThreadPoolExecutor.java:180)
	at java.util.concurrent.ScheduledThreadPoolExecutor$ScheduledFutureTask.run(ScheduledThreadPoolExecutor.java:293)
	at java.util.concurrent.ThreadPoolExecutor.runWorker(ThreadPoolExecutor.java:1142)
	at java.util.concurrent.ThreadPoolExecutor$Worker.run(ThreadPoolExecutor.java:617)
	at java.lang.Thread.run(Thread.java:748)
2025-03-24 22:05:19,170 ERROR [com.alibaba.nacos.naming.beat.sender][NamingProxy.java:617] - [NA] failed to request
java.net.SocketTimeoutException: connect timed out
	at java.net.DualStackPlainSocketImpl.waitForConnect(Native Method)
	at java.net.DualStackPlainSocketImpl.socketConnect(DualStackPlainSocketImpl.java:85)
	at java.net.AbstractPlainSocketImpl.doConnect(AbstractPlainSocketImpl.java:350)
	at java.net.AbstractPlainSocketImpl.connectToAddress(AbstractPlainSocketImpl.java:206)
	at java.net.AbstractPlainSocketImpl.connect(AbstractPlainSocketImpl.java:188)
	at java.net.PlainSocketImpl.connect(PlainSocketImpl.java:172)
	at java.net.SocksSocketImpl.connect(SocksSocketImpl.java:392)
	at java.net.Socket.connect(Socket.java:589)
	at sun.net.NetworkClient.doConnect(NetworkClient.java:175)
	at sun.net.www.http.HttpClient.openServer(HttpClient.java:463)
	at sun.net.www.http.HttpClient.openServer(HttpClient.java:558)
	at sun.net.www.http.HttpClient.<init>(HttpClient.java:242)
	at sun.net.www.http.HttpClient.New(HttpClient.java:339)
	at sun.net.www.http.HttpClient.New(HttpClient.java:357)
	at sun.net.www.protocol.http.HttpURLConnection.getNewHttpClient(HttpURLConnection.java:1202)
	at sun.net.www.protocol.http.HttpURLConnection.plainConnect0(HttpURLConnection.java:1138)
	at sun.net.www.protocol.http.HttpURLConnection.plainConnect(HttpURLConnection.java:1032)
	at sun.net.www.protocol.http.HttpURLConnection.connect(HttpURLConnection.java:966)
	at com.alibaba.nacos.common.http.client.request.JdkHttpClientRequest.execute(JdkHttpClientRequest.java:112)
	at com.alibaba.nacos.common.http.client.NacosRestTemplate.execute(NacosRestTemplate.java:482)
	at com.alibaba.nacos.common.http.client.NacosRestTemplate.exchangeForm(NacosRestTemplate.java:427)
	at com.alibaba.nacos.client.naming.net.NamingProxy.callServer(NamingProxy.java:603)
	at com.alibaba.nacos.client.naming.net.NamingProxy.reqApi(NamingProxy.java:526)
	at com.alibaba.nacos.client.naming.net.NamingProxy.reqApi(NamingProxy.java:498)
	at com.alibaba.nacos.client.naming.net.NamingProxy.sendBeat(NamingProxy.java:433)
	at com.alibaba.nacos.client.naming.beat.BeatReactor$BeatTask.run(BeatReactor.java:167)
	at java.util.concurrent.Executors$RunnableAdapter.call(Executors.java:511)
	at java.util.concurrent.FutureTask.run(FutureTask.java:266)
	at java.util.concurrent.ScheduledThreadPoolExecutor$ScheduledFutureTask.access$201(ScheduledThreadPoolExecutor.java:180)
	at java.util.concurrent.ScheduledThreadPoolExecutor$ScheduledFutureTask.run(ScheduledThreadPoolExecutor.java:293)
	at java.util.concurrent.ThreadPoolExecutor.runWorker(ThreadPoolExecutor.java:1142)
	at java.util.concurrent.ThreadPoolExecutor$Worker.run(ThreadPoolExecutor.java:617)
	at java.lang.Thread.run(Thread.java:748)
2025-03-24 22:05:19,172 ERROR [com.alibaba.nacos.naming.beat.sender][NamingProxy.java:552] - request: /nacos/v1/ns/instance/beat failed, servers: [192.168.128.130:8848], code: 500, msg: connect timed out
2025-03-24 22:05:19,172 ERROR [com.alibaba.nacos.naming.beat.sender][BeatReactor.java:198] - [CLIENT-BEAT] failed to send beat: {"port":63045,"ip":"10.65.24.129","weight":1.0,"serviceName":"group001@@system-service","cluster":"DEFAULT","metadata":{"preserved.register.source":"SPRING_CLOUD"},"scheduled":false,"period":5000,"stopped":false}, code: 500, msg: failed to req API:/nacos/v1/ns/instance/beat after all servers([192.168.128.130:8848]) tried: java.net.SocketTimeoutException: connect timed out
2025-03-24 22:05:22,745 ERROR [com.alibaba.nacos.client.Worker.longPolling.fixed-192.168.128.130_8848-xczx][ServerHttpAgent.java:169] - [NACOS SocketTimeoutException httpPost] currentServerAddr: http://192.168.128.130:8848， err : connect timed out
