2025-03-26 01:00:00,729 ERROR [com.alibaba.nacos.client.Worker.longPolling.fixed-192.168.128.130_8848-xczx][ServerHttpAgent.java:169] - [NACOS SocketTimeoutException httpPost] currentServerAddr: http://192.168.128.130:8848， err : connect timed out
2025-03-26 01:00:01,916 ERROR [com.alibaba.nacos.naming.beat.sender][NamingProxy.java:617] - [NA] failed to request
java.net.SocketTimeoutException: connect timed out
	at java.net.DualStackPlainSocketImpl.waitForConnect(Native Method)
	at java.net.DualStackPlainSocketImpl.socketConnect(DualStackPlainSocketImpl.java:85)
	at java.net.AbstractPlainSocketImpl.doConnect(AbstractPlainSocketImpl.java:350)
	at java.net.AbstractPlainSocketImpl.connectToAddress(AbstractPlainSocketImpl.java:206)
	at java.net.AbstractPlainSocketImpl.connect(AbstractPlainSocketImpl.java:188)
	at java.net.PlainSocketImpl.connect(PlainSocketImpl.java:172)
	at java.net.SocksSocketImpl.connect(SocksSocketImpl.java:392)
	at java.net.Socket.connect(Socket.java:589)
	at sun.net.NetworkClient.doConnect(NetworkClient.java:175)
	at sun.net.www.http.HttpClient.openServer(HttpClient.java:463)
	at sun.net.www.http.HttpClient.openServer(HttpClient.java:558)
	at sun.net.www.http.HttpClient.<init>(HttpClient.java:242)
	at sun.net.www.http.HttpClient.New(HttpClient.java:339)
	at sun.net.www.http.HttpClient.New(HttpClient.java:357)
	at sun.net.www.protocol.http.HttpURLConnection.getNewHttpClient(HttpURLConnection.java:1202)
	at sun.net.www.protocol.http.HttpURLConnection.plainConnect0(HttpURLConnection.java:1138)
	at sun.net.www.protocol.http.HttpURLConnection.plainConnect(HttpURLConnection.java:1032)
	at sun.net.www.protocol.http.HttpURLConnection.connect(HttpURLConnection.java:966)
	at com.alibaba.nacos.common.http.client.request.JdkHttpClientRequest.execute(JdkHttpClientRequest.java:112)
	at com.alibaba.nacos.common.http.client.NacosRestTemplate.execute(NacosRestTemplate.java:482)
	at com.alibaba.nacos.common.http.client.NacosRestTemplate.exchangeForm(NacosRestTemplate.java:427)
	at com.alibaba.nacos.client.naming.net.NamingProxy.callServer(NamingProxy.java:603)
	at com.alibaba.nacos.client.naming.net.NamingProxy.reqApi(NamingProxy.java:526)
	at com.alibaba.nacos.client.naming.net.NamingProxy.reqApi(NamingProxy.java:498)
	at com.alibaba.nacos.client.naming.net.NamingProxy.sendBeat(NamingProxy.java:433)
	at com.alibaba.nacos.client.naming.beat.BeatReactor$BeatTask.run(BeatReactor.java:167)
	at java.util.concurrent.Executors$RunnableAdapter.call(Executors.java:511)
	at java.util.concurrent.FutureTask.run(FutureTask.java:266)
	at java.util.concurrent.ScheduledThreadPoolExecutor$ScheduledFutureTask.access$201(ScheduledThreadPoolExecutor.java:180)
	at java.util.concurrent.ScheduledThreadPoolExecutor$ScheduledFutureTask.run(ScheduledThreadPoolExecutor.java:293)
	at java.util.concurrent.ThreadPoolExecutor.runWorker(ThreadPoolExecutor.java:1142)
	at java.util.concurrent.ThreadPoolExecutor$Worker.run(ThreadPoolExecutor.java:617)
	at java.lang.Thread.run(Thread.java:748)
2025-03-26 01:00:03,739 ERROR [com.alibaba.nacos.client.Worker.longPolling.fixed-192.168.128.130_8848-xczx][ServerHttpAgent.java:169] - [NACOS SocketTimeoutException httpPost] currentServerAddr: http://192.168.128.130:8848， err : connect timed out
2025-03-26 01:00:04,926 ERROR [com.alibaba.nacos.naming.beat.sender][NamingProxy.java:617] - [NA] failed to request
java.net.SocketTimeoutException: connect timed out
	at java.net.DualStackPlainSocketImpl.waitForConnect(Native Method)
	at java.net.DualStackPlainSocketImpl.socketConnect(DualStackPlainSocketImpl.java:85)
	at java.net.AbstractPlainSocketImpl.doConnect(AbstractPlainSocketImpl.java:350)
	at java.net.AbstractPlainSocketImpl.connectToAddress(AbstractPlainSocketImpl.java:206)
	at java.net.AbstractPlainSocketImpl.connect(AbstractPlainSocketImpl.java:188)
	at java.net.PlainSocketImpl.connect(PlainSocketImpl.java:172)
	at java.net.SocksSocketImpl.connect(SocksSocketImpl.java:392)
	at java.net.Socket.connect(Socket.java:589)
	at sun.net.NetworkClient.doConnect(NetworkClient.java:175)
	at sun.net.www.http.HttpClient.openServer(HttpClient.java:463)
	at sun.net.www.http.HttpClient.openServer(HttpClient.java:558)
	at sun.net.www.http.HttpClient.<init>(HttpClient.java:242)
	at sun.net.www.http.HttpClient.New(HttpClient.java:339)
	at sun.net.www.http.HttpClient.New(HttpClient.java:357)
	at sun.net.www.protocol.http.HttpURLConnection.getNewHttpClient(HttpURLConnection.java:1202)
	at sun.net.www.protocol.http.HttpURLConnection.plainConnect0(HttpURLConnection.java:1138)
	at sun.net.www.protocol.http.HttpURLConnection.plainConnect(HttpURLConnection.java:1032)
	at sun.net.www.protocol.http.HttpURLConnection.connect(HttpURLConnection.java:966)
	at com.alibaba.nacos.common.http.client.request.JdkHttpClientRequest.execute(JdkHttpClientRequest.java:112)
	at com.alibaba.nacos.common.http.client.NacosRestTemplate.execute(NacosRestTemplate.java:482)
	at com.alibaba.nacos.common.http.client.NacosRestTemplate.exchangeForm(NacosRestTemplate.java:427)
	at com.alibaba.nacos.client.naming.net.NamingProxy.callServer(NamingProxy.java:603)
	at com.alibaba.nacos.client.naming.net.NamingProxy.reqApi(NamingProxy.java:526)
	at com.alibaba.nacos.client.naming.net.NamingProxy.reqApi(NamingProxy.java:498)
	at com.alibaba.nacos.client.naming.net.NamingProxy.sendBeat(NamingProxy.java:433)
	at com.alibaba.nacos.client.naming.beat.BeatReactor$BeatTask.run(BeatReactor.java:167)
	at java.util.concurrent.Executors$RunnableAdapter.call(Executors.java:511)
	at java.util.concurrent.FutureTask.run(FutureTask.java:266)
	at java.util.concurrent.ScheduledThreadPoolExecutor$ScheduledFutureTask.access$201(ScheduledThreadPoolExecutor.java:180)
	at java.util.concurrent.ScheduledThreadPoolExecutor$ScheduledFutureTask.run(ScheduledThreadPoolExecutor.java:293)
	at java.util.concurrent.ThreadPoolExecutor.runWorker(ThreadPoolExecutor.java:1142)
	at java.util.concurrent.ThreadPoolExecutor$Worker.run(ThreadPoolExecutor.java:617)
	at java.lang.Thread.run(Thread.java:748)
2025-03-26 01:00:06,752 ERROR [com.alibaba.nacos.client.Worker.longPolling.fixed-192.168.128.130_8848-xczx][ServerHttpAgent.java:169] - [NACOS SocketTimeoutException httpPost] currentServerAddr: http://192.168.128.130:8848， err : connect timed out
2025-03-26 01:00:07,943 ERROR [com.alibaba.nacos.naming.beat.sender][NamingProxy.java:617] - [NA] failed to request
java.net.SocketTimeoutException: connect timed out
	at java.net.DualStackPlainSocketImpl.waitForConnect(Native Method)
	at java.net.DualStackPlainSocketImpl.socketConnect(DualStackPlainSocketImpl.java:85)
	at java.net.AbstractPlainSocketImpl.doConnect(AbstractPlainSocketImpl.java:350)
	at java.net.AbstractPlainSocketImpl.connectToAddress(AbstractPlainSocketImpl.java:206)
	at java.net.AbstractPlainSocketImpl.connect(AbstractPlainSocketImpl.java:188)
	at java.net.PlainSocketImpl.connect(PlainSocketImpl.java:172)
	at java.net.SocksSocketImpl.connect(SocksSocketImpl.java:392)
	at java.net.Socket.connect(Socket.java:589)
	at sun.net.NetworkClient.doConnect(NetworkClient.java:175)
	at sun.net.www.http.HttpClient.openServer(HttpClient.java:463)
	at sun.net.www.http.HttpClient.openServer(HttpClient.java:558)
	at sun.net.www.http.HttpClient.<init>(HttpClient.java:242)
	at sun.net.www.http.HttpClient.New(HttpClient.java:339)
	at sun.net.www.http.HttpClient.New(HttpClient.java:357)
	at sun.net.www.protocol.http.HttpURLConnection.getNewHttpClient(HttpURLConnection.java:1202)
	at sun.net.www.protocol.http.HttpURLConnection.plainConnect0(HttpURLConnection.java:1138)
	at sun.net.www.protocol.http.HttpURLConnection.plainConnect(HttpURLConnection.java:1032)
	at sun.net.www.protocol.http.HttpURLConnection.connect(HttpURLConnection.java:966)
	at com.alibaba.nacos.common.http.client.request.JdkHttpClientRequest.execute(JdkHttpClientRequest.java:112)
	at com.alibaba.nacos.common.http.client.NacosRestTemplate.execute(NacosRestTemplate.java:482)
	at com.alibaba.nacos.common.http.client.NacosRestTemplate.exchangeForm(NacosRestTemplate.java:427)
	at com.alibaba.nacos.client.naming.net.NamingProxy.callServer(NamingProxy.java:603)
	at com.alibaba.nacos.client.naming.net.NamingProxy.reqApi(NamingProxy.java:526)
	at com.alibaba.nacos.client.naming.net.NamingProxy.reqApi(NamingProxy.java:498)
	at com.alibaba.nacos.client.naming.net.NamingProxy.sendBeat(NamingProxy.java:433)
	at com.alibaba.nacos.client.naming.beat.BeatReactor$BeatTask.run(BeatReactor.java:167)
	at java.util.concurrent.Executors$RunnableAdapter.call(Executors.java:511)
	at java.util.concurrent.FutureTask.run(FutureTask.java:266)
	at java.util.concurrent.ScheduledThreadPoolExecutor$ScheduledFutureTask.access$201(ScheduledThreadPoolExecutor.java:180)
	at java.util.concurrent.ScheduledThreadPoolExecutor$ScheduledFutureTask.run(ScheduledThreadPoolExecutor.java:293)
	at java.util.concurrent.ThreadPoolExecutor.runWorker(ThreadPoolExecutor.java:1142)
	at java.util.concurrent.ThreadPoolExecutor$Worker.run(ThreadPoolExecutor.java:617)
	at java.lang.Thread.run(Thread.java:748)
2025-03-26 01:00:07,947 ERROR [com.alibaba.nacos.naming.beat.sender][NamingProxy.java:552] - request: /nacos/v1/ns/instance/beat failed, servers: [192.168.128.130:8848], code: 500, msg: connect timed out
2025-03-26 01:00:07,947 ERROR [com.alibaba.nacos.naming.beat.sender][BeatReactor.java:198] - [CLIENT-BEAT] failed to send beat: {"port":63045,"ip":"10.65.24.129","weight":1.0,"serviceName":"group001@@system-service","cluster":"DEFAULT","metadata":{"preserved.register.source":"SPRING_CLOUD"},"scheduled":false,"period":5000,"stopped":false}, code: 500, msg: failed to req API:/nacos/v1/ns/instance/beat after all servers([192.168.128.130:8848]) tried: java.net.SocketTimeoutException: connect timed out
2025-03-26 01:00:09,756 ERROR [com.alibaba.nacos.client.Worker.longPolling.fixed-192.168.128.130_8848-xczx][ServerHttpAgent.java:169] - [NACOS SocketTimeoutException httpPost] currentServerAddr: http://192.168.128.130:8848， err : connect timed out
2025-03-26 01:00:09,756 ERROR [com.alibaba.nacos.client.Worker.longPolling.fixed-192.168.128.130_8848-xczx][ClientWorker.java:393] - [fixed-192.168.128.130_8848-xczx] [check-update] get changed dataId exception
java.net.ConnectException: [NACOS HTTP-POST] The maximum number of tolerable server reconnection errors has been reached
	at com.alibaba.nacos.client.config.http.ServerHttpAgent.httpPost(ServerHttpAgent.java:181)
	at com.alibaba.nacos.client.config.http.MetricsHttpAgent.httpPost(MetricsHttpAgent.java:67)
	at com.alibaba.nacos.client.config.impl.ClientWorker.checkUpdateConfigStr(ClientWorker.java:380)
	at com.alibaba.nacos.client.config.impl.ClientWorker.checkUpdateDataIds(ClientWorker.java:347)
	at com.alibaba.nacos.client.config.impl.ClientWorker$LongPollingRunnable.run(ClientWorker.java:535)
	at java.util.concurrent.Executors$RunnableAdapter.call(Executors.java:511)
	at java.util.concurrent.FutureTask.run(FutureTask.java:266)
	at java.util.concurrent.ScheduledThreadPoolExecutor$ScheduledFutureTask.access$201(ScheduledThreadPoolExecutor.java:180)
	at java.util.concurrent.ScheduledThreadPoolExecutor$ScheduledFutureTask.run(ScheduledThreadPoolExecutor.java:293)
	at java.util.concurrent.ThreadPoolExecutor.runWorker(ThreadPoolExecutor.java:1142)
	at java.util.concurrent.ThreadPoolExecutor$Worker.run(ThreadPoolExecutor.java:617)
	at java.lang.Thread.run(Thread.java:748)
2025-03-26 01:00:09,757 ERROR [com.alibaba.nacos.client.Worker.longPolling.fixed-192.168.128.130_8848-xczx][ClientWorker.java:580] - longPolling error : 
java.net.ConnectException: [NACOS HTTP-POST] The maximum number of tolerable server reconnection errors has been reached
	at com.alibaba.nacos.client.config.http.ServerHttpAgent.httpPost(ServerHttpAgent.java:181)
	at com.alibaba.nacos.client.config.http.MetricsHttpAgent.httpPost(MetricsHttpAgent.java:67)
	at com.alibaba.nacos.client.config.impl.ClientWorker.checkUpdateConfigStr(ClientWorker.java:380)
	at com.alibaba.nacos.client.config.impl.ClientWorker.checkUpdateDataIds(ClientWorker.java:347)
	at com.alibaba.nacos.client.config.impl.ClientWorker$LongPollingRunnable.run(ClientWorker.java:535)
	at java.util.concurrent.Executors$RunnableAdapter.call(Executors.java:511)
	at java.util.concurrent.FutureTask.run(FutureTask.java:266)
	at java.util.concurrent.ScheduledThreadPoolExecutor$ScheduledFutureTask.access$201(ScheduledThreadPoolExecutor.java:180)
	at java.util.concurrent.ScheduledThreadPoolExecutor$ScheduledFutureTask.run(ScheduledThreadPoolExecutor.java:293)
	at java.util.concurrent.ThreadPoolExecutor.runWorker(ThreadPoolExecutor.java:1142)
	at java.util.concurrent.ThreadPoolExecutor$Worker.run(ThreadPoolExecutor.java:617)
	at java.lang.Thread.run(Thread.java:748)
2025-03-26 01:00:14,774 ERROR [com.alibaba.nacos.client.Worker.longPolling.fixed-192.168.128.130_8848-xczx][ServerHttpAgent.java:169] - [NACOS SocketTimeoutException httpPost] currentServerAddr: http://192.168.128.130:8848， err : connect timed out
2025-03-26 01:00:15,956 ERROR [com.alibaba.nacos.naming.beat.sender][NamingProxy.java:617] - [NA] failed to request
java.net.SocketTimeoutException: connect timed out
	at java.net.DualStackPlainSocketImpl.waitForConnect(Native Method)
	at java.net.DualStackPlainSocketImpl.socketConnect(DualStackPlainSocketImpl.java:85)
	at java.net.AbstractPlainSocketImpl.doConnect(AbstractPlainSocketImpl.java:350)
	at java.net.AbstractPlainSocketImpl.connectToAddress(AbstractPlainSocketImpl.java:206)
	at java.net.AbstractPlainSocketImpl.connect(AbstractPlainSocketImpl.java:188)
	at java.net.PlainSocketImpl.connect(PlainSocketImpl.java:172)
	at java.net.SocksSocketImpl.connect(SocksSocketImpl.java:392)
	at java.net.Socket.connect(Socket.java:589)
	at sun.net.NetworkClient.doConnect(NetworkClient.java:175)
	at sun.net.www.http.HttpClient.openServer(HttpClient.java:463)
	at sun.net.www.http.HttpClient.openServer(HttpClient.java:558)
	at sun.net.www.http.HttpClient.<init>(HttpClient.java:242)
	at sun.net.www.http.HttpClient.New(HttpClient.java:339)
	at sun.net.www.http.HttpClient.New(HttpClient.java:357)
	at sun.net.www.protocol.http.HttpURLConnection.getNewHttpClient(HttpURLConnection.java:1202)
	at sun.net.www.protocol.http.HttpURLConnection.plainConnect0(HttpURLConnection.java:1138)
	at sun.net.www.protocol.http.HttpURLConnection.plainConnect(HttpURLConnection.java:1032)
	at sun.net.www.protocol.http.HttpURLConnection.connect(HttpURLConnection.java:966)
	at com.alibaba.nacos.common.http.client.request.JdkHttpClientRequest.execute(JdkHttpClientRequest.java:112)
	at com.alibaba.nacos.common.http.client.NacosRestTemplate.execute(NacosRestTemplate.java:482)
	at com.alibaba.nacos.common.http.client.NacosRestTemplate.exchangeForm(NacosRestTemplate.java:427)
	at com.alibaba.nacos.client.naming.net.NamingProxy.callServer(NamingProxy.java:603)
	at com.alibaba.nacos.client.naming.net.NamingProxy.reqApi(NamingProxy.java:526)
	at com.alibaba.nacos.client.naming.net.NamingProxy.reqApi(NamingProxy.java:498)
	at com.alibaba.nacos.client.naming.net.NamingProxy.sendBeat(NamingProxy.java:433)
	at com.alibaba.nacos.client.naming.beat.BeatReactor$BeatTask.run(BeatReactor.java:167)
	at java.util.concurrent.Executors$RunnableAdapter.call(Executors.java:511)
	at java.util.concurrent.FutureTask.run(FutureTask.java:266)
	at java.util.concurrent.ScheduledThreadPoolExecutor$ScheduledFutureTask.access$201(ScheduledThreadPoolExecutor.java:180)
	at java.util.concurrent.ScheduledThreadPoolExecutor$ScheduledFutureTask.run(ScheduledThreadPoolExecutor.java:293)
	at java.util.concurrent.ThreadPoolExecutor.runWorker(ThreadPoolExecutor.java:1142)
	at java.util.concurrent.ThreadPoolExecutor$Worker.run(ThreadPoolExecutor.java:617)
	at java.lang.Thread.run(Thread.java:748)
2025-03-26 01:00:17,784 ERROR [com.alibaba.nacos.client.Worker.longPolling.fixed-192.168.128.130_8848-xczx][ServerHttpAgent.java:169] - [NACOS SocketTimeoutException httpPost] currentServerAddr: http://192.168.128.130:8848， err : connect timed out
2025-03-26 01:00:18,963 ERROR [com.alibaba.nacos.naming.beat.sender][NamingProxy.java:617] - [NA] failed to request
java.net.SocketTimeoutException: connect timed out
	at java.net.DualStackPlainSocketImpl.waitForConnect(Native Method)
	at java.net.DualStackPlainSocketImpl.socketConnect(DualStackPlainSocketImpl.java:85)
	at java.net.AbstractPlainSocketImpl.doConnect(AbstractPlainSocketImpl.java:350)
	at java.net.AbstractPlainSocketImpl.connectToAddress(AbstractPlainSocketImpl.java:206)
	at java.net.AbstractPlainSocketImpl.connect(AbstractPlainSocketImpl.java:188)
	at java.net.PlainSocketImpl.connect(PlainSocketImpl.java:172)
	at java.net.SocksSocketImpl.connect(SocksSocketImpl.java:392)
	at java.net.Socket.connect(Socket.java:589)
	at sun.net.NetworkClient.doConnect(NetworkClient.java:175)
	at sun.net.www.http.HttpClient.openServer(HttpClient.java:463)
	at sun.net.www.http.HttpClient.openServer(HttpClient.java:558)
	at sun.net.www.http.HttpClient.<init>(HttpClient.java:242)
	at sun.net.www.http.HttpClient.New(HttpClient.java:339)
	at sun.net.www.http.HttpClient.New(HttpClient.java:357)
	at sun.net.www.protocol.http.HttpURLConnection.getNewHttpClient(HttpURLConnection.java:1202)
	at sun.net.www.protocol.http.HttpURLConnection.plainConnect0(HttpURLConnection.java:1138)
	at sun.net.www.protocol.http.HttpURLConnection.plainConnect(HttpURLConnection.java:1032)
	at sun.net.www.protocol.http.HttpURLConnection.connect(HttpURLConnection.java:966)
	at com.alibaba.nacos.common.http.client.request.JdkHttpClientRequest.execute(JdkHttpClientRequest.java:112)
	at com.alibaba.nacos.common.http.client.NacosRestTemplate.execute(NacosRestTemplate.java:482)
	at com.alibaba.nacos.common.http.client.NacosRestTemplate.exchangeForm(NacosRestTemplate.java:427)
	at com.alibaba.nacos.client.naming.net.NamingProxy.callServer(NamingProxy.java:603)
	at com.alibaba.nacos.client.naming.net.NamingProxy.reqApi(NamingProxy.java:526)
	at com.alibaba.nacos.client.naming.net.NamingProxy.reqApi(NamingProxy.java:498)
	at com.alibaba.nacos.client.naming.net.NamingProxy.sendBeat(NamingProxy.java:433)
	at com.alibaba.nacos.client.naming.beat.BeatReactor$BeatTask.run(BeatReactor.java:167)
	at java.util.concurrent.Executors$RunnableAdapter.call(Executors.java:511)
	at java.util.concurrent.FutureTask.run(FutureTask.java:266)
	at java.util.concurrent.ScheduledThreadPoolExecutor$ScheduledFutureTask.access$201(ScheduledThreadPoolExecutor.java:180)
	at java.util.concurrent.ScheduledThreadPoolExecutor$ScheduledFutureTask.run(ScheduledThreadPoolExecutor.java:293)
	at java.util.concurrent.ThreadPoolExecutor.runWorker(ThreadPoolExecutor.java:1142)
	at java.util.concurrent.ThreadPoolExecutor$Worker.run(ThreadPoolExecutor.java:617)
	at java.lang.Thread.run(Thread.java:748)
2025-03-26 01:00:20,789 ERROR [com.alibaba.nacos.client.Worker.longPolling.fixed-192.168.128.130_8848-xczx][ServerHttpAgent.java:169] - [NACOS SocketTimeoutException httpPost] currentServerAddr: http://192.168.128.130:8848， err : connect timed out
2025-03-26 01:00:21,980 ERROR [com.alibaba.nacos.naming.beat.sender][NamingProxy.java:617] - [NA] failed to request
java.net.SocketTimeoutException: connect timed out
	at java.net.DualStackPlainSocketImpl.waitForConnect(Native Method)
	at java.net.DualStackPlainSocketImpl.socketConnect(DualStackPlainSocketImpl.java:85)
	at java.net.AbstractPlainSocketImpl.doConnect(AbstractPlainSocketImpl.java:350)
	at java.net.AbstractPlainSocketImpl.connectToAddress(AbstractPlainSocketImpl.java:206)
	at java.net.AbstractPlainSocketImpl.connect(AbstractPlainSocketImpl.java:188)
	at java.net.PlainSocketImpl.connect(PlainSocketImpl.java:172)
	at java.net.SocksSocketImpl.connect(SocksSocketImpl.java:392)
	at java.net.Socket.connect(Socket.java:589)
	at sun.net.NetworkClient.doConnect(NetworkClient.java:175)
	at sun.net.www.http.HttpClient.openServer(HttpClient.java:463)
	at sun.net.www.http.HttpClient.openServer(HttpClient.java:558)
	at sun.net.www.http.HttpClient.<init>(HttpClient.java:242)
	at sun.net.www.http.HttpClient.New(HttpClient.java:339)
	at sun.net.www.http.HttpClient.New(HttpClient.java:357)
	at sun.net.www.protocol.http.HttpURLConnection.getNewHttpClient(HttpURLConnection.java:1202)
	at sun.net.www.protocol.http.HttpURLConnection.plainConnect0(HttpURLConnection.java:1138)
	at sun.net.www.protocol.http.HttpURLConnection.plainConnect(HttpURLConnection.java:1032)
	at sun.net.www.protocol.http.HttpURLConnection.connect(HttpURLConnection.java:966)
	at com.alibaba.nacos.common.http.client.request.JdkHttpClientRequest.execute(JdkHttpClientRequest.java:112)
	at com.alibaba.nacos.common.http.client.NacosRestTemplate.execute(NacosRestTemplate.java:482)
	at com.alibaba.nacos.common.http.client.NacosRestTemplate.exchangeForm(NacosRestTemplate.java:427)
	at com.alibaba.nacos.client.naming.net.NamingProxy.callServer(NamingProxy.java:603)
	at com.alibaba.nacos.client.naming.net.NamingProxy.reqApi(NamingProxy.java:526)
	at com.alibaba.nacos.client.naming.net.NamingProxy.reqApi(NamingProxy.java:498)
	at com.alibaba.nacos.client.naming.net.NamingProxy.sendBeat(NamingProxy.java:433)
	at com.alibaba.nacos.client.naming.beat.BeatReactor$BeatTask.run(BeatReactor.java:167)
	at java.util.concurrent.Executors$RunnableAdapter.call(Executors.java:511)
	at java.util.concurrent.FutureTask.run(FutureTask.java:266)
	at java.util.concurrent.ScheduledThreadPoolExecutor$ScheduledFutureTask.access$201(ScheduledThreadPoolExecutor.java:180)
	at java.util.concurrent.ScheduledThreadPoolExecutor$ScheduledFutureTask.run(ScheduledThreadPoolExecutor.java:293)
	at java.util.concurrent.ThreadPoolExecutor.runWorker(ThreadPoolExecutor.java:1142)
	at java.util.concurrent.ThreadPoolExecutor$Worker.run(ThreadPoolExecutor.java:617)
	at java.lang.Thread.run(Thread.java:748)
2025-03-26 01:00:21,982 ERROR [com.alibaba.nacos.naming.beat.sender][NamingProxy.java:552] - request: /nacos/v1/ns/instance/beat failed, servers: [192.168.128.130:8848], code: 500, msg: connect timed out
2025-03-26 01:00:21,982 ERROR [com.alibaba.nacos.naming.beat.sender][BeatReactor.java:198] - [CLIENT-BEAT] failed to send beat: {"port":63045,"ip":"10.65.24.129","weight":1.0,"serviceName":"group001@@system-service","cluster":"DEFAULT","metadata":{"preserved.register.source":"SPRING_CLOUD"},"scheduled":false,"period":5000,"stopped":false}, code: 500, msg: failed to req API:/nacos/v1/ns/instance/beat after all servers([192.168.128.130:8848]) tried: java.net.SocketTimeoutException: connect timed out
2025-03-26 01:00:23,807 ERROR [com.alibaba.nacos.client.Worker.longPolling.fixed-192.168.128.130_8848-xczx][ServerHttpAgent.java:169] - [NACOS SocketTimeoutException httpPost] currentServerAddr: http://192.168.128.130:8848， err : connect timed out
2025-03-26 01:00:23,807 ERROR [com.alibaba.nacos.client.Worker.longPolling.fixed-192.168.128.130_8848-xczx][ClientWorker.java:393] - [fixed-192.168.128.130_8848-xczx] [check-update] get changed dataId exception
java.net.ConnectException: [NACOS HTTP-POST] The maximum number of tolerable server reconnection errors has been reached
	at com.alibaba.nacos.client.config.http.ServerHttpAgent.httpPost(ServerHttpAgent.java:181)
	at com.alibaba.nacos.client.config.http.MetricsHttpAgent.httpPost(MetricsHttpAgent.java:67)
	at com.alibaba.nacos.client.config.impl.ClientWorker.checkUpdateConfigStr(ClientWorker.java:380)
	at com.alibaba.nacos.client.config.impl.ClientWorker.checkUpdateDataIds(ClientWorker.java:347)
	at com.alibaba.nacos.client.config.impl.ClientWorker$LongPollingRunnable.run(ClientWorker.java:535)
	at java.util.concurrent.Executors$RunnableAdapter.call(Executors.java:511)
	at java.util.concurrent.FutureTask.run(FutureTask.java:266)
	at java.util.concurrent.ScheduledThreadPoolExecutor$ScheduledFutureTask.access$201(ScheduledThreadPoolExecutor.java:180)
	at java.util.concurrent.ScheduledThreadPoolExecutor$ScheduledFutureTask.run(ScheduledThreadPoolExecutor.java:293)
	at java.util.concurrent.ThreadPoolExecutor.runWorker(ThreadPoolExecutor.java:1142)
	at java.util.concurrent.ThreadPoolExecutor$Worker.run(ThreadPoolExecutor.java:617)
	at java.lang.Thread.run(Thread.java:748)
2025-03-26 01:00:23,809 ERROR [com.alibaba.nacos.client.Worker.longPolling.fixed-192.168.128.130_8848-xczx][ClientWorker.java:580] - longPolling error : 
java.net.ConnectException: [NACOS HTTP-POST] The maximum number of tolerable server reconnection errors has been reached
	at com.alibaba.nacos.client.config.http.ServerHttpAgent.httpPost(ServerHttpAgent.java:181)
	at com.alibaba.nacos.client.config.http.MetricsHttpAgent.httpPost(MetricsHttpAgent.java:67)
	at com.alibaba.nacos.client.config.impl.ClientWorker.checkUpdateConfigStr(ClientWorker.java:380)
	at com.alibaba.nacos.client.config.impl.ClientWorker.checkUpdateDataIds(ClientWorker.java:347)
	at com.alibaba.nacos.client.config.impl.ClientWorker$LongPollingRunnable.run(ClientWorker.java:535)
	at java.util.concurrent.Executors$RunnableAdapter.call(Executors.java:511)
	at java.util.concurrent.FutureTask.run(FutureTask.java:266)
	at java.util.concurrent.ScheduledThreadPoolExecutor$ScheduledFutureTask.access$201(ScheduledThreadPoolExecutor.java:180)
	at java.util.concurrent.ScheduledThreadPoolExecutor$ScheduledFutureTask.run(ScheduledThreadPoolExecutor.java:293)
	at java.util.concurrent.ThreadPoolExecutor.runWorker(ThreadPoolExecutor.java:1142)
	at java.util.concurrent.ThreadPoolExecutor$Worker.run(ThreadPoolExecutor.java:617)
	at java.lang.Thread.run(Thread.java:748)
2025-03-26 01:00:28,839 ERROR [com.alibaba.nacos.client.Worker.longPolling.fixed-192.168.128.130_8848-xczx][ServerHttpAgent.java:169] - [NACOS SocketTimeoutException httpPost] currentServerAddr: http://192.168.128.130:8848， err : connect timed out
2025-03-26 01:00:30,001 ERROR [com.alibaba.nacos.naming.beat.sender][NamingProxy.java:617] - [NA] failed to request
java.net.SocketTimeoutException: connect timed out
	at java.net.DualStackPlainSocketImpl.waitForConnect(Native Method)
	at java.net.DualStackPlainSocketImpl.socketConnect(DualStackPlainSocketImpl.java:85)
	at java.net.AbstractPlainSocketImpl.doConnect(AbstractPlainSocketImpl.java:350)
	at java.net.AbstractPlainSocketImpl.connectToAddress(AbstractPlainSocketImpl.java:206)
	at java.net.AbstractPlainSocketImpl.connect(AbstractPlainSocketImpl.java:188)
	at java.net.PlainSocketImpl.connect(PlainSocketImpl.java:172)
	at java.net.SocksSocketImpl.connect(SocksSocketImpl.java:392)
	at java.net.Socket.connect(Socket.java:589)
	at sun.net.NetworkClient.doConnect(NetworkClient.java:175)
	at sun.net.www.http.HttpClient.openServer(HttpClient.java:463)
	at sun.net.www.http.HttpClient.openServer(HttpClient.java:558)
	at sun.net.www.http.HttpClient.<init>(HttpClient.java:242)
	at sun.net.www.http.HttpClient.New(HttpClient.java:339)
	at sun.net.www.http.HttpClient.New(HttpClient.java:357)
	at sun.net.www.protocol.http.HttpURLConnection.getNewHttpClient(HttpURLConnection.java:1202)
	at sun.net.www.protocol.http.HttpURLConnection.plainConnect0(HttpURLConnection.java:1138)
	at sun.net.www.protocol.http.HttpURLConnection.plainConnect(HttpURLConnection.java:1032)
	at sun.net.www.protocol.http.HttpURLConnection.connect(HttpURLConnection.java:966)
	at com.alibaba.nacos.common.http.client.request.JdkHttpClientRequest.execute(JdkHttpClientRequest.java:112)
	at com.alibaba.nacos.common.http.client.NacosRestTemplate.execute(NacosRestTemplate.java:482)
	at com.alibaba.nacos.common.http.client.NacosRestTemplate.exchangeForm(NacosRestTemplate.java:427)
	at com.alibaba.nacos.client.naming.net.NamingProxy.callServer(NamingProxy.java:603)
	at com.alibaba.nacos.client.naming.net.NamingProxy.reqApi(NamingProxy.java:526)
	at com.alibaba.nacos.client.naming.net.NamingProxy.reqApi(NamingProxy.java:498)
	at com.alibaba.nacos.client.naming.net.NamingProxy.sendBeat(NamingProxy.java:433)
	at com.alibaba.nacos.client.naming.beat.BeatReactor$BeatTask.run(BeatReactor.java:167)
	at java.util.concurrent.Executors$RunnableAdapter.call(Executors.java:511)
	at java.util.concurrent.FutureTask.run(FutureTask.java:266)
	at java.util.concurrent.ScheduledThreadPoolExecutor$ScheduledFutureTask.access$201(ScheduledThreadPoolExecutor.java:180)
	at java.util.concurrent.ScheduledThreadPoolExecutor$ScheduledFutureTask.run(ScheduledThreadPoolExecutor.java:293)
	at java.util.concurrent.ThreadPoolExecutor.runWorker(ThreadPoolExecutor.java:1142)
	at java.util.concurrent.ThreadPoolExecutor$Worker.run(ThreadPoolExecutor.java:617)
	at java.lang.Thread.run(Thread.java:748)
2025-03-26 01:00:31,855 ERROR [com.alibaba.nacos.client.Worker.longPolling.fixed-192.168.128.130_8848-xczx][ServerHttpAgent.java:169] - [NACOS SocketTimeoutException httpPost] currentServerAddr: http://192.168.128.130:8848， err : connect timed out
2025-03-26 01:00:33,008 ERROR [com.alibaba.nacos.naming.beat.sender][NamingProxy.java:617] - [NA] failed to request
java.net.SocketTimeoutException: connect timed out
	at java.net.DualStackPlainSocketImpl.waitForConnect(Native Method)
	at java.net.DualStackPlainSocketImpl.socketConnect(DualStackPlainSocketImpl.java:85)
	at java.net.AbstractPlainSocketImpl.doConnect(AbstractPlainSocketImpl.java:350)
	at java.net.AbstractPlainSocketImpl.connectToAddress(AbstractPlainSocketImpl.java:206)
	at java.net.AbstractPlainSocketImpl.connect(AbstractPlainSocketImpl.java:188)
	at java.net.PlainSocketImpl.connect(PlainSocketImpl.java:172)
	at java.net.SocksSocketImpl.connect(SocksSocketImpl.java:392)
	at java.net.Socket.connect(Socket.java:589)
	at sun.net.NetworkClient.doConnect(NetworkClient.java:175)
	at sun.net.www.http.HttpClient.openServer(HttpClient.java:463)
	at sun.net.www.http.HttpClient.openServer(HttpClient.java:558)
	at sun.net.www.http.HttpClient.<init>(HttpClient.java:242)
	at sun.net.www.http.HttpClient.New(HttpClient.java:339)
	at sun.net.www.http.HttpClient.New(HttpClient.java:357)
	at sun.net.www.protocol.http.HttpURLConnection.getNewHttpClient(HttpURLConnection.java:1202)
	at sun.net.www.protocol.http.HttpURLConnection.plainConnect0(HttpURLConnection.java:1138)
	at sun.net.www.protocol.http.HttpURLConnection.plainConnect(HttpURLConnection.java:1032)
	at sun.net.www.protocol.http.HttpURLConnection.connect(HttpURLConnection.java:966)
	at com.alibaba.nacos.common.http.client.request.JdkHttpClientRequest.execute(JdkHttpClientRequest.java:112)
	at com.alibaba.nacos.common.http.client.NacosRestTemplate.execute(NacosRestTemplate.java:482)
	at com.alibaba.nacos.common.http.client.NacosRestTemplate.exchangeForm(NacosRestTemplate.java:427)
	at com.alibaba.nacos.client.naming.net.NamingProxy.callServer(NamingProxy.java:603)
	at com.alibaba.nacos.client.naming.net.NamingProxy.reqApi(NamingProxy.java:526)
	at com.alibaba.nacos.client.naming.net.NamingProxy.reqApi(NamingProxy.java:498)
	at com.alibaba.nacos.client.naming.net.NamingProxy.sendBeat(NamingProxy.java:433)
	at com.alibaba.nacos.client.naming.beat.BeatReactor$BeatTask.run(BeatReactor.java:167)
	at java.util.concurrent.Executors$RunnableAdapter.call(Executors.java:511)
	at java.util.concurrent.FutureTask.run(FutureTask.java:266)
	at java.util.concurrent.ScheduledThreadPoolExecutor$ScheduledFutureTask.access$201(ScheduledThreadPoolExecutor.java:180)
	at java.util.concurrent.ScheduledThreadPoolExecutor$ScheduledFutureTask.run(ScheduledThreadPoolExecutor.java:293)
	at java.util.concurrent.ThreadPoolExecutor.runWorker(ThreadPoolExecutor.java:1142)
	at java.util.concurrent.ThreadPoolExecutor$Worker.run(ThreadPoolExecutor.java:617)
	at java.lang.Thread.run(Thread.java:748)
2025-03-26 01:00:34,859 ERROR [com.alibaba.nacos.client.Worker.longPolling.fixed-192.168.128.130_8848-xczx][ServerHttpAgent.java:169] - [NACOS SocketTimeoutException httpPost] currentServerAddr: http://192.168.128.130:8848， err : connect timed out
2025-03-26 01:00:36,024 ERROR [com.alibaba.nacos.naming.beat.sender][NamingProxy.java:617] - [NA] failed to request
java.net.SocketTimeoutException: connect timed out
	at java.net.DualStackPlainSocketImpl.waitForConnect(Native Method)
	at java.net.DualStackPlainSocketImpl.socketConnect(DualStackPlainSocketImpl.java:85)
	at java.net.AbstractPlainSocketImpl.doConnect(AbstractPlainSocketImpl.java:350)
	at java.net.AbstractPlainSocketImpl.connectToAddress(AbstractPlainSocketImpl.java:206)
	at java.net.AbstractPlainSocketImpl.connect(AbstractPlainSocketImpl.java:188)
	at java.net.PlainSocketImpl.connect(PlainSocketImpl.java:172)
	at java.net.SocksSocketImpl.connect(SocksSocketImpl.java:392)
	at java.net.Socket.connect(Socket.java:589)
	at sun.net.NetworkClient.doConnect(NetworkClient.java:175)
	at sun.net.www.http.HttpClient.openServer(HttpClient.java:463)
	at sun.net.www.http.HttpClient.openServer(HttpClient.java:558)
	at sun.net.www.http.HttpClient.<init>(HttpClient.java:242)
	at sun.net.www.http.HttpClient.New(HttpClient.java:339)
	at sun.net.www.http.HttpClient.New(HttpClient.java:357)
	at sun.net.www.protocol.http.HttpURLConnection.getNewHttpClient(HttpURLConnection.java:1202)
	at sun.net.www.protocol.http.HttpURLConnection.plainConnect0(HttpURLConnection.java:1138)
	at sun.net.www.protocol.http.HttpURLConnection.plainConnect(HttpURLConnection.java:1032)
	at sun.net.www.protocol.http.HttpURLConnection.connect(HttpURLConnection.java:966)
	at com.alibaba.nacos.common.http.client.request.JdkHttpClientRequest.execute(JdkHttpClientRequest.java:112)
	at com.alibaba.nacos.common.http.client.NacosRestTemplate.execute(NacosRestTemplate.java:482)
	at com.alibaba.nacos.common.http.client.NacosRestTemplate.exchangeForm(NacosRestTemplate.java:427)
	at com.alibaba.nacos.client.naming.net.NamingProxy.callServer(NamingProxy.java:603)
	at com.alibaba.nacos.client.naming.net.NamingProxy.reqApi(NamingProxy.java:526)
	at com.alibaba.nacos.client.naming.net.NamingProxy.reqApi(NamingProxy.java:498)
	at com.alibaba.nacos.client.naming.net.NamingProxy.sendBeat(NamingProxy.java:433)
	at com.alibaba.nacos.client.naming.beat.BeatReactor$BeatTask.run(BeatReactor.java:167)
	at java.util.concurrent.Executors$RunnableAdapter.call(Executors.java:511)
	at java.util.concurrent.FutureTask.run(FutureTask.java:266)
	at java.util.concurrent.ScheduledThreadPoolExecutor$ScheduledFutureTask.access$201(ScheduledThreadPoolExecutor.java:180)
	at java.util.concurrent.ScheduledThreadPoolExecutor$ScheduledFutureTask.run(ScheduledThreadPoolExecutor.java:293)
	at java.util.concurrent.ThreadPoolExecutor.runWorker(ThreadPoolExecutor.java:1142)
	at java.util.concurrent.ThreadPoolExecutor$Worker.run(ThreadPoolExecutor.java:617)
	at java.lang.Thread.run(Thread.java:748)
2025-03-26 01:00:36,026 ERROR [com.alibaba.nacos.naming.beat.sender][NamingProxy.java:552] - request: /nacos/v1/ns/instance/beat failed, servers: [192.168.128.130:8848], code: 500, msg: connect timed out
2025-03-26 01:00:36,026 ERROR [com.alibaba.nacos.naming.beat.sender][BeatReactor.java:198] - [CLIENT-BEAT] failed to send beat: {"port":63045,"ip":"10.65.24.129","weight":1.0,"serviceName":"group001@@system-service","cluster":"DEFAULT","metadata":{"preserved.register.source":"SPRING_CLOUD"},"scheduled":false,"period":5000,"stopped":false}, code: 500, msg: failed to req API:/nacos/v1/ns/instance/beat after all servers([192.168.128.130:8848]) tried: java.net.SocketTimeoutException: connect timed out
2025-03-26 01:00:37,875 ERROR [com.alibaba.nacos.client.Worker.longPolling.fixed-192.168.128.130_8848-xczx][ServerHttpAgent.java:169] - [NACOS SocketTimeoutException httpPost] currentServerAddr: http://192.168.128.130:8848， err : connect timed out
2025-03-26 01:00:37,876 ERROR [com.alibaba.nacos.client.Worker.longPolling.fixed-192.168.128.130_8848-xczx][ClientWorker.java:393] - [fixed-192.168.128.130_8848-xczx] [check-update] get changed dataId exception
java.net.ConnectException: [NACOS HTTP-POST] The maximum number of tolerable server reconnection errors has been reached
	at com.alibaba.nacos.client.config.http.ServerHttpAgent.httpPost(ServerHttpAgent.java:181)
	at com.alibaba.nacos.client.config.http.MetricsHttpAgent.httpPost(MetricsHttpAgent.java:67)
	at com.alibaba.nacos.client.config.impl.ClientWorker.checkUpdateConfigStr(ClientWorker.java:380)
	at com.alibaba.nacos.client.config.impl.ClientWorker.checkUpdateDataIds(ClientWorker.java:347)
	at com.alibaba.nacos.client.config.impl.ClientWorker$LongPollingRunnable.run(ClientWorker.java:535)
	at java.util.concurrent.Executors$RunnableAdapter.call(Executors.java:511)
	at java.util.concurrent.FutureTask.run(FutureTask.java:266)
	at java.util.concurrent.ScheduledThreadPoolExecutor$ScheduledFutureTask.access$201(ScheduledThreadPoolExecutor.java:180)
	at java.util.concurrent.ScheduledThreadPoolExecutor$ScheduledFutureTask.run(ScheduledThreadPoolExecutor.java:293)
	at java.util.concurrent.ThreadPoolExecutor.runWorker(ThreadPoolExecutor.java:1142)
	at java.util.concurrent.ThreadPoolExecutor$Worker.run(ThreadPoolExecutor.java:617)
	at java.lang.Thread.run(Thread.java:748)
2025-03-26 01:00:37,877 ERROR [com.alibaba.nacos.client.Worker.longPolling.fixed-192.168.128.130_8848-xczx][ClientWorker.java:580] - longPolling error : 
java.net.ConnectException: [NACOS HTTP-POST] The maximum number of tolerable server reconnection errors has been reached
	at com.alibaba.nacos.client.config.http.ServerHttpAgent.httpPost(ServerHttpAgent.java:181)
	at com.alibaba.nacos.client.config.http.MetricsHttpAgent.httpPost(MetricsHttpAgent.java:67)
	at com.alibaba.nacos.client.config.impl.ClientWorker.checkUpdateConfigStr(ClientWorker.java:380)
	at com.alibaba.nacos.client.config.impl.ClientWorker.checkUpdateDataIds(ClientWorker.java:347)
	at com.alibaba.nacos.client.config.impl.ClientWorker$LongPollingRunnable.run(ClientWorker.java:535)
	at java.util.concurrent.Executors$RunnableAdapter.call(Executors.java:511)
	at java.util.concurrent.FutureTask.run(FutureTask.java:266)
	at java.util.concurrent.ScheduledThreadPoolExecutor$ScheduledFutureTask.access$201(ScheduledThreadPoolExecutor.java:180)
	at java.util.concurrent.ScheduledThreadPoolExecutor$ScheduledFutureTask.run(ScheduledThreadPoolExecutor.java:293)
	at java.util.concurrent.ThreadPoolExecutor.runWorker(ThreadPoolExecutor.java:1142)
	at java.util.concurrent.ThreadPoolExecutor$Worker.run(ThreadPoolExecutor.java:617)
	at java.lang.Thread.run(Thread.java:748)
2025-03-26 01:00:42,905 ERROR [com.alibaba.nacos.client.Worker.longPolling.fixed-192.168.128.130_8848-xczx][ServerHttpAgent.java:169] - [NACOS SocketTimeoutException httpPost] currentServerAddr: http://192.168.128.130:8848， err : connect timed out
2025-03-26 01:00:44,055 ERROR [com.alibaba.nacos.naming.beat.sender][NamingProxy.java:617] - [NA] failed to request
java.net.SocketTimeoutException: connect timed out
	at java.net.DualStackPlainSocketImpl.waitForConnect(Native Method)
	at java.net.DualStackPlainSocketImpl.socketConnect(DualStackPlainSocketImpl.java:85)
	at java.net.AbstractPlainSocketImpl.doConnect(AbstractPlainSocketImpl.java:350)
	at java.net.AbstractPlainSocketImpl.connectToAddress(AbstractPlainSocketImpl.java:206)
	at java.net.AbstractPlainSocketImpl.connect(AbstractPlainSocketImpl.java:188)
	at java.net.PlainSocketImpl.connect(PlainSocketImpl.java:172)
	at java.net.SocksSocketImpl.connect(SocksSocketImpl.java:392)
	at java.net.Socket.connect(Socket.java:589)
	at sun.net.NetworkClient.doConnect(NetworkClient.java:175)
	at sun.net.www.http.HttpClient.openServer(HttpClient.java:463)
	at sun.net.www.http.HttpClient.openServer(HttpClient.java:558)
	at sun.net.www.http.HttpClient.<init>(HttpClient.java:242)
	at sun.net.www.http.HttpClient.New(HttpClient.java:339)
	at sun.net.www.http.HttpClient.New(HttpClient.java:357)
	at sun.net.www.protocol.http.HttpURLConnection.getNewHttpClient(HttpURLConnection.java:1202)
	at sun.net.www.protocol.http.HttpURLConnection.plainConnect0(HttpURLConnection.java:1138)
	at sun.net.www.protocol.http.HttpURLConnection.plainConnect(HttpURLConnection.java:1032)
	at sun.net.www.protocol.http.HttpURLConnection.connect(HttpURLConnection.java:966)
	at com.alibaba.nacos.common.http.client.request.JdkHttpClientRequest.execute(JdkHttpClientRequest.java:112)
	at com.alibaba.nacos.common.http.client.NacosRestTemplate.execute(NacosRestTemplate.java:482)
	at com.alibaba.nacos.common.http.client.NacosRestTemplate.exchangeForm(NacosRestTemplate.java:427)
	at com.alibaba.nacos.client.naming.net.NamingProxy.callServer(NamingProxy.java:603)
	at com.alibaba.nacos.client.naming.net.NamingProxy.reqApi(NamingProxy.java:526)
	at com.alibaba.nacos.client.naming.net.NamingProxy.reqApi(NamingProxy.java:498)
	at com.alibaba.nacos.client.naming.net.NamingProxy.sendBeat(NamingProxy.java:433)
	at com.alibaba.nacos.client.naming.beat.BeatReactor$BeatTask.run(BeatReactor.java:167)
	at java.util.concurrent.Executors$RunnableAdapter.call(Executors.java:511)
	at java.util.concurrent.FutureTask.run(FutureTask.java:266)
	at java.util.concurrent.ScheduledThreadPoolExecutor$ScheduledFutureTask.access$201(ScheduledThreadPoolExecutor.java:180)
	at java.util.concurrent.ScheduledThreadPoolExecutor$ScheduledFutureTask.run(ScheduledThreadPoolExecutor.java:293)
	at java.util.concurrent.ThreadPoolExecutor.runWorker(ThreadPoolExecutor.java:1142)
	at java.util.concurrent.ThreadPoolExecutor$Worker.run(ThreadPoolExecutor.java:617)
	at java.lang.Thread.run(Thread.java:748)
2025-03-26 01:00:44,729 ERROR [com.alibaba.nacos.client.naming.updater][NamingProxy.java:617] - [NA] failed to request
java.net.SocketTimeoutException: connect timed out
	at java.net.DualStackPlainSocketImpl.waitForConnect(Native Method)
	at java.net.DualStackPlainSocketImpl.socketConnect(DualStackPlainSocketImpl.java:85)
	at java.net.AbstractPlainSocketImpl.doConnect(AbstractPlainSocketImpl.java:350)
	at java.net.AbstractPlainSocketImpl.connectToAddress(AbstractPlainSocketImpl.java:206)
	at java.net.AbstractPlainSocketImpl.connect(AbstractPlainSocketImpl.java:188)
	at java.net.PlainSocketImpl.connect(PlainSocketImpl.java:172)
	at java.net.SocksSocketImpl.connect(SocksSocketImpl.java:392)
	at java.net.Socket.connect(Socket.java:589)
	at sun.net.NetworkClient.doConnect(NetworkClient.java:175)
	at sun.net.www.http.HttpClient.openServer(HttpClient.java:463)
	at sun.net.www.http.HttpClient.openServer(HttpClient.java:558)
	at sun.net.www.http.HttpClient.<init>(HttpClient.java:242)
	at sun.net.www.http.HttpClient.New(HttpClient.java:339)
	at sun.net.www.http.HttpClient.New(HttpClient.java:357)
	at sun.net.www.protocol.http.HttpURLConnection.getNewHttpClient(HttpURLConnection.java:1202)
	at sun.net.www.protocol.http.HttpURLConnection.plainConnect0(HttpURLConnection.java:1138)
	at sun.net.www.protocol.http.HttpURLConnection.plainConnect(HttpURLConnection.java:1032)
	at sun.net.www.protocol.http.HttpURLConnection.connect(HttpURLConnection.java:966)
	at com.alibaba.nacos.common.http.client.request.JdkHttpClientRequest.execute(JdkHttpClientRequest.java:112)
	at com.alibaba.nacos.common.http.client.NacosRestTemplate.execute(NacosRestTemplate.java:482)
	at com.alibaba.nacos.common.http.client.NacosRestTemplate.exchangeForm(NacosRestTemplate.java:427)
	at com.alibaba.nacos.client.naming.net.NamingProxy.callServer(NamingProxy.java:603)
	at com.alibaba.nacos.client.naming.net.NamingProxy.reqApi(NamingProxy.java:526)
	at com.alibaba.nacos.client.naming.net.NamingProxy.reqApi(NamingProxy.java:498)
	at com.alibaba.nacos.client.naming.net.NamingProxy.reqApi(NamingProxy.java:493)
	at com.alibaba.nacos.client.naming.net.NamingProxy.queryList(NamingProxy.java:407)
	at com.alibaba.nacos.client.naming.core.HostReactor.updateService(HostReactor.java:382)
	at com.alibaba.nacos.client.naming.core.HostReactor$UpdateTask.run(HostReactor.java:464)
	at java.util.concurrent.Executors$RunnableAdapter.call(Executors.java:511)
	at java.util.concurrent.FutureTask.run(FutureTask.java:266)
	at java.util.concurrent.ScheduledThreadPoolExecutor$ScheduledFutureTask.access$201(ScheduledThreadPoolExecutor.java:180)
	at java.util.concurrent.ScheduledThreadPoolExecutor$ScheduledFutureTask.run(ScheduledThreadPoolExecutor.java:293)
	at java.util.concurrent.ThreadPoolExecutor.runWorker(ThreadPoolExecutor.java:1142)
	at java.util.concurrent.ThreadPoolExecutor$Worker.run(ThreadPoolExecutor.java:617)
	at java.lang.Thread.run(Thread.java:748)
2025-03-26 01:00:45,912 ERROR [com.alibaba.nacos.client.Worker.longPolling.fixed-192.168.128.130_8848-xczx][ServerHttpAgent.java:169] - [NACOS SocketTimeoutException httpPost] currentServerAddr: http://192.168.128.130:8848， err : connect timed out
2025-03-26 01:00:47,058 ERROR [com.alibaba.nacos.naming.beat.sender][NamingProxy.java:617] - [NA] failed to request
java.net.SocketTimeoutException: connect timed out
	at java.net.DualStackPlainSocketImpl.waitForConnect(Native Method)
	at java.net.DualStackPlainSocketImpl.socketConnect(DualStackPlainSocketImpl.java:85)
	at java.net.AbstractPlainSocketImpl.doConnect(AbstractPlainSocketImpl.java:350)
	at java.net.AbstractPlainSocketImpl.connectToAddress(AbstractPlainSocketImpl.java:206)
	at java.net.AbstractPlainSocketImpl.connect(AbstractPlainSocketImpl.java:188)
	at java.net.PlainSocketImpl.connect(PlainSocketImpl.java:172)
	at java.net.SocksSocketImpl.connect(SocksSocketImpl.java:392)
	at java.net.Socket.connect(Socket.java:589)
	at sun.net.NetworkClient.doConnect(NetworkClient.java:175)
	at sun.net.www.http.HttpClient.openServer(HttpClient.java:463)
	at sun.net.www.http.HttpClient.openServer(HttpClient.java:558)
	at sun.net.www.http.HttpClient.<init>(HttpClient.java:242)
	at sun.net.www.http.HttpClient.New(HttpClient.java:339)
	at sun.net.www.http.HttpClient.New(HttpClient.java:357)
	at sun.net.www.protocol.http.HttpURLConnection.getNewHttpClient(HttpURLConnection.java:1202)
	at sun.net.www.protocol.http.HttpURLConnection.plainConnect0(HttpURLConnection.java:1138)
	at sun.net.www.protocol.http.HttpURLConnection.plainConnect(HttpURLConnection.java:1032)
	at sun.net.www.protocol.http.HttpURLConnection.connect(HttpURLConnection.java:966)
	at com.alibaba.nacos.common.http.client.request.JdkHttpClientRequest.execute(JdkHttpClientRequest.java:112)
	at com.alibaba.nacos.common.http.client.NacosRestTemplate.execute(NacosRestTemplate.java:482)
	at com.alibaba.nacos.common.http.client.NacosRestTemplate.exchangeForm(NacosRestTemplate.java:427)
	at com.alibaba.nacos.client.naming.net.NamingProxy.callServer(NamingProxy.java:603)
	at com.alibaba.nacos.client.naming.net.NamingProxy.reqApi(NamingProxy.java:526)
	at com.alibaba.nacos.client.naming.net.NamingProxy.reqApi(NamingProxy.java:498)
	at com.alibaba.nacos.client.naming.net.NamingProxy.sendBeat(NamingProxy.java:433)
	at com.alibaba.nacos.client.naming.beat.BeatReactor$BeatTask.run(BeatReactor.java:167)
	at java.util.concurrent.Executors$RunnableAdapter.call(Executors.java:511)
	at java.util.concurrent.FutureTask.run(FutureTask.java:266)
	at java.util.concurrent.ScheduledThreadPoolExecutor$ScheduledFutureTask.access$201(ScheduledThreadPoolExecutor.java:180)
	at java.util.concurrent.ScheduledThreadPoolExecutor$ScheduledFutureTask.run(ScheduledThreadPoolExecutor.java:293)
	at java.util.concurrent.ThreadPoolExecutor.runWorker(ThreadPoolExecutor.java:1142)
	at java.util.concurrent.ThreadPoolExecutor$Worker.run(ThreadPoolExecutor.java:617)
	at java.lang.Thread.run(Thread.java:748)
2025-03-26 01:00:47,745 ERROR [com.alibaba.nacos.client.naming.updater][NamingProxy.java:617] - [NA] failed to request
java.net.SocketTimeoutException: connect timed out
	at java.net.DualStackPlainSocketImpl.waitForConnect(Native Method)
	at java.net.DualStackPlainSocketImpl.socketConnect(DualStackPlainSocketImpl.java:85)
	at java.net.AbstractPlainSocketImpl.doConnect(AbstractPlainSocketImpl.java:350)
	at java.net.AbstractPlainSocketImpl.connectToAddress(AbstractPlainSocketImpl.java:206)
	at java.net.AbstractPlainSocketImpl.connect(AbstractPlainSocketImpl.java:188)
	at java.net.PlainSocketImpl.connect(PlainSocketImpl.java:172)
	at java.net.SocksSocketImpl.connect(SocksSocketImpl.java:392)
	at java.net.Socket.connect(Socket.java:589)
	at sun.net.NetworkClient.doConnect(NetworkClient.java:175)
	at sun.net.www.http.HttpClient.openServer(HttpClient.java:463)
	at sun.net.www.http.HttpClient.openServer(HttpClient.java:558)
	at sun.net.www.http.HttpClient.<init>(HttpClient.java:242)
	at sun.net.www.http.HttpClient.New(HttpClient.java:339)
	at sun.net.www.http.HttpClient.New(HttpClient.java:357)
	at sun.net.www.protocol.http.HttpURLConnection.getNewHttpClient(HttpURLConnection.java:1202)
	at sun.net.www.protocol.http.HttpURLConnection.plainConnect0(HttpURLConnection.java:1138)
	at sun.net.www.protocol.http.HttpURLConnection.plainConnect(HttpURLConnection.java:1032)
	at sun.net.www.protocol.http.HttpURLConnection.connect(HttpURLConnection.java:966)
	at com.alibaba.nacos.common.http.client.request.JdkHttpClientRequest.execute(JdkHttpClientRequest.java:112)
	at com.alibaba.nacos.common.http.client.NacosRestTemplate.execute(NacosRestTemplate.java:482)
	at com.alibaba.nacos.common.http.client.NacosRestTemplate.exchangeForm(NacosRestTemplate.java:427)
	at com.alibaba.nacos.client.naming.net.NamingProxy.callServer(NamingProxy.java:603)
	at com.alibaba.nacos.client.naming.net.NamingProxy.reqApi(NamingProxy.java:526)
	at com.alibaba.nacos.client.naming.net.NamingProxy.reqApi(NamingProxy.java:498)
	at com.alibaba.nacos.client.naming.net.NamingProxy.reqApi(NamingProxy.java:493)
	at com.alibaba.nacos.client.naming.net.NamingProxy.queryList(NamingProxy.java:407)
	at com.alibaba.nacos.client.naming.core.HostReactor.updateService(HostReactor.java:382)
	at com.alibaba.nacos.client.naming.core.HostReactor$UpdateTask.run(HostReactor.java:464)
	at java.util.concurrent.Executors$RunnableAdapter.call(Executors.java:511)
	at java.util.concurrent.FutureTask.run(FutureTask.java:266)
	at java.util.concurrent.ScheduledThreadPoolExecutor$ScheduledFutureTask.access$201(ScheduledThreadPoolExecutor.java:180)
	at java.util.concurrent.ScheduledThreadPoolExecutor$ScheduledFutureTask.run(ScheduledThreadPoolExecutor.java:293)
	at java.util.concurrent.ThreadPoolExecutor.runWorker(ThreadPoolExecutor.java:1142)
	at java.util.concurrent.ThreadPoolExecutor$Worker.run(ThreadPoolExecutor.java:617)
	at java.lang.Thread.run(Thread.java:748)
2025-03-26 01:00:48,928 ERROR [com.alibaba.nacos.client.Worker.longPolling.fixed-192.168.128.130_8848-xczx][ServerHttpAgent.java:169] - [NACOS SocketTimeoutException httpPost] currentServerAddr: http://192.168.128.130:8848， err : connect timed out
2025-03-26 01:00:50,062 ERROR [com.alibaba.nacos.naming.beat.sender][NamingProxy.java:617] - [NA] failed to request
java.net.SocketTimeoutException: connect timed out
	at java.net.DualStackPlainSocketImpl.waitForConnect(Native Method)
	at java.net.DualStackPlainSocketImpl.socketConnect(DualStackPlainSocketImpl.java:85)
	at java.net.AbstractPlainSocketImpl.doConnect(AbstractPlainSocketImpl.java:350)
	at java.net.AbstractPlainSocketImpl.connectToAddress(AbstractPlainSocketImpl.java:206)
	at java.net.AbstractPlainSocketImpl.connect(AbstractPlainSocketImpl.java:188)
	at java.net.PlainSocketImpl.connect(PlainSocketImpl.java:172)
	at java.net.SocksSocketImpl.connect(SocksSocketImpl.java:392)
	at java.net.Socket.connect(Socket.java:589)
	at sun.net.NetworkClient.doConnect(NetworkClient.java:175)
	at sun.net.www.http.HttpClient.openServer(HttpClient.java:463)
	at sun.net.www.http.HttpClient.openServer(HttpClient.java:558)
	at sun.net.www.http.HttpClient.<init>(HttpClient.java:242)
	at sun.net.www.http.HttpClient.New(HttpClient.java:339)
	at sun.net.www.http.HttpClient.New(HttpClient.java:357)
	at sun.net.www.protocol.http.HttpURLConnection.getNewHttpClient(HttpURLConnection.java:1202)
	at sun.net.www.protocol.http.HttpURLConnection.plainConnect0(HttpURLConnection.java:1138)
	at sun.net.www.protocol.http.HttpURLConnection.plainConnect(HttpURLConnection.java:1032)
	at sun.net.www.protocol.http.HttpURLConnection.connect(HttpURLConnection.java:966)
	at com.alibaba.nacos.common.http.client.request.JdkHttpClientRequest.execute(JdkHttpClientRequest.java:112)
	at com.alibaba.nacos.common.http.client.NacosRestTemplate.execute(NacosRestTemplate.java:482)
	at com.alibaba.nacos.common.http.client.NacosRestTemplate.exchangeForm(NacosRestTemplate.java:427)
	at com.alibaba.nacos.client.naming.net.NamingProxy.callServer(NamingProxy.java:603)
	at com.alibaba.nacos.client.naming.net.NamingProxy.reqApi(NamingProxy.java:526)
	at com.alibaba.nacos.client.naming.net.NamingProxy.reqApi(NamingProxy.java:498)
	at com.alibaba.nacos.client.naming.net.NamingProxy.sendBeat(NamingProxy.java:433)
	at com.alibaba.nacos.client.naming.beat.BeatReactor$BeatTask.run(BeatReactor.java:167)
	at java.util.concurrent.Executors$RunnableAdapter.call(Executors.java:511)
	at java.util.concurrent.FutureTask.run(FutureTask.java:266)
	at java.util.concurrent.ScheduledThreadPoolExecutor$ScheduledFutureTask.access$201(ScheduledThreadPoolExecutor.java:180)
	at java.util.concurrent.ScheduledThreadPoolExecutor$ScheduledFutureTask.run(ScheduledThreadPoolExecutor.java:293)
	at java.util.concurrent.ThreadPoolExecutor.runWorker(ThreadPoolExecutor.java:1142)
	at java.util.concurrent.ThreadPoolExecutor$Worker.run(ThreadPoolExecutor.java:617)
	at java.lang.Thread.run(Thread.java:748)
2025-03-26 01:00:50,062 ERROR [com.alibaba.nacos.naming.beat.sender][NamingProxy.java:552] - request: /nacos/v1/ns/instance/beat failed, servers: [192.168.128.130:8848], code: 500, msg: connect timed out
2025-03-26 01:00:50,062 ERROR [com.alibaba.nacos.naming.beat.sender][BeatReactor.java:198] - [CLIENT-BEAT] failed to send beat: {"port":63045,"ip":"10.65.24.129","weight":1.0,"serviceName":"group001@@system-service","cluster":"DEFAULT","metadata":{"preserved.register.source":"SPRING_CLOUD"},"scheduled":false,"period":5000,"stopped":false}, code: 500, msg: failed to req API:/nacos/v1/ns/instance/beat after all servers([192.168.128.130:8848]) tried: java.net.SocketTimeoutException: connect timed out
2025-03-26 01:00:50,763 ERROR [com.alibaba.nacos.client.naming.updater][NamingProxy.java:617] - [NA] failed to request
java.net.SocketTimeoutException: connect timed out
	at java.net.DualStackPlainSocketImpl.waitForConnect(Native Method)
	at java.net.DualStackPlainSocketImpl.socketConnect(DualStackPlainSocketImpl.java:85)
	at java.net.AbstractPlainSocketImpl.doConnect(AbstractPlainSocketImpl.java:350)
	at java.net.AbstractPlainSocketImpl.connectToAddress(AbstractPlainSocketImpl.java:206)
	at java.net.AbstractPlainSocketImpl.connect(AbstractPlainSocketImpl.java:188)
	at java.net.PlainSocketImpl.connect(PlainSocketImpl.java:172)
	at java.net.SocksSocketImpl.connect(SocksSocketImpl.java:392)
	at java.net.Socket.connect(Socket.java:589)
	at sun.net.NetworkClient.doConnect(NetworkClient.java:175)
	at sun.net.www.http.HttpClient.openServer(HttpClient.java:463)
	at sun.net.www.http.HttpClient.openServer(HttpClient.java:558)
	at sun.net.www.http.HttpClient.<init>(HttpClient.java:242)
	at sun.net.www.http.HttpClient.New(HttpClient.java:339)
	at sun.net.www.http.HttpClient.New(HttpClient.java:357)
	at sun.net.www.protocol.http.HttpURLConnection.getNewHttpClient(HttpURLConnection.java:1202)
	at sun.net.www.protocol.http.HttpURLConnection.plainConnect0(HttpURLConnection.java:1138)
	at sun.net.www.protocol.http.HttpURLConnection.plainConnect(HttpURLConnection.java:1032)
	at sun.net.www.protocol.http.HttpURLConnection.connect(HttpURLConnection.java:966)
	at com.alibaba.nacos.common.http.client.request.JdkHttpClientRequest.execute(JdkHttpClientRequest.java:112)
	at com.alibaba.nacos.common.http.client.NacosRestTemplate.execute(NacosRestTemplate.java:482)
	at com.alibaba.nacos.common.http.client.NacosRestTemplate.exchangeForm(NacosRestTemplate.java:427)
	at com.alibaba.nacos.client.naming.net.NamingProxy.callServer(NamingProxy.java:603)
	at com.alibaba.nacos.client.naming.net.NamingProxy.reqApi(NamingProxy.java:526)
	at com.alibaba.nacos.client.naming.net.NamingProxy.reqApi(NamingProxy.java:498)
	at com.alibaba.nacos.client.naming.net.NamingProxy.reqApi(NamingProxy.java:493)
	at com.alibaba.nacos.client.naming.net.NamingProxy.queryList(NamingProxy.java:407)
	at com.alibaba.nacos.client.naming.core.HostReactor.updateService(HostReactor.java:382)
	at com.alibaba.nacos.client.naming.core.HostReactor$UpdateTask.run(HostReactor.java:464)
	at java.util.concurrent.Executors$RunnableAdapter.call(Executors.java:511)
	at java.util.concurrent.FutureTask.run(FutureTask.java:266)
	at java.util.concurrent.ScheduledThreadPoolExecutor$ScheduledFutureTask.access$201(ScheduledThreadPoolExecutor.java:180)
	at java.util.concurrent.ScheduledThreadPoolExecutor$ScheduledFutureTask.run(ScheduledThreadPoolExecutor.java:293)
	at java.util.concurrent.ThreadPoolExecutor.runWorker(ThreadPoolExecutor.java:1142)
	at java.util.concurrent.ThreadPoolExecutor$Worker.run(ThreadPoolExecutor.java:617)
	at java.lang.Thread.run(Thread.java:748)
2025-03-26 01:00:50,764 ERROR [com.alibaba.nacos.client.naming.updater][NamingProxy.java:552] - request: /nacos/v1/ns/instance/list failed, servers: [192.168.128.130:8848], code: 500, msg: connect timed out
2025-03-26 01:00:51,943 ERROR [com.alibaba.nacos.client.Worker.longPolling.fixed-192.168.128.130_8848-xczx][ServerHttpAgent.java:169] - [NACOS SocketTimeoutException httpPost] currentServerAddr: http://192.168.128.130:8848， err : connect timed out
2025-03-26 01:00:51,943 ERROR [com.alibaba.nacos.client.Worker.longPolling.fixed-192.168.128.130_8848-xczx][ClientWorker.java:393] - [fixed-192.168.128.130_8848-xczx] [check-update] get changed dataId exception
java.net.ConnectException: [NACOS HTTP-POST] The maximum number of tolerable server reconnection errors has been reached
	at com.alibaba.nacos.client.config.http.ServerHttpAgent.httpPost(ServerHttpAgent.java:181)
	at com.alibaba.nacos.client.config.http.MetricsHttpAgent.httpPost(MetricsHttpAgent.java:67)
	at com.alibaba.nacos.client.config.impl.ClientWorker.checkUpdateConfigStr(ClientWorker.java:380)
	at com.alibaba.nacos.client.config.impl.ClientWorker.checkUpdateDataIds(ClientWorker.java:347)
	at com.alibaba.nacos.client.config.impl.ClientWorker$LongPollingRunnable.run(ClientWorker.java:535)
	at java.util.concurrent.Executors$RunnableAdapter.call(Executors.java:511)
	at java.util.concurrent.FutureTask.run(FutureTask.java:266)
	at java.util.concurrent.ScheduledThreadPoolExecutor$ScheduledFutureTask.access$201(ScheduledThreadPoolExecutor.java:180)
	at java.util.concurrent.ScheduledThreadPoolExecutor$ScheduledFutureTask.run(ScheduledThreadPoolExecutor.java:293)
	at java.util.concurrent.ThreadPoolExecutor.runWorker(ThreadPoolExecutor.java:1142)
	at java.util.concurrent.ThreadPoolExecutor$Worker.run(ThreadPoolExecutor.java:617)
	at java.lang.Thread.run(Thread.java:748)
2025-03-26 01:00:51,944 ERROR [com.alibaba.nacos.client.Worker.longPolling.fixed-192.168.128.130_8848-xczx][ClientWorker.java:580] - longPolling error : 
java.net.ConnectException: [NACOS HTTP-POST] The maximum number of tolerable server reconnection errors has been reached
	at com.alibaba.nacos.client.config.http.ServerHttpAgent.httpPost(ServerHttpAgent.java:181)
	at com.alibaba.nacos.client.config.http.MetricsHttpAgent.httpPost(MetricsHttpAgent.java:67)
	at com.alibaba.nacos.client.config.impl.ClientWorker.checkUpdateConfigStr(ClientWorker.java:380)
	at com.alibaba.nacos.client.config.impl.ClientWorker.checkUpdateDataIds(ClientWorker.java:347)
	at com.alibaba.nacos.client.config.impl.ClientWorker$LongPollingRunnable.run(ClientWorker.java:535)
	at java.util.concurrent.Executors$RunnableAdapter.call(Executors.java:511)
	at java.util.concurrent.FutureTask.run(FutureTask.java:266)
	at java.util.concurrent.ScheduledThreadPoolExecutor$ScheduledFutureTask.access$201(ScheduledThreadPoolExecutor.java:180)
	at java.util.concurrent.ScheduledThreadPoolExecutor$ScheduledFutureTask.run(ScheduledThreadPoolExecutor.java:293)
	at java.util.concurrent.ThreadPoolExecutor.runWorker(ThreadPoolExecutor.java:1142)
	at java.util.concurrent.ThreadPoolExecutor$Worker.run(ThreadPoolExecutor.java:617)
	at java.lang.Thread.run(Thread.java:748)
2025-03-26 01:00:56,971 ERROR [com.alibaba.nacos.client.Worker.longPolling.fixed-192.168.128.130_8848-xczx][ServerHttpAgent.java:169] - [NACOS SocketTimeoutException httpPost] currentServerAddr: http://192.168.128.130:8848， err : connect timed out
2025-03-26 01:00:58,070 ERROR [com.alibaba.nacos.naming.beat.sender][NamingProxy.java:617] - [NA] failed to request
java.net.SocketTimeoutException: connect timed out
	at java.net.DualStackPlainSocketImpl.waitForConnect(Native Method)
	at java.net.DualStackPlainSocketImpl.socketConnect(DualStackPlainSocketImpl.java:85)
	at java.net.AbstractPlainSocketImpl.doConnect(AbstractPlainSocketImpl.java:350)
	at java.net.AbstractPlainSocketImpl.connectToAddress(AbstractPlainSocketImpl.java:206)
	at java.net.AbstractPlainSocketImpl.connect(AbstractPlainSocketImpl.java:188)
	at java.net.PlainSocketImpl.connect(PlainSocketImpl.java:172)
	at java.net.SocksSocketImpl.connect(SocksSocketImpl.java:392)
	at java.net.Socket.connect(Socket.java:589)
	at sun.net.NetworkClient.doConnect(NetworkClient.java:175)
	at sun.net.www.http.HttpClient.openServer(HttpClient.java:463)
	at sun.net.www.http.HttpClient.openServer(HttpClient.java:558)
	at sun.net.www.http.HttpClient.<init>(HttpClient.java:242)
	at sun.net.www.http.HttpClient.New(HttpClient.java:339)
	at sun.net.www.http.HttpClient.New(HttpClient.java:357)
	at sun.net.www.protocol.http.HttpURLConnection.getNewHttpClient(HttpURLConnection.java:1202)
	at sun.net.www.protocol.http.HttpURLConnection.plainConnect0(HttpURLConnection.java:1138)
	at sun.net.www.protocol.http.HttpURLConnection.plainConnect(HttpURLConnection.java:1032)
	at sun.net.www.protocol.http.HttpURLConnection.connect(HttpURLConnection.java:966)
	at com.alibaba.nacos.common.http.client.request.JdkHttpClientRequest.execute(JdkHttpClientRequest.java:112)
	at com.alibaba.nacos.common.http.client.NacosRestTemplate.execute(NacosRestTemplate.java:482)
	at com.alibaba.nacos.common.http.client.NacosRestTemplate.exchangeForm(NacosRestTemplate.java:427)
	at com.alibaba.nacos.client.naming.net.NamingProxy.callServer(NamingProxy.java:603)
	at com.alibaba.nacos.client.naming.net.NamingProxy.reqApi(NamingProxy.java:526)
	at com.alibaba.nacos.client.naming.net.NamingProxy.reqApi(NamingProxy.java:498)
	at com.alibaba.nacos.client.naming.net.NamingProxy.sendBeat(NamingProxy.java:433)
	at com.alibaba.nacos.client.naming.beat.BeatReactor$BeatTask.run(BeatReactor.java:167)
	at java.util.concurrent.Executors$RunnableAdapter.call(Executors.java:511)
	at java.util.concurrent.FutureTask.run(FutureTask.java:266)
	at java.util.concurrent.ScheduledThreadPoolExecutor$ScheduledFutureTask.access$201(ScheduledThreadPoolExecutor.java:180)
	at java.util.concurrent.ScheduledThreadPoolExecutor$ScheduledFutureTask.run(ScheduledThreadPoolExecutor.java:293)
	at java.util.concurrent.ThreadPoolExecutor.runWorker(ThreadPoolExecutor.java:1142)
	at java.util.concurrent.ThreadPoolExecutor$Worker.run(ThreadPoolExecutor.java:617)
	at java.lang.Thread.run(Thread.java:748)
2025-03-26 01:00:59,984 ERROR [com.alibaba.nacos.client.Worker.longPolling.fixed-192.168.128.130_8848-xczx][ServerHttpAgent.java:169] - [NACOS SocketTimeoutException httpPost] currentServerAddr: http://192.168.128.130:8848， err : connect timed out
2025-03-26 01:01:01,083 ERROR [com.alibaba.nacos.naming.beat.sender][NamingProxy.java:617] - [NA] failed to request
java.net.SocketTimeoutException: connect timed out
	at java.net.DualStackPlainSocketImpl.waitForConnect(Native Method)
	at java.net.DualStackPlainSocketImpl.socketConnect(DualStackPlainSocketImpl.java:85)
	at java.net.AbstractPlainSocketImpl.doConnect(AbstractPlainSocketImpl.java:350)
	at java.net.AbstractPlainSocketImpl.connectToAddress(AbstractPlainSocketImpl.java:206)
	at java.net.AbstractPlainSocketImpl.connect(AbstractPlainSocketImpl.java:188)
	at java.net.PlainSocketImpl.connect(PlainSocketImpl.java:172)
	at java.net.SocksSocketImpl.connect(SocksSocketImpl.java:392)
	at java.net.Socket.connect(Socket.java:589)
	at sun.net.NetworkClient.doConnect(NetworkClient.java:175)
	at sun.net.www.http.HttpClient.openServer(HttpClient.java:463)
	at sun.net.www.http.HttpClient.openServer(HttpClient.java:558)
	at sun.net.www.http.HttpClient.<init>(HttpClient.java:242)
	at sun.net.www.http.HttpClient.New(HttpClient.java:339)
	at sun.net.www.http.HttpClient.New(HttpClient.java:357)
	at sun.net.www.protocol.http.HttpURLConnection.getNewHttpClient(HttpURLConnection.java:1202)
	at sun.net.www.protocol.http.HttpURLConnection.plainConnect0(HttpURLConnection.java:1138)
	at sun.net.www.protocol.http.HttpURLConnection.plainConnect(HttpURLConnection.java:1032)
	at sun.net.www.protocol.http.HttpURLConnection.connect(HttpURLConnection.java:966)
	at com.alibaba.nacos.common.http.client.request.JdkHttpClientRequest.execute(JdkHttpClientRequest.java:112)
	at com.alibaba.nacos.common.http.client.NacosRestTemplate.execute(NacosRestTemplate.java:482)
	at com.alibaba.nacos.common.http.client.NacosRestTemplate.exchangeForm(NacosRestTemplate.java:427)
	at com.alibaba.nacos.client.naming.net.NamingProxy.callServer(NamingProxy.java:603)
	at com.alibaba.nacos.client.naming.net.NamingProxy.reqApi(NamingProxy.java:526)
	at com.alibaba.nacos.client.naming.net.NamingProxy.reqApi(NamingProxy.java:498)
	at com.alibaba.nacos.client.naming.net.NamingProxy.sendBeat(NamingProxy.java:433)
	at com.alibaba.nacos.client.naming.beat.BeatReactor$BeatTask.run(BeatReactor.java:167)
	at java.util.concurrent.Executors$RunnableAdapter.call(Executors.java:511)
	at java.util.concurrent.FutureTask.run(FutureTask.java:266)
	at java.util.concurrent.ScheduledThreadPoolExecutor$ScheduledFutureTask.access$201(ScheduledThreadPoolExecutor.java:180)
	at java.util.concurrent.ScheduledThreadPoolExecutor$ScheduledFutureTask.run(ScheduledThreadPoolExecutor.java:293)
	at java.util.concurrent.ThreadPoolExecutor.runWorker(ThreadPoolExecutor.java:1142)
	at java.util.concurrent.ThreadPoolExecutor$Worker.run(ThreadPoolExecutor.java:617)
	at java.lang.Thread.run(Thread.java:748)
2025-03-26 01:01:02,999 ERROR [com.alibaba.nacos.client.Worker.longPolling.fixed-192.168.128.130_8848-xczx][ServerHttpAgent.java:169] - [NACOS SocketTimeoutException httpPost] currentServerAddr: http://192.168.128.130:8848， err : connect timed out
2025-03-26 01:01:04,096 ERROR [com.alibaba.nacos.naming.beat.sender][NamingProxy.java:617] - [NA] failed to request
java.net.SocketTimeoutException: connect timed out
	at java.net.DualStackPlainSocketImpl.waitForConnect(Native Method)
	at java.net.DualStackPlainSocketImpl.socketConnect(DualStackPlainSocketImpl.java:85)
	at java.net.AbstractPlainSocketImpl.doConnect(AbstractPlainSocketImpl.java:350)
	at java.net.AbstractPlainSocketImpl.connectToAddress(AbstractPlainSocketImpl.java:206)
	at java.net.AbstractPlainSocketImpl.connect(AbstractPlainSocketImpl.java:188)
	at java.net.PlainSocketImpl.connect(PlainSocketImpl.java:172)
	at java.net.SocksSocketImpl.connect(SocksSocketImpl.java:392)
	at java.net.Socket.connect(Socket.java:589)
	at sun.net.NetworkClient.doConnect(NetworkClient.java:175)
	at sun.net.www.http.HttpClient.openServer(HttpClient.java:463)
	at sun.net.www.http.HttpClient.openServer(HttpClient.java:558)
	at sun.net.www.http.HttpClient.<init>(HttpClient.java:242)
	at sun.net.www.http.HttpClient.New(HttpClient.java:339)
	at sun.net.www.http.HttpClient.New(HttpClient.java:357)
	at sun.net.www.protocol.http.HttpURLConnection.getNewHttpClient(HttpURLConnection.java:1202)
	at sun.net.www.protocol.http.HttpURLConnection.plainConnect0(HttpURLConnection.java:1138)
	at sun.net.www.protocol.http.HttpURLConnection.plainConnect(HttpURLConnection.java:1032)
	at sun.net.www.protocol.http.HttpURLConnection.connect(HttpURLConnection.java:966)
	at com.alibaba.nacos.common.http.client.request.JdkHttpClientRequest.execute(JdkHttpClientRequest.java:112)
	at com.alibaba.nacos.common.http.client.NacosRestTemplate.execute(NacosRestTemplate.java:482)
	at com.alibaba.nacos.common.http.client.NacosRestTemplate.exchangeForm(NacosRestTemplate.java:427)
	at com.alibaba.nacos.client.naming.net.NamingProxy.callServer(NamingProxy.java:603)
	at com.alibaba.nacos.client.naming.net.NamingProxy.reqApi(NamingProxy.java:526)
	at com.alibaba.nacos.client.naming.net.NamingProxy.reqApi(NamingProxy.java:498)
	at com.alibaba.nacos.client.naming.net.NamingProxy.sendBeat(NamingProxy.java:433)
	at com.alibaba.nacos.client.naming.beat.BeatReactor$BeatTask.run(BeatReactor.java:167)
	at java.util.concurrent.Executors$RunnableAdapter.call(Executors.java:511)
	at java.util.concurrent.FutureTask.run(FutureTask.java:266)
	at java.util.concurrent.ScheduledThreadPoolExecutor$ScheduledFutureTask.access$201(ScheduledThreadPoolExecutor.java:180)
	at java.util.concurrent.ScheduledThreadPoolExecutor$ScheduledFutureTask.run(ScheduledThreadPoolExecutor.java:293)
	at java.util.concurrent.ThreadPoolExecutor.runWorker(ThreadPoolExecutor.java:1142)
	at java.util.concurrent.ThreadPoolExecutor$Worker.run(ThreadPoolExecutor.java:617)
	at java.lang.Thread.run(Thread.java:748)
2025-03-26 01:01:04,098 ERROR [com.alibaba.nacos.naming.beat.sender][NamingProxy.java:552] - request: /nacos/v1/ns/instance/beat failed, servers: [192.168.128.130:8848], code: 500, msg: connect timed out
2025-03-26 01:01:04,098 ERROR [com.alibaba.nacos.naming.beat.sender][BeatReactor.java:198] - [CLIENT-BEAT] failed to send beat: {"port":63045,"ip":"10.65.24.129","weight":1.0,"serviceName":"group001@@system-service","cluster":"DEFAULT","metadata":{"preserved.register.source":"SPRING_CLOUD"},"scheduled":false,"period":5000,"stopped":false}, code: 500, msg: failed to req API:/nacos/v1/ns/instance/beat after all servers([192.168.128.130:8848]) tried: java.net.SocketTimeoutException: connect timed out
2025-03-26 01:01:06,004 ERROR [com.alibaba.nacos.client.Worker.longPolling.fixed-192.168.128.130_8848-xczx][ServerHttpAgent.java:169] - [NACOS SocketTimeoutException httpPost] currentServerAddr: http://192.168.128.130:8848， err : connect timed out
2025-03-26 01:01:06,005 ERROR [com.alibaba.nacos.client.Worker.longPolling.fixed-192.168.128.130_8848-xczx][ClientWorker.java:393] - [fixed-192.168.128.130_8848-xczx] [check-update] get changed dataId exception
java.net.ConnectException: [NACOS HTTP-POST] The maximum number of tolerable server reconnection errors has been reached
	at com.alibaba.nacos.client.config.http.ServerHttpAgent.httpPost(ServerHttpAgent.java:181)
	at com.alibaba.nacos.client.config.http.MetricsHttpAgent.httpPost(MetricsHttpAgent.java:67)
	at com.alibaba.nacos.client.config.impl.ClientWorker.checkUpdateConfigStr(ClientWorker.java:380)
	at com.alibaba.nacos.client.config.impl.ClientWorker.checkUpdateDataIds(ClientWorker.java:347)
	at com.alibaba.nacos.client.config.impl.ClientWorker$LongPollingRunnable.run(ClientWorker.java:535)
	at java.util.concurrent.Executors$RunnableAdapter.call(Executors.java:511)
	at java.util.concurrent.FutureTask.run(FutureTask.java:266)
	at java.util.concurrent.ScheduledThreadPoolExecutor$ScheduledFutureTask.access$201(ScheduledThreadPoolExecutor.java:180)
	at java.util.concurrent.ScheduledThreadPoolExecutor$ScheduledFutureTask.run(ScheduledThreadPoolExecutor.java:293)
	at java.util.concurrent.ThreadPoolExecutor.runWorker(ThreadPoolExecutor.java:1142)
	at java.util.concurrent.ThreadPoolExecutor$Worker.run(ThreadPoolExecutor.java:617)
	at java.lang.Thread.run(Thread.java:748)
2025-03-26 01:01:06,006 ERROR [com.alibaba.nacos.client.Worker.longPolling.fixed-192.168.128.130_8848-xczx][ClientWorker.java:580] - longPolling error : 
java.net.ConnectException: [NACOS HTTP-POST] The maximum number of tolerable server reconnection errors has been reached
	at com.alibaba.nacos.client.config.http.ServerHttpAgent.httpPost(ServerHttpAgent.java:181)
	at com.alibaba.nacos.client.config.http.MetricsHttpAgent.httpPost(MetricsHttpAgent.java:67)
	at com.alibaba.nacos.client.config.impl.ClientWorker.checkUpdateConfigStr(ClientWorker.java:380)
	at com.alibaba.nacos.client.config.impl.ClientWorker.checkUpdateDataIds(ClientWorker.java:347)
	at com.alibaba.nacos.client.config.impl.ClientWorker$LongPollingRunnable.run(ClientWorker.java:535)
	at java.util.concurrent.Executors$RunnableAdapter.call(Executors.java:511)
	at java.util.concurrent.FutureTask.run(FutureTask.java:266)
	at java.util.concurrent.ScheduledThreadPoolExecutor$ScheduledFutureTask.access$201(ScheduledThreadPoolExecutor.java:180)
	at java.util.concurrent.ScheduledThreadPoolExecutor$ScheduledFutureTask.run(ScheduledThreadPoolExecutor.java:293)
	at java.util.concurrent.ThreadPoolExecutor.runWorker(ThreadPoolExecutor.java:1142)
	at java.util.concurrent.ThreadPoolExecutor$Worker.run(ThreadPoolExecutor.java:617)
	at java.lang.Thread.run(Thread.java:748)
2025-03-26 01:01:11,015 ERROR [com.alibaba.nacos.client.Worker.longPolling.fixed-192.168.128.130_8848-xczx][ServerHttpAgent.java:169] - [NACOS SocketTimeoutException httpPost] currentServerAddr: http://192.168.128.130:8848， err : connect timed out
2025-03-26 01:01:12,117 ERROR [com.alibaba.nacos.naming.beat.sender][NamingProxy.java:617] - [NA] failed to request
java.net.SocketTimeoutException: connect timed out
	at java.net.DualStackPlainSocketImpl.waitForConnect(Native Method)
	at java.net.DualStackPlainSocketImpl.socketConnect(DualStackPlainSocketImpl.java:85)
	at java.net.AbstractPlainSocketImpl.doConnect(AbstractPlainSocketImpl.java:350)
	at java.net.AbstractPlainSocketImpl.connectToAddress(AbstractPlainSocketImpl.java:206)
	at java.net.AbstractPlainSocketImpl.connect(AbstractPlainSocketImpl.java:188)
	at java.net.PlainSocketImpl.connect(PlainSocketImpl.java:172)
	at java.net.SocksSocketImpl.connect(SocksSocketImpl.java:392)
	at java.net.Socket.connect(Socket.java:589)
	at sun.net.NetworkClient.doConnect(NetworkClient.java:175)
	at sun.net.www.http.HttpClient.openServer(HttpClient.java:463)
	at sun.net.www.http.HttpClient.openServer(HttpClient.java:558)
	at sun.net.www.http.HttpClient.<init>(HttpClient.java:242)
	at sun.net.www.http.HttpClient.New(HttpClient.java:339)
	at sun.net.www.http.HttpClient.New(HttpClient.java:357)
	at sun.net.www.protocol.http.HttpURLConnection.getNewHttpClient(HttpURLConnection.java:1202)
	at sun.net.www.protocol.http.HttpURLConnection.plainConnect0(HttpURLConnection.java:1138)
	at sun.net.www.protocol.http.HttpURLConnection.plainConnect(HttpURLConnection.java:1032)
	at sun.net.www.protocol.http.HttpURLConnection.connect(HttpURLConnection.java:966)
	at com.alibaba.nacos.common.http.client.request.JdkHttpClientRequest.execute(JdkHttpClientRequest.java:112)
	at com.alibaba.nacos.common.http.client.NacosRestTemplate.execute(NacosRestTemplate.java:482)
	at com.alibaba.nacos.common.http.client.NacosRestTemplate.exchangeForm(NacosRestTemplate.java:427)
	at com.alibaba.nacos.client.naming.net.NamingProxy.callServer(NamingProxy.java:603)
	at com.alibaba.nacos.client.naming.net.NamingProxy.reqApi(NamingProxy.java:526)
	at com.alibaba.nacos.client.naming.net.NamingProxy.reqApi(NamingProxy.java:498)
	at com.alibaba.nacos.client.naming.net.NamingProxy.sendBeat(NamingProxy.java:433)
	at com.alibaba.nacos.client.naming.beat.BeatReactor$BeatTask.run(BeatReactor.java:167)
	at java.util.concurrent.Executors$RunnableAdapter.call(Executors.java:511)
	at java.util.concurrent.FutureTask.run(FutureTask.java:266)
	at java.util.concurrent.ScheduledThreadPoolExecutor$ScheduledFutureTask.access$201(ScheduledThreadPoolExecutor.java:180)
	at java.util.concurrent.ScheduledThreadPoolExecutor$ScheduledFutureTask.run(ScheduledThreadPoolExecutor.java:293)
	at java.util.concurrent.ThreadPoolExecutor.runWorker(ThreadPoolExecutor.java:1142)
	at java.util.concurrent.ThreadPoolExecutor$Worker.run(ThreadPoolExecutor.java:617)
	at java.lang.Thread.run(Thread.java:748)
2025-03-26 01:01:14,016 ERROR [com.alibaba.nacos.client.Worker.longPolling.fixed-192.168.128.130_8848-xczx][ServerHttpAgent.java:169] - [NACOS SocketTimeoutException httpPost] currentServerAddr: http://192.168.128.130:8848， err : connect timed out
2025-03-26 01:01:15,135 ERROR [com.alibaba.nacos.naming.beat.sender][NamingProxy.java:617] - [NA] failed to request
java.net.SocketTimeoutException: connect timed out
	at java.net.DualStackPlainSocketImpl.waitForConnect(Native Method)
	at java.net.DualStackPlainSocketImpl.socketConnect(DualStackPlainSocketImpl.java:85)
	at java.net.AbstractPlainSocketImpl.doConnect(AbstractPlainSocketImpl.java:350)
	at java.net.AbstractPlainSocketImpl.connectToAddress(AbstractPlainSocketImpl.java:206)
	at java.net.AbstractPlainSocketImpl.connect(AbstractPlainSocketImpl.java:188)
	at java.net.PlainSocketImpl.connect(PlainSocketImpl.java:172)
	at java.net.SocksSocketImpl.connect(SocksSocketImpl.java:392)
	at java.net.Socket.connect(Socket.java:589)
	at sun.net.NetworkClient.doConnect(NetworkClient.java:175)
	at sun.net.www.http.HttpClient.openServer(HttpClient.java:463)
	at sun.net.www.http.HttpClient.openServer(HttpClient.java:558)
	at sun.net.www.http.HttpClient.<init>(HttpClient.java:242)
	at sun.net.www.http.HttpClient.New(HttpClient.java:339)
	at sun.net.www.http.HttpClient.New(HttpClient.java:357)
	at sun.net.www.protocol.http.HttpURLConnection.getNewHttpClient(HttpURLConnection.java:1202)
	at sun.net.www.protocol.http.HttpURLConnection.plainConnect0(HttpURLConnection.java:1138)
	at sun.net.www.protocol.http.HttpURLConnection.plainConnect(HttpURLConnection.java:1032)
	at sun.net.www.protocol.http.HttpURLConnection.connect(HttpURLConnection.java:966)
	at com.alibaba.nacos.common.http.client.request.JdkHttpClientRequest.execute(JdkHttpClientRequest.java:112)
	at com.alibaba.nacos.common.http.client.NacosRestTemplate.execute(NacosRestTemplate.java:482)
	at com.alibaba.nacos.common.http.client.NacosRestTemplate.exchangeForm(NacosRestTemplate.java:427)
	at com.alibaba.nacos.client.naming.net.NamingProxy.callServer(NamingProxy.java:603)
	at com.alibaba.nacos.client.naming.net.NamingProxy.reqApi(NamingProxy.java:526)
	at com.alibaba.nacos.client.naming.net.NamingProxy.reqApi(NamingProxy.java:498)
	at com.alibaba.nacos.client.naming.net.NamingProxy.sendBeat(NamingProxy.java:433)
	at com.alibaba.nacos.client.naming.beat.BeatReactor$BeatTask.run(BeatReactor.java:167)
	at java.util.concurrent.Executors$RunnableAdapter.call(Executors.java:511)
	at java.util.concurrent.FutureTask.run(FutureTask.java:266)
	at java.util.concurrent.ScheduledThreadPoolExecutor$ScheduledFutureTask.access$201(ScheduledThreadPoolExecutor.java:180)
	at java.util.concurrent.ScheduledThreadPoolExecutor$ScheduledFutureTask.run(ScheduledThreadPoolExecutor.java:293)
	at java.util.concurrent.ThreadPoolExecutor.runWorker(ThreadPoolExecutor.java:1142)
	at java.util.concurrent.ThreadPoolExecutor$Worker.run(ThreadPoolExecutor.java:617)
	at java.lang.Thread.run(Thread.java:748)
2025-03-26 01:01:17,026 ERROR [com.alibaba.nacos.client.Worker.longPolling.fixed-192.168.128.130_8848-xczx][ServerHttpAgent.java:169] - [NACOS SocketTimeoutException httpPost] currentServerAddr: http://192.168.128.130:8848， err : connect timed out
2025-03-26 01:01:18,146 ERROR [com.alibaba.nacos.naming.beat.sender][NamingProxy.java:617] - [NA] failed to request
java.net.SocketTimeoutException: connect timed out
	at java.net.DualStackPlainSocketImpl.waitForConnect(Native Method)
	at java.net.DualStackPlainSocketImpl.socketConnect(DualStackPlainSocketImpl.java:85)
	at java.net.AbstractPlainSocketImpl.doConnect(AbstractPlainSocketImpl.java:350)
	at java.net.AbstractPlainSocketImpl.connectToAddress(AbstractPlainSocketImpl.java:206)
	at java.net.AbstractPlainSocketImpl.connect(AbstractPlainSocketImpl.java:188)
	at java.net.PlainSocketImpl.connect(PlainSocketImpl.java:172)
	at java.net.SocksSocketImpl.connect(SocksSocketImpl.java:392)
	at java.net.Socket.connect(Socket.java:589)
	at sun.net.NetworkClient.doConnect(NetworkClient.java:175)
	at sun.net.www.http.HttpClient.openServer(HttpClient.java:463)
	at sun.net.www.http.HttpClient.openServer(HttpClient.java:558)
	at sun.net.www.http.HttpClient.<init>(HttpClient.java:242)
	at sun.net.www.http.HttpClient.New(HttpClient.java:339)
	at sun.net.www.http.HttpClient.New(HttpClient.java:357)
	at sun.net.www.protocol.http.HttpURLConnection.getNewHttpClient(HttpURLConnection.java:1202)
	at sun.net.www.protocol.http.HttpURLConnection.plainConnect0(HttpURLConnection.java:1138)
	at sun.net.www.protocol.http.HttpURLConnection.plainConnect(HttpURLConnection.java:1032)
	at sun.net.www.protocol.http.HttpURLConnection.connect(HttpURLConnection.java:966)
	at com.alibaba.nacos.common.http.client.request.JdkHttpClientRequest.execute(JdkHttpClientRequest.java:112)
	at com.alibaba.nacos.common.http.client.NacosRestTemplate.execute(NacosRestTemplate.java:482)
	at com.alibaba.nacos.common.http.client.NacosRestTemplate.exchangeForm(NacosRestTemplate.java:427)
	at com.alibaba.nacos.client.naming.net.NamingProxy.callServer(NamingProxy.java:603)
	at com.alibaba.nacos.client.naming.net.NamingProxy.reqApi(NamingProxy.java:526)
	at com.alibaba.nacos.client.naming.net.NamingProxy.reqApi(NamingProxy.java:498)
	at com.alibaba.nacos.client.naming.net.NamingProxy.sendBeat(NamingProxy.java:433)
	at com.alibaba.nacos.client.naming.beat.BeatReactor$BeatTask.run(BeatReactor.java:167)
	at java.util.concurrent.Executors$RunnableAdapter.call(Executors.java:511)
	at java.util.concurrent.FutureTask.run(FutureTask.java:266)
	at java.util.concurrent.ScheduledThreadPoolExecutor$ScheduledFutureTask.access$201(ScheduledThreadPoolExecutor.java:180)
	at java.util.concurrent.ScheduledThreadPoolExecutor$ScheduledFutureTask.run(ScheduledThreadPoolExecutor.java:293)
	at java.util.concurrent.ThreadPoolExecutor.runWorker(ThreadPoolExecutor.java:1142)
	at java.util.concurrent.ThreadPoolExecutor$Worker.run(ThreadPoolExecutor.java:617)
	at java.lang.Thread.run(Thread.java:748)
2025-03-26 01:01:18,147 ERROR [com.alibaba.nacos.naming.beat.sender][NamingProxy.java:552] - request: /nacos/v1/ns/instance/beat failed, servers: [192.168.128.130:8848], code: 500, msg: connect timed out
2025-03-26 01:01:18,147 ERROR [com.alibaba.nacos.naming.beat.sender][BeatReactor.java:198] - [CLIENT-BEAT] failed to send beat: {"port":63045,"ip":"10.65.24.129","weight":1.0,"serviceName":"group001@@system-service","cluster":"DEFAULT","metadata":{"preserved.register.source":"SPRING_CLOUD"},"scheduled":false,"period":5000,"stopped":false}, code: 500, msg: failed to req API:/nacos/v1/ns/instance/beat after all servers([192.168.128.130:8848]) tried: java.net.SocketTimeoutException: connect timed out
2025-03-26 01:01:20,043 ERROR [com.alibaba.nacos.client.Worker.longPolling.fixed-192.168.128.130_8848-xczx][ServerHttpAgent.java:169] - [NACOS SocketTimeoutException httpPost] currentServerAddr: http://192.168.128.130:8848， err : connect timed out
2025-03-26 01:01:20,043 ERROR [com.alibaba.nacos.client.Worker.longPolling.fixed-192.168.128.130_8848-xczx][ClientWorker.java:393] - [fixed-192.168.128.130_8848-xczx] [check-update] get changed dataId exception
java.net.ConnectException: [NACOS HTTP-POST] The maximum number of tolerable server reconnection errors has been reached
	at com.alibaba.nacos.client.config.http.ServerHttpAgent.httpPost(ServerHttpAgent.java:181)
	at com.alibaba.nacos.client.config.http.MetricsHttpAgent.httpPost(MetricsHttpAgent.java:67)
	at com.alibaba.nacos.client.config.impl.ClientWorker.checkUpdateConfigStr(ClientWorker.java:380)
	at com.alibaba.nacos.client.config.impl.ClientWorker.checkUpdateDataIds(ClientWorker.java:347)
	at com.alibaba.nacos.client.config.impl.ClientWorker$LongPollingRunnable.run(ClientWorker.java:535)
	at java.util.concurrent.Executors$RunnableAdapter.call(Executors.java:511)
	at java.util.concurrent.FutureTask.run(FutureTask.java:266)
	at java.util.concurrent.ScheduledThreadPoolExecutor$ScheduledFutureTask.access$201(ScheduledThreadPoolExecutor.java:180)
	at java.util.concurrent.ScheduledThreadPoolExecutor$ScheduledFutureTask.run(ScheduledThreadPoolExecutor.java:293)
	at java.util.concurrent.ThreadPoolExecutor.runWorker(ThreadPoolExecutor.java:1142)
	at java.util.concurrent.ThreadPoolExecutor$Worker.run(ThreadPoolExecutor.java:617)
	at java.lang.Thread.run(Thread.java:748)
2025-03-26 01:01:20,045 ERROR [com.alibaba.nacos.client.Worker.longPolling.fixed-192.168.128.130_8848-xczx][ClientWorker.java:580] - longPolling error : 
java.net.ConnectException: [NACOS HTTP-POST] The maximum number of tolerable server reconnection errors has been reached
	at com.alibaba.nacos.client.config.http.ServerHttpAgent.httpPost(ServerHttpAgent.java:181)
	at com.alibaba.nacos.client.config.http.MetricsHttpAgent.httpPost(MetricsHttpAgent.java:67)
	at com.alibaba.nacos.client.config.impl.ClientWorker.checkUpdateConfigStr(ClientWorker.java:380)
	at com.alibaba.nacos.client.config.impl.ClientWorker.checkUpdateDataIds(ClientWorker.java:347)
	at com.alibaba.nacos.client.config.impl.ClientWorker$LongPollingRunnable.run(ClientWorker.java:535)
	at java.util.concurrent.Executors$RunnableAdapter.call(Executors.java:511)
	at java.util.concurrent.FutureTask.run(FutureTask.java:266)
	at java.util.concurrent.ScheduledThreadPoolExecutor$ScheduledFutureTask.access$201(ScheduledThreadPoolExecutor.java:180)
	at java.util.concurrent.ScheduledThreadPoolExecutor$ScheduledFutureTask.run(ScheduledThreadPoolExecutor.java:293)
	at java.util.concurrent.ThreadPoolExecutor.runWorker(ThreadPoolExecutor.java:1142)
	at java.util.concurrent.ThreadPoolExecutor$Worker.run(ThreadPoolExecutor.java:617)
	at java.lang.Thread.run(Thread.java:748)
2025-03-26 01:01:25,064 ERROR [com.alibaba.nacos.client.Worker.longPolling.fixed-192.168.128.130_8848-xczx][ServerHttpAgent.java:169] - [NACOS SocketTimeoutException httpPost] currentServerAddr: http://192.168.128.130:8848， err : connect timed out
2025-03-26 01:01:26,166 ERROR [com.alibaba.nacos.naming.beat.sender][NamingProxy.java:617] - [NA] failed to request
java.net.SocketTimeoutException: connect timed out
	at java.net.DualStackPlainSocketImpl.waitForConnect(Native Method)
	at java.net.DualStackPlainSocketImpl.socketConnect(DualStackPlainSocketImpl.java:85)
	at java.net.AbstractPlainSocketImpl.doConnect(AbstractPlainSocketImpl.java:350)
	at java.net.AbstractPlainSocketImpl.connectToAddress(AbstractPlainSocketImpl.java:206)
	at java.net.AbstractPlainSocketImpl.connect(AbstractPlainSocketImpl.java:188)
	at java.net.PlainSocketImpl.connect(PlainSocketImpl.java:172)
	at java.net.SocksSocketImpl.connect(SocksSocketImpl.java:392)
	at java.net.Socket.connect(Socket.java:589)
	at sun.net.NetworkClient.doConnect(NetworkClient.java:175)
	at sun.net.www.http.HttpClient.openServer(HttpClient.java:463)
	at sun.net.www.http.HttpClient.openServer(HttpClient.java:558)
	at sun.net.www.http.HttpClient.<init>(HttpClient.java:242)
	at sun.net.www.http.HttpClient.New(HttpClient.java:339)
	at sun.net.www.http.HttpClient.New(HttpClient.java:357)
	at sun.net.www.protocol.http.HttpURLConnection.getNewHttpClient(HttpURLConnection.java:1202)
	at sun.net.www.protocol.http.HttpURLConnection.plainConnect0(HttpURLConnection.java:1138)
	at sun.net.www.protocol.http.HttpURLConnection.plainConnect(HttpURLConnection.java:1032)
	at sun.net.www.protocol.http.HttpURLConnection.connect(HttpURLConnection.java:966)
	at com.alibaba.nacos.common.http.client.request.JdkHttpClientRequest.execute(JdkHttpClientRequest.java:112)
	at com.alibaba.nacos.common.http.client.NacosRestTemplate.execute(NacosRestTemplate.java:482)
	at com.alibaba.nacos.common.http.client.NacosRestTemplate.exchangeForm(NacosRestTemplate.java:427)
	at com.alibaba.nacos.client.naming.net.NamingProxy.callServer(NamingProxy.java:603)
	at com.alibaba.nacos.client.naming.net.NamingProxy.reqApi(NamingProxy.java:526)
	at com.alibaba.nacos.client.naming.net.NamingProxy.reqApi(NamingProxy.java:498)
	at com.alibaba.nacos.client.naming.net.NamingProxy.sendBeat(NamingProxy.java:433)
	at com.alibaba.nacos.client.naming.beat.BeatReactor$BeatTask.run(BeatReactor.java:167)
	at java.util.concurrent.Executors$RunnableAdapter.call(Executors.java:511)
	at java.util.concurrent.FutureTask.run(FutureTask.java:266)
	at java.util.concurrent.ScheduledThreadPoolExecutor$ScheduledFutureTask.access$201(ScheduledThreadPoolExecutor.java:180)
	at java.util.concurrent.ScheduledThreadPoolExecutor$ScheduledFutureTask.run(ScheduledThreadPoolExecutor.java:293)
	at java.util.concurrent.ThreadPoolExecutor.runWorker(ThreadPoolExecutor.java:1142)
	at java.util.concurrent.ThreadPoolExecutor$Worker.run(ThreadPoolExecutor.java:617)
	at java.lang.Thread.run(Thread.java:748)
2025-03-26 01:01:28,069 ERROR [com.alibaba.nacos.client.Worker.longPolling.fixed-192.168.128.130_8848-xczx][ServerHttpAgent.java:169] - [NACOS SocketTimeoutException httpPost] currentServerAddr: http://192.168.128.130:8848， err : connect timed out
2025-03-26 01:01:29,171 ERROR [com.alibaba.nacos.naming.beat.sender][NamingProxy.java:617] - [NA] failed to request
java.net.SocketTimeoutException: connect timed out
	at java.net.DualStackPlainSocketImpl.waitForConnect(Native Method)
	at java.net.DualStackPlainSocketImpl.socketConnect(DualStackPlainSocketImpl.java:85)
	at java.net.AbstractPlainSocketImpl.doConnect(AbstractPlainSocketImpl.java:350)
	at java.net.AbstractPlainSocketImpl.connectToAddress(AbstractPlainSocketImpl.java:206)
	at java.net.AbstractPlainSocketImpl.connect(AbstractPlainSocketImpl.java:188)
	at java.net.PlainSocketImpl.connect(PlainSocketImpl.java:172)
	at java.net.SocksSocketImpl.connect(SocksSocketImpl.java:392)
	at java.net.Socket.connect(Socket.java:589)
	at sun.net.NetworkClient.doConnect(NetworkClient.java:175)
	at sun.net.www.http.HttpClient.openServer(HttpClient.java:463)
	at sun.net.www.http.HttpClient.openServer(HttpClient.java:558)
	at sun.net.www.http.HttpClient.<init>(HttpClient.java:242)
	at sun.net.www.http.HttpClient.New(HttpClient.java:339)
	at sun.net.www.http.HttpClient.New(HttpClient.java:357)
	at sun.net.www.protocol.http.HttpURLConnection.getNewHttpClient(HttpURLConnection.java:1202)
	at sun.net.www.protocol.http.HttpURLConnection.plainConnect0(HttpURLConnection.java:1138)
	at sun.net.www.protocol.http.HttpURLConnection.plainConnect(HttpURLConnection.java:1032)
	at sun.net.www.protocol.http.HttpURLConnection.connect(HttpURLConnection.java:966)
	at com.alibaba.nacos.common.http.client.request.JdkHttpClientRequest.execute(JdkHttpClientRequest.java:112)
	at com.alibaba.nacos.common.http.client.NacosRestTemplate.execute(NacosRestTemplate.java:482)
	at com.alibaba.nacos.common.http.client.NacosRestTemplate.exchangeForm(NacosRestTemplate.java:427)
	at com.alibaba.nacos.client.naming.net.NamingProxy.callServer(NamingProxy.java:603)
	at com.alibaba.nacos.client.naming.net.NamingProxy.reqApi(NamingProxy.java:526)
	at com.alibaba.nacos.client.naming.net.NamingProxy.reqApi(NamingProxy.java:498)
	at com.alibaba.nacos.client.naming.net.NamingProxy.sendBeat(NamingProxy.java:433)
	at com.alibaba.nacos.client.naming.beat.BeatReactor$BeatTask.run(BeatReactor.java:167)
	at java.util.concurrent.Executors$RunnableAdapter.call(Executors.java:511)
	at java.util.concurrent.FutureTask.run(FutureTask.java:266)
	at java.util.concurrent.ScheduledThreadPoolExecutor$ScheduledFutureTask.access$201(ScheduledThreadPoolExecutor.java:180)
	at java.util.concurrent.ScheduledThreadPoolExecutor$ScheduledFutureTask.run(ScheduledThreadPoolExecutor.java:293)
	at java.util.concurrent.ThreadPoolExecutor.runWorker(ThreadPoolExecutor.java:1142)
	at java.util.concurrent.ThreadPoolExecutor$Worker.run(ThreadPoolExecutor.java:617)
	at java.lang.Thread.run(Thread.java:748)
2025-03-26 01:01:31,083 ERROR [com.alibaba.nacos.client.Worker.longPolling.fixed-192.168.128.130_8848-xczx][ServerHttpAgent.java:169] - [NACOS SocketTimeoutException httpPost] currentServerAddr: http://192.168.128.130:8848， err : connect timed out
2025-03-26 01:01:32,186 ERROR [com.alibaba.nacos.naming.beat.sender][NamingProxy.java:617] - [NA] failed to request
java.net.SocketTimeoutException: connect timed out
	at java.net.DualStackPlainSocketImpl.waitForConnect(Native Method)
	at java.net.DualStackPlainSocketImpl.socketConnect(DualStackPlainSocketImpl.java:85)
	at java.net.AbstractPlainSocketImpl.doConnect(AbstractPlainSocketImpl.java:350)
	at java.net.AbstractPlainSocketImpl.connectToAddress(AbstractPlainSocketImpl.java:206)
	at java.net.AbstractPlainSocketImpl.connect(AbstractPlainSocketImpl.java:188)
	at java.net.PlainSocketImpl.connect(PlainSocketImpl.java:172)
	at java.net.SocksSocketImpl.connect(SocksSocketImpl.java:392)
	at java.net.Socket.connect(Socket.java:589)
	at sun.net.NetworkClient.doConnect(NetworkClient.java:175)
	at sun.net.www.http.HttpClient.openServer(HttpClient.java:463)
	at sun.net.www.http.HttpClient.openServer(HttpClient.java:558)
	at sun.net.www.http.HttpClient.<init>(HttpClient.java:242)
	at sun.net.www.http.HttpClient.New(HttpClient.java:339)
	at sun.net.www.http.HttpClient.New(HttpClient.java:357)
	at sun.net.www.protocol.http.HttpURLConnection.getNewHttpClient(HttpURLConnection.java:1202)
	at sun.net.www.protocol.http.HttpURLConnection.plainConnect0(HttpURLConnection.java:1138)
	at sun.net.www.protocol.http.HttpURLConnection.plainConnect(HttpURLConnection.java:1032)
	at sun.net.www.protocol.http.HttpURLConnection.connect(HttpURLConnection.java:966)
	at com.alibaba.nacos.common.http.client.request.JdkHttpClientRequest.execute(JdkHttpClientRequest.java:112)
	at com.alibaba.nacos.common.http.client.NacosRestTemplate.execute(NacosRestTemplate.java:482)
	at com.alibaba.nacos.common.http.client.NacosRestTemplate.exchangeForm(NacosRestTemplate.java:427)
	at com.alibaba.nacos.client.naming.net.NamingProxy.callServer(NamingProxy.java:603)
	at com.alibaba.nacos.client.naming.net.NamingProxy.reqApi(NamingProxy.java:526)
	at com.alibaba.nacos.client.naming.net.NamingProxy.reqApi(NamingProxy.java:498)
	at com.alibaba.nacos.client.naming.net.NamingProxy.sendBeat(NamingProxy.java:433)
	at com.alibaba.nacos.client.naming.beat.BeatReactor$BeatTask.run(BeatReactor.java:167)
	at java.util.concurrent.Executors$RunnableAdapter.call(Executors.java:511)
	at java.util.concurrent.FutureTask.run(FutureTask.java:266)
	at java.util.concurrent.ScheduledThreadPoolExecutor$ScheduledFutureTask.access$201(ScheduledThreadPoolExecutor.java:180)
	at java.util.concurrent.ScheduledThreadPoolExecutor$ScheduledFutureTask.run(ScheduledThreadPoolExecutor.java:293)
	at java.util.concurrent.ThreadPoolExecutor.runWorker(ThreadPoolExecutor.java:1142)
	at java.util.concurrent.ThreadPoolExecutor$Worker.run(ThreadPoolExecutor.java:617)
	at java.lang.Thread.run(Thread.java:748)
2025-03-26 01:01:32,189 ERROR [com.alibaba.nacos.naming.beat.sender][NamingProxy.java:552] - request: /nacos/v1/ns/instance/beat failed, servers: [192.168.128.130:8848], code: 500, msg: connect timed out
2025-03-26 01:01:32,189 ERROR [com.alibaba.nacos.naming.beat.sender][BeatReactor.java:198] - [CLIENT-BEAT] failed to send beat: {"port":63045,"ip":"10.65.24.129","weight":1.0,"serviceName":"group001@@system-service","cluster":"DEFAULT","metadata":{"preserved.register.source":"SPRING_CLOUD"},"scheduled":false,"period":5000,"stopped":false}, code: 500, msg: failed to req API:/nacos/v1/ns/instance/beat after all servers([192.168.128.130:8848]) tried: java.net.SocketTimeoutException: connect timed out
2025-03-26 01:01:34,088 ERROR [com.alibaba.nacos.client.Worker.longPolling.fixed-192.168.128.130_8848-xczx][ServerHttpAgent.java:169] - [NACOS SocketTimeoutException httpPost] currentServerAddr: http://192.168.128.130:8848， err : connect timed out
2025-03-26 01:01:34,088 ERROR [com.alibaba.nacos.client.Worker.longPolling.fixed-192.168.128.130_8848-xczx][ClientWorker.java:393] - [fixed-192.168.128.130_8848-xczx] [check-update] get changed dataId exception
java.net.ConnectException: [NACOS HTTP-POST] The maximum number of tolerable server reconnection errors has been reached
	at com.alibaba.nacos.client.config.http.ServerHttpAgent.httpPost(ServerHttpAgent.java:181)
	at com.alibaba.nacos.client.config.http.MetricsHttpAgent.httpPost(MetricsHttpAgent.java:67)
	at com.alibaba.nacos.client.config.impl.ClientWorker.checkUpdateConfigStr(ClientWorker.java:380)
	at com.alibaba.nacos.client.config.impl.ClientWorker.checkUpdateDataIds(ClientWorker.java:347)
	at com.alibaba.nacos.client.config.impl.ClientWorker$LongPollingRunnable.run(ClientWorker.java:535)
	at java.util.concurrent.Executors$RunnableAdapter.call(Executors.java:511)
	at java.util.concurrent.FutureTask.run(FutureTask.java:266)
	at java.util.concurrent.ScheduledThreadPoolExecutor$ScheduledFutureTask.access$201(ScheduledThreadPoolExecutor.java:180)
	at java.util.concurrent.ScheduledThreadPoolExecutor$ScheduledFutureTask.run(ScheduledThreadPoolExecutor.java:293)
	at java.util.concurrent.ThreadPoolExecutor.runWorker(ThreadPoolExecutor.java:1142)
	at java.util.concurrent.ThreadPoolExecutor$Worker.run(ThreadPoolExecutor.java:617)
	at java.lang.Thread.run(Thread.java:748)
2025-03-26 01:01:34,089 ERROR [com.alibaba.nacos.client.Worker.longPolling.fixed-192.168.128.130_8848-xczx][ClientWorker.java:580] - longPolling error : 
java.net.ConnectException: [NACOS HTTP-POST] The maximum number of tolerable server reconnection errors has been reached
	at com.alibaba.nacos.client.config.http.ServerHttpAgent.httpPost(ServerHttpAgent.java:181)
	at com.alibaba.nacos.client.config.http.MetricsHttpAgent.httpPost(MetricsHttpAgent.java:67)
	at com.alibaba.nacos.client.config.impl.ClientWorker.checkUpdateConfigStr(ClientWorker.java:380)
	at com.alibaba.nacos.client.config.impl.ClientWorker.checkUpdateDataIds(ClientWorker.java:347)
	at com.alibaba.nacos.client.config.impl.ClientWorker$LongPollingRunnable.run(ClientWorker.java:535)
	at java.util.concurrent.Executors$RunnableAdapter.call(Executors.java:511)
	at java.util.concurrent.FutureTask.run(FutureTask.java:266)
	at java.util.concurrent.ScheduledThreadPoolExecutor$ScheduledFutureTask.access$201(ScheduledThreadPoolExecutor.java:180)
	at java.util.concurrent.ScheduledThreadPoolExecutor$ScheduledFutureTask.run(ScheduledThreadPoolExecutor.java:293)
	at java.util.concurrent.ThreadPoolExecutor.runWorker(ThreadPoolExecutor.java:1142)
	at java.util.concurrent.ThreadPoolExecutor$Worker.run(ThreadPoolExecutor.java:617)
	at java.lang.Thread.run(Thread.java:748)
2025-03-26 01:01:39,100 ERROR [com.alibaba.nacos.client.Worker.longPolling.fixed-192.168.128.130_8848-xczx][ServerHttpAgent.java:169] - [NACOS SocketTimeoutException httpPost] currentServerAddr: http://192.168.128.130:8848， err : connect timed out
2025-03-26 01:01:40,204 ERROR [com.alibaba.nacos.naming.beat.sender][NamingProxy.java:617] - [NA] failed to request
java.net.SocketTimeoutException: connect timed out
	at java.net.DualStackPlainSocketImpl.waitForConnect(Native Method)
	at java.net.DualStackPlainSocketImpl.socketConnect(DualStackPlainSocketImpl.java:85)
	at java.net.AbstractPlainSocketImpl.doConnect(AbstractPlainSocketImpl.java:350)
	at java.net.AbstractPlainSocketImpl.connectToAddress(AbstractPlainSocketImpl.java:206)
	at java.net.AbstractPlainSocketImpl.connect(AbstractPlainSocketImpl.java:188)
	at java.net.PlainSocketImpl.connect(PlainSocketImpl.java:172)
	at java.net.SocksSocketImpl.connect(SocksSocketImpl.java:392)
	at java.net.Socket.connect(Socket.java:589)
	at sun.net.NetworkClient.doConnect(NetworkClient.java:175)
	at sun.net.www.http.HttpClient.openServer(HttpClient.java:463)
	at sun.net.www.http.HttpClient.openServer(HttpClient.java:558)
	at sun.net.www.http.HttpClient.<init>(HttpClient.java:242)
	at sun.net.www.http.HttpClient.New(HttpClient.java:339)
	at sun.net.www.http.HttpClient.New(HttpClient.java:357)
	at sun.net.www.protocol.http.HttpURLConnection.getNewHttpClient(HttpURLConnection.java:1202)
	at sun.net.www.protocol.http.HttpURLConnection.plainConnect0(HttpURLConnection.java:1138)
	at sun.net.www.protocol.http.HttpURLConnection.plainConnect(HttpURLConnection.java:1032)
	at sun.net.www.protocol.http.HttpURLConnection.connect(HttpURLConnection.java:966)
	at com.alibaba.nacos.common.http.client.request.JdkHttpClientRequest.execute(JdkHttpClientRequest.java:112)
	at com.alibaba.nacos.common.http.client.NacosRestTemplate.execute(NacosRestTemplate.java:482)
	at com.alibaba.nacos.common.http.client.NacosRestTemplate.exchangeForm(NacosRestTemplate.java:427)
	at com.alibaba.nacos.client.naming.net.NamingProxy.callServer(NamingProxy.java:603)
	at com.alibaba.nacos.client.naming.net.NamingProxy.reqApi(NamingProxy.java:526)
	at com.alibaba.nacos.client.naming.net.NamingProxy.reqApi(NamingProxy.java:498)
	at com.alibaba.nacos.client.naming.net.NamingProxy.sendBeat(NamingProxy.java:433)
	at com.alibaba.nacos.client.naming.beat.BeatReactor$BeatTask.run(BeatReactor.java:167)
	at java.util.concurrent.Executors$RunnableAdapter.call(Executors.java:511)
	at java.util.concurrent.FutureTask.run(FutureTask.java:266)
	at java.util.concurrent.ScheduledThreadPoolExecutor$ScheduledFutureTask.access$201(ScheduledThreadPoolExecutor.java:180)
	at java.util.concurrent.ScheduledThreadPoolExecutor$ScheduledFutureTask.run(ScheduledThreadPoolExecutor.java:293)
	at java.util.concurrent.ThreadPoolExecutor.runWorker(ThreadPoolExecutor.java:1142)
	at java.util.concurrent.ThreadPoolExecutor$Worker.run(ThreadPoolExecutor.java:617)
	at java.lang.Thread.run(Thread.java:748)
2025-03-26 01:01:42,110 ERROR [com.alibaba.nacos.client.Worker.longPolling.fixed-192.168.128.130_8848-xczx][ServerHttpAgent.java:169] - [NACOS SocketTimeoutException httpPost] currentServerAddr: http://192.168.128.130:8848， err : connect timed out
2025-03-26 01:01:43,210 ERROR [com.alibaba.nacos.naming.beat.sender][NamingProxy.java:617] - [NA] failed to request
java.net.SocketTimeoutException: connect timed out
	at java.net.DualStackPlainSocketImpl.waitForConnect(Native Method)
	at java.net.DualStackPlainSocketImpl.socketConnect(DualStackPlainSocketImpl.java:85)
	at java.net.AbstractPlainSocketImpl.doConnect(AbstractPlainSocketImpl.java:350)
	at java.net.AbstractPlainSocketImpl.connectToAddress(AbstractPlainSocketImpl.java:206)
	at java.net.AbstractPlainSocketImpl.connect(AbstractPlainSocketImpl.java:188)
	at java.net.PlainSocketImpl.connect(PlainSocketImpl.java:172)
	at java.net.SocksSocketImpl.connect(SocksSocketImpl.java:392)
	at java.net.Socket.connect(Socket.java:589)
	at sun.net.NetworkClient.doConnect(NetworkClient.java:175)
	at sun.net.www.http.HttpClient.openServer(HttpClient.java:463)
	at sun.net.www.http.HttpClient.openServer(HttpClient.java:558)
	at sun.net.www.http.HttpClient.<init>(HttpClient.java:242)
	at sun.net.www.http.HttpClient.New(HttpClient.java:339)
	at sun.net.www.http.HttpClient.New(HttpClient.java:357)
	at sun.net.www.protocol.http.HttpURLConnection.getNewHttpClient(HttpURLConnection.java:1202)
	at sun.net.www.protocol.http.HttpURLConnection.plainConnect0(HttpURLConnection.java:1138)
	at sun.net.www.protocol.http.HttpURLConnection.plainConnect(HttpURLConnection.java:1032)
	at sun.net.www.protocol.http.HttpURLConnection.connect(HttpURLConnection.java:966)
	at com.alibaba.nacos.common.http.client.request.JdkHttpClientRequest.execute(JdkHttpClientRequest.java:112)
	at com.alibaba.nacos.common.http.client.NacosRestTemplate.execute(NacosRestTemplate.java:482)
	at com.alibaba.nacos.common.http.client.NacosRestTemplate.exchangeForm(NacosRestTemplate.java:427)
	at com.alibaba.nacos.client.naming.net.NamingProxy.callServer(NamingProxy.java:603)
	at com.alibaba.nacos.client.naming.net.NamingProxy.reqApi(NamingProxy.java:526)
	at com.alibaba.nacos.client.naming.net.NamingProxy.reqApi(NamingProxy.java:498)
	at com.alibaba.nacos.client.naming.net.NamingProxy.sendBeat(NamingProxy.java:433)
	at com.alibaba.nacos.client.naming.beat.BeatReactor$BeatTask.run(BeatReactor.java:167)
	at java.util.concurrent.Executors$RunnableAdapter.call(Executors.java:511)
	at java.util.concurrent.FutureTask.run(FutureTask.java:266)
	at java.util.concurrent.ScheduledThreadPoolExecutor$ScheduledFutureTask.access$201(ScheduledThreadPoolExecutor.java:180)
	at java.util.concurrent.ScheduledThreadPoolExecutor$ScheduledFutureTask.run(ScheduledThreadPoolExecutor.java:293)
	at java.util.concurrent.ThreadPoolExecutor.runWorker(ThreadPoolExecutor.java:1142)
	at java.util.concurrent.ThreadPoolExecutor$Worker.run(ThreadPoolExecutor.java:617)
	at java.lang.Thread.run(Thread.java:748)
2025-03-26 01:01:45,114 ERROR [com.alibaba.nacos.client.Worker.longPolling.fixed-192.168.128.130_8848-xczx][ServerHttpAgent.java:169] - [NACOS SocketTimeoutException httpPost] currentServerAddr: http://192.168.128.130:8848， err : connect timed out
2025-03-26 01:01:46,215 ERROR [com.alibaba.nacos.naming.beat.sender][NamingProxy.java:617] - [NA] failed to request
java.net.SocketTimeoutException: connect timed out
	at java.net.DualStackPlainSocketImpl.waitForConnect(Native Method)
	at java.net.DualStackPlainSocketImpl.socketConnect(DualStackPlainSocketImpl.java:85)
	at java.net.AbstractPlainSocketImpl.doConnect(AbstractPlainSocketImpl.java:350)
	at java.net.AbstractPlainSocketImpl.connectToAddress(AbstractPlainSocketImpl.java:206)
	at java.net.AbstractPlainSocketImpl.connect(AbstractPlainSocketImpl.java:188)
	at java.net.PlainSocketImpl.connect(PlainSocketImpl.java:172)
	at java.net.SocksSocketImpl.connect(SocksSocketImpl.java:392)
	at java.net.Socket.connect(Socket.java:589)
	at sun.net.NetworkClient.doConnect(NetworkClient.java:175)
	at sun.net.www.http.HttpClient.openServer(HttpClient.java:463)
	at sun.net.www.http.HttpClient.openServer(HttpClient.java:558)
	at sun.net.www.http.HttpClient.<init>(HttpClient.java:242)
	at sun.net.www.http.HttpClient.New(HttpClient.java:339)
	at sun.net.www.http.HttpClient.New(HttpClient.java:357)
	at sun.net.www.protocol.http.HttpURLConnection.getNewHttpClient(HttpURLConnection.java:1202)
	at sun.net.www.protocol.http.HttpURLConnection.plainConnect0(HttpURLConnection.java:1138)
	at sun.net.www.protocol.http.HttpURLConnection.plainConnect(HttpURLConnection.java:1032)
	at sun.net.www.protocol.http.HttpURLConnection.connect(HttpURLConnection.java:966)
	at com.alibaba.nacos.common.http.client.request.JdkHttpClientRequest.execute(JdkHttpClientRequest.java:112)
	at com.alibaba.nacos.common.http.client.NacosRestTemplate.execute(NacosRestTemplate.java:482)
	at com.alibaba.nacos.common.http.client.NacosRestTemplate.exchangeForm(NacosRestTemplate.java:427)
	at com.alibaba.nacos.client.naming.net.NamingProxy.callServer(NamingProxy.java:603)
	at com.alibaba.nacos.client.naming.net.NamingProxy.reqApi(NamingProxy.java:526)
	at com.alibaba.nacos.client.naming.net.NamingProxy.reqApi(NamingProxy.java:498)
	at com.alibaba.nacos.client.naming.net.NamingProxy.sendBeat(NamingProxy.java:433)
	at com.alibaba.nacos.client.naming.beat.BeatReactor$BeatTask.run(BeatReactor.java:167)
	at java.util.concurrent.Executors$RunnableAdapter.call(Executors.java:511)
	at java.util.concurrent.FutureTask.run(FutureTask.java:266)
	at java.util.concurrent.ScheduledThreadPoolExecutor$ScheduledFutureTask.access$201(ScheduledThreadPoolExecutor.java:180)
	at java.util.concurrent.ScheduledThreadPoolExecutor$ScheduledFutureTask.run(ScheduledThreadPoolExecutor.java:293)
	at java.util.concurrent.ThreadPoolExecutor.runWorker(ThreadPoolExecutor.java:1142)
	at java.util.concurrent.ThreadPoolExecutor$Worker.run(ThreadPoolExecutor.java:617)
	at java.lang.Thread.run(Thread.java:748)
2025-03-26 01:01:46,219 ERROR [com.alibaba.nacos.naming.beat.sender][NamingProxy.java:552] - request: /nacos/v1/ns/instance/beat failed, servers: [192.168.128.130:8848], code: 500, msg: connect timed out
2025-03-26 01:01:46,219 ERROR [com.alibaba.nacos.naming.beat.sender][BeatReactor.java:198] - [CLIENT-BEAT] failed to send beat: {"port":63045,"ip":"10.65.24.129","weight":1.0,"serviceName":"group001@@system-service","cluster":"DEFAULT","metadata":{"preserved.register.source":"SPRING_CLOUD"},"scheduled":false,"period":5000,"stopped":false}, code: 500, msg: failed to req API:/nacos/v1/ns/instance/beat after all servers([192.168.128.130:8848]) tried: java.net.SocketTimeoutException: connect timed out
2025-03-26 01:01:48,119 ERROR [com.alibaba.nacos.client.Worker.longPolling.fixed-192.168.128.130_8848-xczx][ServerHttpAgent.java:169] - [NACOS SocketTimeoutException httpPost] currentServerAddr: http://192.168.128.130:8848， err : connect timed out
2025-03-26 01:01:48,119 ERROR [com.alibaba.nacos.client.Worker.longPolling.fixed-192.168.128.130_8848-xczx][ClientWorker.java:393] - [fixed-192.168.128.130_8848-xczx] [check-update] get changed dataId exception
java.net.ConnectException: [NACOS HTTP-POST] The maximum number of tolerable server reconnection errors has been reached
	at com.alibaba.nacos.client.config.http.ServerHttpAgent.httpPost(ServerHttpAgent.java:181)
	at com.alibaba.nacos.client.config.http.MetricsHttpAgent.httpPost(MetricsHttpAgent.java:67)
	at com.alibaba.nacos.client.config.impl.ClientWorker.checkUpdateConfigStr(ClientWorker.java:380)
	at com.alibaba.nacos.client.config.impl.ClientWorker.checkUpdateDataIds(ClientWorker.java:347)
	at com.alibaba.nacos.client.config.impl.ClientWorker$LongPollingRunnable.run(ClientWorker.java:535)
	at java.util.concurrent.Executors$RunnableAdapter.call(Executors.java:511)
	at java.util.concurrent.FutureTask.run(FutureTask.java:266)
	at java.util.concurrent.ScheduledThreadPoolExecutor$ScheduledFutureTask.access$201(ScheduledThreadPoolExecutor.java:180)
	at java.util.concurrent.ScheduledThreadPoolExecutor$ScheduledFutureTask.run(ScheduledThreadPoolExecutor.java:293)
	at java.util.concurrent.ThreadPoolExecutor.runWorker(ThreadPoolExecutor.java:1142)
	at java.util.concurrent.ThreadPoolExecutor$Worker.run(ThreadPoolExecutor.java:617)
	at java.lang.Thread.run(Thread.java:748)
2025-03-26 01:01:48,121 ERROR [com.alibaba.nacos.client.Worker.longPolling.fixed-192.168.128.130_8848-xczx][ClientWorker.java:580] - longPolling error : 
java.net.ConnectException: [NACOS HTTP-POST] The maximum number of tolerable server reconnection errors has been reached
	at com.alibaba.nacos.client.config.http.ServerHttpAgent.httpPost(ServerHttpAgent.java:181)
	at com.alibaba.nacos.client.config.http.MetricsHttpAgent.httpPost(MetricsHttpAgent.java:67)
	at com.alibaba.nacos.client.config.impl.ClientWorker.checkUpdateConfigStr(ClientWorker.java:380)
	at com.alibaba.nacos.client.config.impl.ClientWorker.checkUpdateDataIds(ClientWorker.java:347)
	at com.alibaba.nacos.client.config.impl.ClientWorker$LongPollingRunnable.run(ClientWorker.java:535)
	at java.util.concurrent.Executors$RunnableAdapter.call(Executors.java:511)
	at java.util.concurrent.FutureTask.run(FutureTask.java:266)
	at java.util.concurrent.ScheduledThreadPoolExecutor$ScheduledFutureTask.access$201(ScheduledThreadPoolExecutor.java:180)
	at java.util.concurrent.ScheduledThreadPoolExecutor$ScheduledFutureTask.run(ScheduledThreadPoolExecutor.java:293)
	at java.util.concurrent.ThreadPoolExecutor.runWorker(ThreadPoolExecutor.java:1142)
	at java.util.concurrent.ThreadPoolExecutor$Worker.run(ThreadPoolExecutor.java:617)
	at java.lang.Thread.run(Thread.java:748)
2025-03-26 01:01:53,138 ERROR [com.alibaba.nacos.client.Worker.longPolling.fixed-192.168.128.130_8848-xczx][ServerHttpAgent.java:169] - [NACOS SocketTimeoutException httpPost] currentServerAddr: http://192.168.128.130:8848， err : connect timed out
2025-03-26 01:01:53,777 ERROR [com.alibaba.nacos.client.naming.updater][NamingProxy.java:617] - [NA] failed to request
java.net.SocketTimeoutException: connect timed out
	at java.net.DualStackPlainSocketImpl.waitForConnect(Native Method)
	at java.net.DualStackPlainSocketImpl.socketConnect(DualStackPlainSocketImpl.java:85)
	at java.net.AbstractPlainSocketImpl.doConnect(AbstractPlainSocketImpl.java:350)
	at java.net.AbstractPlainSocketImpl.connectToAddress(AbstractPlainSocketImpl.java:206)
	at java.net.AbstractPlainSocketImpl.connect(AbstractPlainSocketImpl.java:188)
	at java.net.PlainSocketImpl.connect(PlainSocketImpl.java:172)
	at java.net.SocksSocketImpl.connect(SocksSocketImpl.java:392)
	at java.net.Socket.connect(Socket.java:589)
	at sun.net.NetworkClient.doConnect(NetworkClient.java:175)
	at sun.net.www.http.HttpClient.openServer(HttpClient.java:463)
	at sun.net.www.http.HttpClient.openServer(HttpClient.java:558)
	at sun.net.www.http.HttpClient.<init>(HttpClient.java:242)
	at sun.net.www.http.HttpClient.New(HttpClient.java:339)
	at sun.net.www.http.HttpClient.New(HttpClient.java:357)
	at sun.net.www.protocol.http.HttpURLConnection.getNewHttpClient(HttpURLConnection.java:1202)
	at sun.net.www.protocol.http.HttpURLConnection.plainConnect0(HttpURLConnection.java:1138)
	at sun.net.www.protocol.http.HttpURLConnection.plainConnect(HttpURLConnection.java:1032)
	at sun.net.www.protocol.http.HttpURLConnection.connect(HttpURLConnection.java:966)
	at com.alibaba.nacos.common.http.client.request.JdkHttpClientRequest.execute(JdkHttpClientRequest.java:112)
	at com.alibaba.nacos.common.http.client.NacosRestTemplate.execute(NacosRestTemplate.java:482)
	at com.alibaba.nacos.common.http.client.NacosRestTemplate.exchangeForm(NacosRestTemplate.java:427)
	at com.alibaba.nacos.client.naming.net.NamingProxy.callServer(NamingProxy.java:603)
	at com.alibaba.nacos.client.naming.net.NamingProxy.reqApi(NamingProxy.java:526)
	at com.alibaba.nacos.client.naming.net.NamingProxy.reqApi(NamingProxy.java:498)
	at com.alibaba.nacos.client.naming.net.NamingProxy.reqApi(NamingProxy.java:493)
	at com.alibaba.nacos.client.naming.net.NamingProxy.queryList(NamingProxy.java:407)
	at com.alibaba.nacos.client.naming.core.HostReactor.updateService(HostReactor.java:382)
	at com.alibaba.nacos.client.naming.core.HostReactor$UpdateTask.run(HostReactor.java:464)
	at java.util.concurrent.Executors$RunnableAdapter.call(Executors.java:511)
	at java.util.concurrent.FutureTask.run(FutureTask.java:266)
	at java.util.concurrent.ScheduledThreadPoolExecutor$ScheduledFutureTask.access$201(ScheduledThreadPoolExecutor.java:180)
	at java.util.concurrent.ScheduledThreadPoolExecutor$ScheduledFutureTask.run(ScheduledThreadPoolExecutor.java:293)
	at java.util.concurrent.ThreadPoolExecutor.runWorker(ThreadPoolExecutor.java:1142)
	at java.util.concurrent.ThreadPoolExecutor$Worker.run(ThreadPoolExecutor.java:617)
	at java.lang.Thread.run(Thread.java:748)
2025-03-26 01:01:54,241 ERROR [com.alibaba.nacos.naming.beat.sender][NamingProxy.java:617] - [NA] failed to request
java.net.SocketTimeoutException: connect timed out
	at java.net.DualStackPlainSocketImpl.waitForConnect(Native Method)
	at java.net.DualStackPlainSocketImpl.socketConnect(DualStackPlainSocketImpl.java:85)
	at java.net.AbstractPlainSocketImpl.doConnect(AbstractPlainSocketImpl.java:350)
	at java.net.AbstractPlainSocketImpl.connectToAddress(AbstractPlainSocketImpl.java:206)
	at java.net.AbstractPlainSocketImpl.connect(AbstractPlainSocketImpl.java:188)
	at java.net.PlainSocketImpl.connect(PlainSocketImpl.java:172)
	at java.net.SocksSocketImpl.connect(SocksSocketImpl.java:392)
	at java.net.Socket.connect(Socket.java:589)
	at sun.net.NetworkClient.doConnect(NetworkClient.java:175)
	at sun.net.www.http.HttpClient.openServer(HttpClient.java:463)
	at sun.net.www.http.HttpClient.openServer(HttpClient.java:558)
	at sun.net.www.http.HttpClient.<init>(HttpClient.java:242)
	at sun.net.www.http.HttpClient.New(HttpClient.java:339)
	at sun.net.www.http.HttpClient.New(HttpClient.java:357)
	at sun.net.www.protocol.http.HttpURLConnection.getNewHttpClient(HttpURLConnection.java:1202)
	at sun.net.www.protocol.http.HttpURLConnection.plainConnect0(HttpURLConnection.java:1138)
	at sun.net.www.protocol.http.HttpURLConnection.plainConnect(HttpURLConnection.java:1032)
	at sun.net.www.protocol.http.HttpURLConnection.connect(HttpURLConnection.java:966)
	at com.alibaba.nacos.common.http.client.request.JdkHttpClientRequest.execute(JdkHttpClientRequest.java:112)
	at com.alibaba.nacos.common.http.client.NacosRestTemplate.execute(NacosRestTemplate.java:482)
	at com.alibaba.nacos.common.http.client.NacosRestTemplate.exchangeForm(NacosRestTemplate.java:427)
	at com.alibaba.nacos.client.naming.net.NamingProxy.callServer(NamingProxy.java:603)
	at com.alibaba.nacos.client.naming.net.NamingProxy.reqApi(NamingProxy.java:526)
	at com.alibaba.nacos.client.naming.net.NamingProxy.reqApi(NamingProxy.java:498)
	at com.alibaba.nacos.client.naming.net.NamingProxy.sendBeat(NamingProxy.java:433)
	at com.alibaba.nacos.client.naming.beat.BeatReactor$BeatTask.run(BeatReactor.java:167)
	at java.util.concurrent.Executors$RunnableAdapter.call(Executors.java:511)
	at java.util.concurrent.FutureTask.run(FutureTask.java:266)
	at java.util.concurrent.ScheduledThreadPoolExecutor$ScheduledFutureTask.access$201(ScheduledThreadPoolExecutor.java:180)
	at java.util.concurrent.ScheduledThreadPoolExecutor$ScheduledFutureTask.run(ScheduledThreadPoolExecutor.java:293)
	at java.util.concurrent.ThreadPoolExecutor.runWorker(ThreadPoolExecutor.java:1142)
	at java.util.concurrent.ThreadPoolExecutor$Worker.run(ThreadPoolExecutor.java:617)
	at java.lang.Thread.run(Thread.java:748)
2025-03-26 01:01:56,156 ERROR [com.alibaba.nacos.client.Worker.longPolling.fixed-192.168.128.130_8848-xczx][ServerHttpAgent.java:169] - [NACOS SocketTimeoutException httpPost] currentServerAddr: http://192.168.128.130:8848， err : connect timed out
2025-03-26 01:01:56,795 ERROR [com.alibaba.nacos.client.naming.updater][NamingProxy.java:617] - [NA] failed to request
java.net.SocketTimeoutException: connect timed out
	at java.net.DualStackPlainSocketImpl.waitForConnect(Native Method)
	at java.net.DualStackPlainSocketImpl.socketConnect(DualStackPlainSocketImpl.java:85)
	at java.net.AbstractPlainSocketImpl.doConnect(AbstractPlainSocketImpl.java:350)
	at java.net.AbstractPlainSocketImpl.connectToAddress(AbstractPlainSocketImpl.java:206)
	at java.net.AbstractPlainSocketImpl.connect(AbstractPlainSocketImpl.java:188)
	at java.net.PlainSocketImpl.connect(PlainSocketImpl.java:172)
	at java.net.SocksSocketImpl.connect(SocksSocketImpl.java:392)
	at java.net.Socket.connect(Socket.java:589)
	at sun.net.NetworkClient.doConnect(NetworkClient.java:175)
	at sun.net.www.http.HttpClient.openServer(HttpClient.java:463)
	at sun.net.www.http.HttpClient.openServer(HttpClient.java:558)
	at sun.net.www.http.HttpClient.<init>(HttpClient.java:242)
	at sun.net.www.http.HttpClient.New(HttpClient.java:339)
	at sun.net.www.http.HttpClient.New(HttpClient.java:357)
	at sun.net.www.protocol.http.HttpURLConnection.getNewHttpClient(HttpURLConnection.java:1202)
	at sun.net.www.protocol.http.HttpURLConnection.plainConnect0(HttpURLConnection.java:1138)
	at sun.net.www.protocol.http.HttpURLConnection.plainConnect(HttpURLConnection.java:1032)
	at sun.net.www.protocol.http.HttpURLConnection.connect(HttpURLConnection.java:966)
	at com.alibaba.nacos.common.http.client.request.JdkHttpClientRequest.execute(JdkHttpClientRequest.java:112)
	at com.alibaba.nacos.common.http.client.NacosRestTemplate.execute(NacosRestTemplate.java:482)
	at com.alibaba.nacos.common.http.client.NacosRestTemplate.exchangeForm(NacosRestTemplate.java:427)
	at com.alibaba.nacos.client.naming.net.NamingProxy.callServer(NamingProxy.java:603)
	at com.alibaba.nacos.client.naming.net.NamingProxy.reqApi(NamingProxy.java:526)
	at com.alibaba.nacos.client.naming.net.NamingProxy.reqApi(NamingProxy.java:498)
	at com.alibaba.nacos.client.naming.net.NamingProxy.reqApi(NamingProxy.java:493)
	at com.alibaba.nacos.client.naming.net.NamingProxy.queryList(NamingProxy.java:407)
	at com.alibaba.nacos.client.naming.core.HostReactor.updateService(HostReactor.java:382)
	at com.alibaba.nacos.client.naming.core.HostReactor$UpdateTask.run(HostReactor.java:464)
	at java.util.concurrent.Executors$RunnableAdapter.call(Executors.java:511)
	at java.util.concurrent.FutureTask.run(FutureTask.java:266)
	at java.util.concurrent.ScheduledThreadPoolExecutor$ScheduledFutureTask.access$201(ScheduledThreadPoolExecutor.java:180)
	at java.util.concurrent.ScheduledThreadPoolExecutor$ScheduledFutureTask.run(ScheduledThreadPoolExecutor.java:293)
	at java.util.concurrent.ThreadPoolExecutor.runWorker(ThreadPoolExecutor.java:1142)
	at java.util.concurrent.ThreadPoolExecutor$Worker.run(ThreadPoolExecutor.java:617)
	at java.lang.Thread.run(Thread.java:748)
2025-03-26 01:01:57,257 ERROR [com.alibaba.nacos.naming.beat.sender][NamingProxy.java:617] - [NA] failed to request
java.net.SocketTimeoutException: connect timed out
	at java.net.DualStackPlainSocketImpl.waitForConnect(Native Method)
	at java.net.DualStackPlainSocketImpl.socketConnect(DualStackPlainSocketImpl.java:85)
	at java.net.AbstractPlainSocketImpl.doConnect(AbstractPlainSocketImpl.java:350)
	at java.net.AbstractPlainSocketImpl.connectToAddress(AbstractPlainSocketImpl.java:206)
	at java.net.AbstractPlainSocketImpl.connect(AbstractPlainSocketImpl.java:188)
	at java.net.PlainSocketImpl.connect(PlainSocketImpl.java:172)
	at java.net.SocksSocketImpl.connect(SocksSocketImpl.java:392)
	at java.net.Socket.connect(Socket.java:589)
	at sun.net.NetworkClient.doConnect(NetworkClient.java:175)
	at sun.net.www.http.HttpClient.openServer(HttpClient.java:463)
	at sun.net.www.http.HttpClient.openServer(HttpClient.java:558)
	at sun.net.www.http.HttpClient.<init>(HttpClient.java:242)
	at sun.net.www.http.HttpClient.New(HttpClient.java:339)
	at sun.net.www.http.HttpClient.New(HttpClient.java:357)
	at sun.net.www.protocol.http.HttpURLConnection.getNewHttpClient(HttpURLConnection.java:1202)
	at sun.net.www.protocol.http.HttpURLConnection.plainConnect0(HttpURLConnection.java:1138)
	at sun.net.www.protocol.http.HttpURLConnection.plainConnect(HttpURLConnection.java:1032)
	at sun.net.www.protocol.http.HttpURLConnection.connect(HttpURLConnection.java:966)
	at com.alibaba.nacos.common.http.client.request.JdkHttpClientRequest.execute(JdkHttpClientRequest.java:112)
	at com.alibaba.nacos.common.http.client.NacosRestTemplate.execute(NacosRestTemplate.java:482)
	at com.alibaba.nacos.common.http.client.NacosRestTemplate.exchangeForm(NacosRestTemplate.java:427)
	at com.alibaba.nacos.client.naming.net.NamingProxy.callServer(NamingProxy.java:603)
	at com.alibaba.nacos.client.naming.net.NamingProxy.reqApi(NamingProxy.java:526)
	at com.alibaba.nacos.client.naming.net.NamingProxy.reqApi(NamingProxy.java:498)
	at com.alibaba.nacos.client.naming.net.NamingProxy.sendBeat(NamingProxy.java:433)
	at com.alibaba.nacos.client.naming.beat.BeatReactor$BeatTask.run(BeatReactor.java:167)
	at java.util.concurrent.Executors$RunnableAdapter.call(Executors.java:511)
	at java.util.concurrent.FutureTask.run(FutureTask.java:266)
	at java.util.concurrent.ScheduledThreadPoolExecutor$ScheduledFutureTask.access$201(ScheduledThreadPoolExecutor.java:180)
	at java.util.concurrent.ScheduledThreadPoolExecutor$ScheduledFutureTask.run(ScheduledThreadPoolExecutor.java:293)
	at java.util.concurrent.ThreadPoolExecutor.runWorker(ThreadPoolExecutor.java:1142)
	at java.util.concurrent.ThreadPoolExecutor$Worker.run(ThreadPoolExecutor.java:617)
	at java.lang.Thread.run(Thread.java:748)
2025-03-26 01:01:59,161 ERROR [com.alibaba.nacos.client.Worker.longPolling.fixed-192.168.128.130_8848-xczx][ServerHttpAgent.java:169] - [NACOS SocketTimeoutException httpPost] currentServerAddr: http://192.168.128.130:8848， err : connect timed out
2025-03-26 01:01:59,799 ERROR [com.alibaba.nacos.client.naming.updater][NamingProxy.java:617] - [NA] failed to request
java.net.SocketTimeoutException: connect timed out
	at java.net.DualStackPlainSocketImpl.waitForConnect(Native Method)
	at java.net.DualStackPlainSocketImpl.socketConnect(DualStackPlainSocketImpl.java:85)
	at java.net.AbstractPlainSocketImpl.doConnect(AbstractPlainSocketImpl.java:350)
	at java.net.AbstractPlainSocketImpl.connectToAddress(AbstractPlainSocketImpl.java:206)
	at java.net.AbstractPlainSocketImpl.connect(AbstractPlainSocketImpl.java:188)
	at java.net.PlainSocketImpl.connect(PlainSocketImpl.java:172)
	at java.net.SocksSocketImpl.connect(SocksSocketImpl.java:392)
	at java.net.Socket.connect(Socket.java:589)
	at sun.net.NetworkClient.doConnect(NetworkClient.java:175)
	at sun.net.www.http.HttpClient.openServer(HttpClient.java:463)
	at sun.net.www.http.HttpClient.openServer(HttpClient.java:558)
	at sun.net.www.http.HttpClient.<init>(HttpClient.java:242)
	at sun.net.www.http.HttpClient.New(HttpClient.java:339)
	at sun.net.www.http.HttpClient.New(HttpClient.java:357)
	at sun.net.www.protocol.http.HttpURLConnection.getNewHttpClient(HttpURLConnection.java:1202)
	at sun.net.www.protocol.http.HttpURLConnection.plainConnect0(HttpURLConnection.java:1138)
	at sun.net.www.protocol.http.HttpURLConnection.plainConnect(HttpURLConnection.java:1032)
	at sun.net.www.protocol.http.HttpURLConnection.connect(HttpURLConnection.java:966)
	at com.alibaba.nacos.common.http.client.request.JdkHttpClientRequest.execute(JdkHttpClientRequest.java:112)
	at com.alibaba.nacos.common.http.client.NacosRestTemplate.execute(NacosRestTemplate.java:482)
	at com.alibaba.nacos.common.http.client.NacosRestTemplate.exchangeForm(NacosRestTemplate.java:427)
	at com.alibaba.nacos.client.naming.net.NamingProxy.callServer(NamingProxy.java:603)
	at com.alibaba.nacos.client.naming.net.NamingProxy.reqApi(NamingProxy.java:526)
	at com.alibaba.nacos.client.naming.net.NamingProxy.reqApi(NamingProxy.java:498)
	at com.alibaba.nacos.client.naming.net.NamingProxy.reqApi(NamingProxy.java:493)
	at com.alibaba.nacos.client.naming.net.NamingProxy.queryList(NamingProxy.java:407)
	at com.alibaba.nacos.client.naming.core.HostReactor.updateService(HostReactor.java:382)
	at com.alibaba.nacos.client.naming.core.HostReactor$UpdateTask.run(HostReactor.java:464)
	at java.util.concurrent.Executors$RunnableAdapter.call(Executors.java:511)
	at java.util.concurrent.FutureTask.run(FutureTask.java:266)
	at java.util.concurrent.ScheduledThreadPoolExecutor$ScheduledFutureTask.access$201(ScheduledThreadPoolExecutor.java:180)
	at java.util.concurrent.ScheduledThreadPoolExecutor$ScheduledFutureTask.run(ScheduledThreadPoolExecutor.java:293)
	at java.util.concurrent.ThreadPoolExecutor.runWorker(ThreadPoolExecutor.java:1142)
	at java.util.concurrent.ThreadPoolExecutor$Worker.run(ThreadPoolExecutor.java:617)
	at java.lang.Thread.run(Thread.java:748)
2025-03-26 01:01:59,802 ERROR [com.alibaba.nacos.client.naming.updater][NamingProxy.java:552] - request: /nacos/v1/ns/instance/list failed, servers: [192.168.128.130:8848], code: 500, msg: connect timed out
2025-03-26 01:02:00,263 ERROR [com.alibaba.nacos.naming.beat.sender][NamingProxy.java:617] - [NA] failed to request
java.net.SocketTimeoutException: connect timed out
	at java.net.DualStackPlainSocketImpl.waitForConnect(Native Method)
	at java.net.DualStackPlainSocketImpl.socketConnect(DualStackPlainSocketImpl.java:85)
	at java.net.AbstractPlainSocketImpl.doConnect(AbstractPlainSocketImpl.java:350)
	at java.net.AbstractPlainSocketImpl.connectToAddress(AbstractPlainSocketImpl.java:206)
	at java.net.AbstractPlainSocketImpl.connect(AbstractPlainSocketImpl.java:188)
	at java.net.PlainSocketImpl.connect(PlainSocketImpl.java:172)
	at java.net.SocksSocketImpl.connect(SocksSocketImpl.java:392)
	at java.net.Socket.connect(Socket.java:589)
	at sun.net.NetworkClient.doConnect(NetworkClient.java:175)
	at sun.net.www.http.HttpClient.openServer(HttpClient.java:463)
	at sun.net.www.http.HttpClient.openServer(HttpClient.java:558)
	at sun.net.www.http.HttpClient.<init>(HttpClient.java:242)
	at sun.net.www.http.HttpClient.New(HttpClient.java:339)
	at sun.net.www.http.HttpClient.New(HttpClient.java:357)
	at sun.net.www.protocol.http.HttpURLConnection.getNewHttpClient(HttpURLConnection.java:1202)
	at sun.net.www.protocol.http.HttpURLConnection.plainConnect0(HttpURLConnection.java:1138)
	at sun.net.www.protocol.http.HttpURLConnection.plainConnect(HttpURLConnection.java:1032)
	at sun.net.www.protocol.http.HttpURLConnection.connect(HttpURLConnection.java:966)
	at com.alibaba.nacos.common.http.client.request.JdkHttpClientRequest.execute(JdkHttpClientRequest.java:112)
	at com.alibaba.nacos.common.http.client.NacosRestTemplate.execute(NacosRestTemplate.java:482)
	at com.alibaba.nacos.common.http.client.NacosRestTemplate.exchangeForm(NacosRestTemplate.java:427)
	at com.alibaba.nacos.client.naming.net.NamingProxy.callServer(NamingProxy.java:603)
	at com.alibaba.nacos.client.naming.net.NamingProxy.reqApi(NamingProxy.java:526)
	at com.alibaba.nacos.client.naming.net.NamingProxy.reqApi(NamingProxy.java:498)
	at com.alibaba.nacos.client.naming.net.NamingProxy.sendBeat(NamingProxy.java:433)
	at com.alibaba.nacos.client.naming.beat.BeatReactor$BeatTask.run(BeatReactor.java:167)
	at java.util.concurrent.Executors$RunnableAdapter.call(Executors.java:511)
	at java.util.concurrent.FutureTask.run(FutureTask.java:266)
	at java.util.concurrent.ScheduledThreadPoolExecutor$ScheduledFutureTask.access$201(ScheduledThreadPoolExecutor.java:180)
	at java.util.concurrent.ScheduledThreadPoolExecutor$ScheduledFutureTask.run(ScheduledThreadPoolExecutor.java:293)
	at java.util.concurrent.ThreadPoolExecutor.runWorker(ThreadPoolExecutor.java:1142)
	at java.util.concurrent.ThreadPoolExecutor$Worker.run(ThreadPoolExecutor.java:617)
	at java.lang.Thread.run(Thread.java:748)
2025-03-26 01:02:00,265 ERROR [com.alibaba.nacos.naming.beat.sender][NamingProxy.java:552] - request: /nacos/v1/ns/instance/beat failed, servers: [192.168.128.130:8848], code: 500, msg: connect timed out
2025-03-26 01:02:00,265 ERROR [com.alibaba.nacos.naming.beat.sender][BeatReactor.java:198] - [CLIENT-BEAT] failed to send beat: {"port":63045,"ip":"10.65.24.129","weight":1.0,"serviceName":"group001@@system-service","cluster":"DEFAULT","metadata":{"preserved.register.source":"SPRING_CLOUD"},"scheduled":false,"period":5000,"stopped":false}, code: 500, msg: failed to req API:/nacos/v1/ns/instance/beat after all servers([192.168.128.130:8848]) tried: java.net.SocketTimeoutException: connect timed out
2025-03-26 01:02:02,173 ERROR [com.alibaba.nacos.client.Worker.longPolling.fixed-192.168.128.130_8848-xczx][ServerHttpAgent.java:169] - [NACOS SocketTimeoutException httpPost] currentServerAddr: http://192.168.128.130:8848， err : connect timed out
2025-03-26 01:02:02,175 ERROR [com.alibaba.nacos.client.Worker.longPolling.fixed-192.168.128.130_8848-xczx][ClientWorker.java:393] - [fixed-192.168.128.130_8848-xczx] [check-update] get changed dataId exception
java.net.ConnectException: [NACOS HTTP-POST] The maximum number of tolerable server reconnection errors has been reached
	at com.alibaba.nacos.client.config.http.ServerHttpAgent.httpPost(ServerHttpAgent.java:181)
	at com.alibaba.nacos.client.config.http.MetricsHttpAgent.httpPost(MetricsHttpAgent.java:67)
	at com.alibaba.nacos.client.config.impl.ClientWorker.checkUpdateConfigStr(ClientWorker.java:380)
	at com.alibaba.nacos.client.config.impl.ClientWorker.checkUpdateDataIds(ClientWorker.java:347)
	at com.alibaba.nacos.client.config.impl.ClientWorker$LongPollingRunnable.run(ClientWorker.java:535)
	at java.util.concurrent.Executors$RunnableAdapter.call(Executors.java:511)
	at java.util.concurrent.FutureTask.run(FutureTask.java:266)
	at java.util.concurrent.ScheduledThreadPoolExecutor$ScheduledFutureTask.access$201(ScheduledThreadPoolExecutor.java:180)
	at java.util.concurrent.ScheduledThreadPoolExecutor$ScheduledFutureTask.run(ScheduledThreadPoolExecutor.java:293)
	at java.util.concurrent.ThreadPoolExecutor.runWorker(ThreadPoolExecutor.java:1142)
	at java.util.concurrent.ThreadPoolExecutor$Worker.run(ThreadPoolExecutor.java:617)
	at java.lang.Thread.run(Thread.java:748)
2025-03-26 01:02:02,175 ERROR [com.alibaba.nacos.client.Worker.longPolling.fixed-192.168.128.130_8848-xczx][ClientWorker.java:580] - longPolling error : 
java.net.ConnectException: [NACOS HTTP-POST] The maximum number of tolerable server reconnection errors has been reached
	at com.alibaba.nacos.client.config.http.ServerHttpAgent.httpPost(ServerHttpAgent.java:181)
	at com.alibaba.nacos.client.config.http.MetricsHttpAgent.httpPost(MetricsHttpAgent.java:67)
	at com.alibaba.nacos.client.config.impl.ClientWorker.checkUpdateConfigStr(ClientWorker.java:380)
	at com.alibaba.nacos.client.config.impl.ClientWorker.checkUpdateDataIds(ClientWorker.java:347)
	at com.alibaba.nacos.client.config.impl.ClientWorker$LongPollingRunnable.run(ClientWorker.java:535)
	at java.util.concurrent.Executors$RunnableAdapter.call(Executors.java:511)
	at java.util.concurrent.FutureTask.run(FutureTask.java:266)
	at java.util.concurrent.ScheduledThreadPoolExecutor$ScheduledFutureTask.access$201(ScheduledThreadPoolExecutor.java:180)
	at java.util.concurrent.ScheduledThreadPoolExecutor$ScheduledFutureTask.run(ScheduledThreadPoolExecutor.java:293)
	at java.util.concurrent.ThreadPoolExecutor.runWorker(ThreadPoolExecutor.java:1142)
	at java.util.concurrent.ThreadPoolExecutor$Worker.run(ThreadPoolExecutor.java:617)
	at java.lang.Thread.run(Thread.java:748)
2025-03-26 01:02:07,187 ERROR [com.alibaba.nacos.client.Worker.longPolling.fixed-192.168.128.130_8848-xczx][ServerHttpAgent.java:169] - [NACOS SocketTimeoutException httpPost] currentServerAddr: http://192.168.128.130:8848， err : connect timed out
2025-03-26 01:02:08,276 ERROR [com.alibaba.nacos.naming.beat.sender][NamingProxy.java:617] - [NA] failed to request
java.net.SocketTimeoutException: connect timed out
	at java.net.DualStackPlainSocketImpl.waitForConnect(Native Method)
	at java.net.DualStackPlainSocketImpl.socketConnect(DualStackPlainSocketImpl.java:85)
	at java.net.AbstractPlainSocketImpl.doConnect(AbstractPlainSocketImpl.java:350)
	at java.net.AbstractPlainSocketImpl.connectToAddress(AbstractPlainSocketImpl.java:206)
	at java.net.AbstractPlainSocketImpl.connect(AbstractPlainSocketImpl.java:188)
	at java.net.PlainSocketImpl.connect(PlainSocketImpl.java:172)
	at java.net.SocksSocketImpl.connect(SocksSocketImpl.java:392)
	at java.net.Socket.connect(Socket.java:589)
	at sun.net.NetworkClient.doConnect(NetworkClient.java:175)
	at sun.net.www.http.HttpClient.openServer(HttpClient.java:463)
	at sun.net.www.http.HttpClient.openServer(HttpClient.java:558)
	at sun.net.www.http.HttpClient.<init>(HttpClient.java:242)
	at sun.net.www.http.HttpClient.New(HttpClient.java:339)
	at sun.net.www.http.HttpClient.New(HttpClient.java:357)
	at sun.net.www.protocol.http.HttpURLConnection.getNewHttpClient(HttpURLConnection.java:1202)
	at sun.net.www.protocol.http.HttpURLConnection.plainConnect0(HttpURLConnection.java:1138)
	at sun.net.www.protocol.http.HttpURLConnection.plainConnect(HttpURLConnection.java:1032)
	at sun.net.www.protocol.http.HttpURLConnection.connect(HttpURLConnection.java:966)
	at com.alibaba.nacos.common.http.client.request.JdkHttpClientRequest.execute(JdkHttpClientRequest.java:112)
	at com.alibaba.nacos.common.http.client.NacosRestTemplate.execute(NacosRestTemplate.java:482)
	at com.alibaba.nacos.common.http.client.NacosRestTemplate.exchangeForm(NacosRestTemplate.java:427)
	at com.alibaba.nacos.client.naming.net.NamingProxy.callServer(NamingProxy.java:603)
	at com.alibaba.nacos.client.naming.net.NamingProxy.reqApi(NamingProxy.java:526)
	at com.alibaba.nacos.client.naming.net.NamingProxy.reqApi(NamingProxy.java:498)
	at com.alibaba.nacos.client.naming.net.NamingProxy.sendBeat(NamingProxy.java:433)
	at com.alibaba.nacos.client.naming.beat.BeatReactor$BeatTask.run(BeatReactor.java:167)
	at java.util.concurrent.Executors$RunnableAdapter.call(Executors.java:511)
	at java.util.concurrent.FutureTask.run(FutureTask.java:266)
	at java.util.concurrent.ScheduledThreadPoolExecutor$ScheduledFutureTask.access$201(ScheduledThreadPoolExecutor.java:180)
	at java.util.concurrent.ScheduledThreadPoolExecutor$ScheduledFutureTask.run(ScheduledThreadPoolExecutor.java:293)
	at java.util.concurrent.ThreadPoolExecutor.runWorker(ThreadPoolExecutor.java:1142)
	at java.util.concurrent.ThreadPoolExecutor$Worker.run(ThreadPoolExecutor.java:617)
	at java.lang.Thread.run(Thread.java:748)
2025-03-26 01:02:10,194 ERROR [com.alibaba.nacos.client.Worker.longPolling.fixed-192.168.128.130_8848-xczx][ServerHttpAgent.java:169] - [NACOS SocketTimeoutException httpPost] currentServerAddr: http://192.168.128.130:8848， err : connect timed out
2025-03-26 01:02:11,282 ERROR [com.alibaba.nacos.naming.beat.sender][NamingProxy.java:617] - [NA] failed to request
java.net.SocketTimeoutException: connect timed out
	at java.net.DualStackPlainSocketImpl.waitForConnect(Native Method)
	at java.net.DualStackPlainSocketImpl.socketConnect(DualStackPlainSocketImpl.java:85)
	at java.net.AbstractPlainSocketImpl.doConnect(AbstractPlainSocketImpl.java:350)
	at java.net.AbstractPlainSocketImpl.connectToAddress(AbstractPlainSocketImpl.java:206)
	at java.net.AbstractPlainSocketImpl.connect(AbstractPlainSocketImpl.java:188)
	at java.net.PlainSocketImpl.connect(PlainSocketImpl.java:172)
	at java.net.SocksSocketImpl.connect(SocksSocketImpl.java:392)
	at java.net.Socket.connect(Socket.java:589)
	at sun.net.NetworkClient.doConnect(NetworkClient.java:175)
	at sun.net.www.http.HttpClient.openServer(HttpClient.java:463)
	at sun.net.www.http.HttpClient.openServer(HttpClient.java:558)
	at sun.net.www.http.HttpClient.<init>(HttpClient.java:242)
	at sun.net.www.http.HttpClient.New(HttpClient.java:339)
	at sun.net.www.http.HttpClient.New(HttpClient.java:357)
	at sun.net.www.protocol.http.HttpURLConnection.getNewHttpClient(HttpURLConnection.java:1202)
	at sun.net.www.protocol.http.HttpURLConnection.plainConnect0(HttpURLConnection.java:1138)
	at sun.net.www.protocol.http.HttpURLConnection.plainConnect(HttpURLConnection.java:1032)
	at sun.net.www.protocol.http.HttpURLConnection.connect(HttpURLConnection.java:966)
	at com.alibaba.nacos.common.http.client.request.JdkHttpClientRequest.execute(JdkHttpClientRequest.java:112)
	at com.alibaba.nacos.common.http.client.NacosRestTemplate.execute(NacosRestTemplate.java:482)
	at com.alibaba.nacos.common.http.client.NacosRestTemplate.exchangeForm(NacosRestTemplate.java:427)
	at com.alibaba.nacos.client.naming.net.NamingProxy.callServer(NamingProxy.java:603)
	at com.alibaba.nacos.client.naming.net.NamingProxy.reqApi(NamingProxy.java:526)
	at com.alibaba.nacos.client.naming.net.NamingProxy.reqApi(NamingProxy.java:498)
	at com.alibaba.nacos.client.naming.net.NamingProxy.sendBeat(NamingProxy.java:433)
	at com.alibaba.nacos.client.naming.beat.BeatReactor$BeatTask.run(BeatReactor.java:167)
	at java.util.concurrent.Executors$RunnableAdapter.call(Executors.java:511)
	at java.util.concurrent.FutureTask.run(FutureTask.java:266)
	at java.util.concurrent.ScheduledThreadPoolExecutor$ScheduledFutureTask.access$201(ScheduledThreadPoolExecutor.java:180)
	at java.util.concurrent.ScheduledThreadPoolExecutor$ScheduledFutureTask.run(ScheduledThreadPoolExecutor.java:293)
	at java.util.concurrent.ThreadPoolExecutor.runWorker(ThreadPoolExecutor.java:1142)
	at java.util.concurrent.ThreadPoolExecutor$Worker.run(ThreadPoolExecutor.java:617)
	at java.lang.Thread.run(Thread.java:748)
2025-03-26 01:02:13,203 ERROR [com.alibaba.nacos.client.Worker.longPolling.fixed-192.168.128.130_8848-xczx][ServerHttpAgent.java:169] - [NACOS SocketTimeoutException httpPost] currentServerAddr: http://192.168.128.130:8848， err : connect timed out
2025-03-26 01:02:14,293 ERROR [com.alibaba.nacos.naming.beat.sender][NamingProxy.java:617] - [NA] failed to request
java.net.SocketTimeoutException: connect timed out
	at java.net.DualStackPlainSocketImpl.waitForConnect(Native Method)
	at java.net.DualStackPlainSocketImpl.socketConnect(DualStackPlainSocketImpl.java:85)
	at java.net.AbstractPlainSocketImpl.doConnect(AbstractPlainSocketImpl.java:350)
	at java.net.AbstractPlainSocketImpl.connectToAddress(AbstractPlainSocketImpl.java:206)
	at java.net.AbstractPlainSocketImpl.connect(AbstractPlainSocketImpl.java:188)
	at java.net.PlainSocketImpl.connect(PlainSocketImpl.java:172)
	at java.net.SocksSocketImpl.connect(SocksSocketImpl.java:392)
	at java.net.Socket.connect(Socket.java:589)
	at sun.net.NetworkClient.doConnect(NetworkClient.java:175)
	at sun.net.www.http.HttpClient.openServer(HttpClient.java:463)
	at sun.net.www.http.HttpClient.openServer(HttpClient.java:558)
	at sun.net.www.http.HttpClient.<init>(HttpClient.java:242)
	at sun.net.www.http.HttpClient.New(HttpClient.java:339)
	at sun.net.www.http.HttpClient.New(HttpClient.java:357)
	at sun.net.www.protocol.http.HttpURLConnection.getNewHttpClient(HttpURLConnection.java:1202)
	at sun.net.www.protocol.http.HttpURLConnection.plainConnect0(HttpURLConnection.java:1138)
	at sun.net.www.protocol.http.HttpURLConnection.plainConnect(HttpURLConnection.java:1032)
	at sun.net.www.protocol.http.HttpURLConnection.connect(HttpURLConnection.java:966)
	at com.alibaba.nacos.common.http.client.request.JdkHttpClientRequest.execute(JdkHttpClientRequest.java:112)
	at com.alibaba.nacos.common.http.client.NacosRestTemplate.execute(NacosRestTemplate.java:482)
	at com.alibaba.nacos.common.http.client.NacosRestTemplate.exchangeForm(NacosRestTemplate.java:427)
	at com.alibaba.nacos.client.naming.net.NamingProxy.callServer(NamingProxy.java:603)
	at com.alibaba.nacos.client.naming.net.NamingProxy.reqApi(NamingProxy.java:526)
	at com.alibaba.nacos.client.naming.net.NamingProxy.reqApi(NamingProxy.java:498)
	at com.alibaba.nacos.client.naming.net.NamingProxy.sendBeat(NamingProxy.java:433)
	at com.alibaba.nacos.client.naming.beat.BeatReactor$BeatTask.run(BeatReactor.java:167)
	at java.util.concurrent.Executors$RunnableAdapter.call(Executors.java:511)
	at java.util.concurrent.FutureTask.run(FutureTask.java:266)
	at java.util.concurrent.ScheduledThreadPoolExecutor$ScheduledFutureTask.access$201(ScheduledThreadPoolExecutor.java:180)
	at java.util.concurrent.ScheduledThreadPoolExecutor$ScheduledFutureTask.run(ScheduledThreadPoolExecutor.java:293)
	at java.util.concurrent.ThreadPoolExecutor.runWorker(ThreadPoolExecutor.java:1142)
	at java.util.concurrent.ThreadPoolExecutor$Worker.run(ThreadPoolExecutor.java:617)
	at java.lang.Thread.run(Thread.java:748)
2025-03-26 01:02:14,294 ERROR [com.alibaba.nacos.naming.beat.sender][NamingProxy.java:552] - request: /nacos/v1/ns/instance/beat failed, servers: [192.168.128.130:8848], code: 500, msg: connect timed out
2025-03-26 01:02:14,294 ERROR [com.alibaba.nacos.naming.beat.sender][BeatReactor.java:198] - [CLIENT-BEAT] failed to send beat: {"port":63045,"ip":"10.65.24.129","weight":1.0,"serviceName":"group001@@system-service","cluster":"DEFAULT","metadata":{"preserved.register.source":"SPRING_CLOUD"},"scheduled":false,"period":5000,"stopped":false}, code: 500, msg: failed to req API:/nacos/v1/ns/instance/beat after all servers([192.168.128.130:8848]) tried: java.net.SocketTimeoutException: connect timed out
2025-03-26 01:02:16,216 ERROR [com.alibaba.nacos.client.Worker.longPolling.fixed-192.168.128.130_8848-xczx][ServerHttpAgent.java:169] - [NACOS SocketTimeoutException httpPost] currentServerAddr: http://192.168.128.130:8848， err : connect timed out
2025-03-26 01:02:16,217 ERROR [com.alibaba.nacos.client.Worker.longPolling.fixed-192.168.128.130_8848-xczx][ClientWorker.java:393] - [fixed-192.168.128.130_8848-xczx] [check-update] get changed dataId exception
java.net.ConnectException: [NACOS HTTP-POST] The maximum number of tolerable server reconnection errors has been reached
	at com.alibaba.nacos.client.config.http.ServerHttpAgent.httpPost(ServerHttpAgent.java:181)
	at com.alibaba.nacos.client.config.http.MetricsHttpAgent.httpPost(MetricsHttpAgent.java:67)
	at com.alibaba.nacos.client.config.impl.ClientWorker.checkUpdateConfigStr(ClientWorker.java:380)
	at com.alibaba.nacos.client.config.impl.ClientWorker.checkUpdateDataIds(ClientWorker.java:347)
	at com.alibaba.nacos.client.config.impl.ClientWorker$LongPollingRunnable.run(ClientWorker.java:535)
	at java.util.concurrent.Executors$RunnableAdapter.call(Executors.java:511)
	at java.util.concurrent.FutureTask.run(FutureTask.java:266)
	at java.util.concurrent.ScheduledThreadPoolExecutor$ScheduledFutureTask.access$201(ScheduledThreadPoolExecutor.java:180)
	at java.util.concurrent.ScheduledThreadPoolExecutor$ScheduledFutureTask.run(ScheduledThreadPoolExecutor.java:293)
	at java.util.concurrent.ThreadPoolExecutor.runWorker(ThreadPoolExecutor.java:1142)
	at java.util.concurrent.ThreadPoolExecutor$Worker.run(ThreadPoolExecutor.java:617)
	at java.lang.Thread.run(Thread.java:748)
2025-03-26 01:02:16,217 ERROR [com.alibaba.nacos.client.Worker.longPolling.fixed-192.168.128.130_8848-xczx][ClientWorker.java:580] - longPolling error : 
java.net.ConnectException: [NACOS HTTP-POST] The maximum number of tolerable server reconnection errors has been reached
	at com.alibaba.nacos.client.config.http.ServerHttpAgent.httpPost(ServerHttpAgent.java:181)
	at com.alibaba.nacos.client.config.http.MetricsHttpAgent.httpPost(MetricsHttpAgent.java:67)
	at com.alibaba.nacos.client.config.impl.ClientWorker.checkUpdateConfigStr(ClientWorker.java:380)
	at com.alibaba.nacos.client.config.impl.ClientWorker.checkUpdateDataIds(ClientWorker.java:347)
	at com.alibaba.nacos.client.config.impl.ClientWorker$LongPollingRunnable.run(ClientWorker.java:535)
	at java.util.concurrent.Executors$RunnableAdapter.call(Executors.java:511)
	at java.util.concurrent.FutureTask.run(FutureTask.java:266)
	at java.util.concurrent.ScheduledThreadPoolExecutor$ScheduledFutureTask.access$201(ScheduledThreadPoolExecutor.java:180)
	at java.util.concurrent.ScheduledThreadPoolExecutor$ScheduledFutureTask.run(ScheduledThreadPoolExecutor.java:293)
	at java.util.concurrent.ThreadPoolExecutor.runWorker(ThreadPoolExecutor.java:1142)
	at java.util.concurrent.ThreadPoolExecutor$Worker.run(ThreadPoolExecutor.java:617)
	at java.lang.Thread.run(Thread.java:748)
2025-03-26 01:02:21,246 ERROR [com.alibaba.nacos.client.Worker.longPolling.fixed-192.168.128.130_8848-xczx][ServerHttpAgent.java:169] - [NACOS SocketTimeoutException httpPost] currentServerAddr: http://192.168.128.130:8848， err : connect timed out
2025-03-26 01:02:22,315 ERROR [com.alibaba.nacos.naming.beat.sender][NamingProxy.java:617] - [NA] failed to request
java.net.SocketTimeoutException: connect timed out
	at java.net.DualStackPlainSocketImpl.waitForConnect(Native Method)
	at java.net.DualStackPlainSocketImpl.socketConnect(DualStackPlainSocketImpl.java:85)
	at java.net.AbstractPlainSocketImpl.doConnect(AbstractPlainSocketImpl.java:350)
	at java.net.AbstractPlainSocketImpl.connectToAddress(AbstractPlainSocketImpl.java:206)
	at java.net.AbstractPlainSocketImpl.connect(AbstractPlainSocketImpl.java:188)
	at java.net.PlainSocketImpl.connect(PlainSocketImpl.java:172)
	at java.net.SocksSocketImpl.connect(SocksSocketImpl.java:392)
	at java.net.Socket.connect(Socket.java:589)
	at sun.net.NetworkClient.doConnect(NetworkClient.java:175)
	at sun.net.www.http.HttpClient.openServer(HttpClient.java:463)
	at sun.net.www.http.HttpClient.openServer(HttpClient.java:558)
	at sun.net.www.http.HttpClient.<init>(HttpClient.java:242)
	at sun.net.www.http.HttpClient.New(HttpClient.java:339)
	at sun.net.www.http.HttpClient.New(HttpClient.java:357)
	at sun.net.www.protocol.http.HttpURLConnection.getNewHttpClient(HttpURLConnection.java:1202)
	at sun.net.www.protocol.http.HttpURLConnection.plainConnect0(HttpURLConnection.java:1138)
	at sun.net.www.protocol.http.HttpURLConnection.plainConnect(HttpURLConnection.java:1032)
	at sun.net.www.protocol.http.HttpURLConnection.connect(HttpURLConnection.java:966)
	at com.alibaba.nacos.common.http.client.request.JdkHttpClientRequest.execute(JdkHttpClientRequest.java:112)
	at com.alibaba.nacos.common.http.client.NacosRestTemplate.execute(NacosRestTemplate.java:482)
	at com.alibaba.nacos.common.http.client.NacosRestTemplate.exchangeForm(NacosRestTemplate.java:427)
	at com.alibaba.nacos.client.naming.net.NamingProxy.callServer(NamingProxy.java:603)
	at com.alibaba.nacos.client.naming.net.NamingProxy.reqApi(NamingProxy.java:526)
	at com.alibaba.nacos.client.naming.net.NamingProxy.reqApi(NamingProxy.java:498)
	at com.alibaba.nacos.client.naming.net.NamingProxy.sendBeat(NamingProxy.java:433)
	at com.alibaba.nacos.client.naming.beat.BeatReactor$BeatTask.run(BeatReactor.java:167)
	at java.util.concurrent.Executors$RunnableAdapter.call(Executors.java:511)
	at java.util.concurrent.FutureTask.run(FutureTask.java:266)
	at java.util.concurrent.ScheduledThreadPoolExecutor$ScheduledFutureTask.access$201(ScheduledThreadPoolExecutor.java:180)
	at java.util.concurrent.ScheduledThreadPoolExecutor$ScheduledFutureTask.run(ScheduledThreadPoolExecutor.java:293)
	at java.util.concurrent.ThreadPoolExecutor.runWorker(ThreadPoolExecutor.java:1142)
	at java.util.concurrent.ThreadPoolExecutor$Worker.run(ThreadPoolExecutor.java:617)
	at java.lang.Thread.run(Thread.java:748)
2025-03-26 01:02:24,250 ERROR [com.alibaba.nacos.client.Worker.longPolling.fixed-192.168.128.130_8848-xczx][ServerHttpAgent.java:169] - [NACOS SocketTimeoutException httpPost] currentServerAddr: http://192.168.128.130:8848， err : connect timed out
2025-03-26 01:02:25,320 ERROR [com.alibaba.nacos.naming.beat.sender][NamingProxy.java:617] - [NA] failed to request
java.net.SocketTimeoutException: connect timed out
	at java.net.DualStackPlainSocketImpl.waitForConnect(Native Method)
	at java.net.DualStackPlainSocketImpl.socketConnect(DualStackPlainSocketImpl.java:85)
	at java.net.AbstractPlainSocketImpl.doConnect(AbstractPlainSocketImpl.java:350)
	at java.net.AbstractPlainSocketImpl.connectToAddress(AbstractPlainSocketImpl.java:206)
	at java.net.AbstractPlainSocketImpl.connect(AbstractPlainSocketImpl.java:188)
	at java.net.PlainSocketImpl.connect(PlainSocketImpl.java:172)
	at java.net.SocksSocketImpl.connect(SocksSocketImpl.java:392)
	at java.net.Socket.connect(Socket.java:589)
	at sun.net.NetworkClient.doConnect(NetworkClient.java:175)
	at sun.net.www.http.HttpClient.openServer(HttpClient.java:463)
	at sun.net.www.http.HttpClient.openServer(HttpClient.java:558)
	at sun.net.www.http.HttpClient.<init>(HttpClient.java:242)
	at sun.net.www.http.HttpClient.New(HttpClient.java:339)
	at sun.net.www.http.HttpClient.New(HttpClient.java:357)
	at sun.net.www.protocol.http.HttpURLConnection.getNewHttpClient(HttpURLConnection.java:1202)
	at sun.net.www.protocol.http.HttpURLConnection.plainConnect0(HttpURLConnection.java:1138)
	at sun.net.www.protocol.http.HttpURLConnection.plainConnect(HttpURLConnection.java:1032)
	at sun.net.www.protocol.http.HttpURLConnection.connect(HttpURLConnection.java:966)
	at com.alibaba.nacos.common.http.client.request.JdkHttpClientRequest.execute(JdkHttpClientRequest.java:112)
	at com.alibaba.nacos.common.http.client.NacosRestTemplate.execute(NacosRestTemplate.java:482)
	at com.alibaba.nacos.common.http.client.NacosRestTemplate.exchangeForm(NacosRestTemplate.java:427)
	at com.alibaba.nacos.client.naming.net.NamingProxy.callServer(NamingProxy.java:603)
	at com.alibaba.nacos.client.naming.net.NamingProxy.reqApi(NamingProxy.java:526)
	at com.alibaba.nacos.client.naming.net.NamingProxy.reqApi(NamingProxy.java:498)
	at com.alibaba.nacos.client.naming.net.NamingProxy.sendBeat(NamingProxy.java:433)
	at com.alibaba.nacos.client.naming.beat.BeatReactor$BeatTask.run(BeatReactor.java:167)
	at java.util.concurrent.Executors$RunnableAdapter.call(Executors.java:511)
	at java.util.concurrent.FutureTask.run(FutureTask.java:266)
	at java.util.concurrent.ScheduledThreadPoolExecutor$ScheduledFutureTask.access$201(ScheduledThreadPoolExecutor.java:180)
	at java.util.concurrent.ScheduledThreadPoolExecutor$ScheduledFutureTask.run(ScheduledThreadPoolExecutor.java:293)
	at java.util.concurrent.ThreadPoolExecutor.runWorker(ThreadPoolExecutor.java:1142)
	at java.util.concurrent.ThreadPoolExecutor$Worker.run(ThreadPoolExecutor.java:617)
	at java.lang.Thread.run(Thread.java:748)
2025-03-26 01:02:27,255 ERROR [com.alibaba.nacos.client.Worker.longPolling.fixed-192.168.128.130_8848-xczx][ServerHttpAgent.java:169] - [NACOS SocketTimeoutException httpPost] currentServerAddr: http://192.168.128.130:8848， err : connect timed out
2025-03-26 01:02:28,322 ERROR [com.alibaba.nacos.naming.beat.sender][NamingProxy.java:617] - [NA] failed to request
java.net.SocketTimeoutException: connect timed out
	at java.net.DualStackPlainSocketImpl.waitForConnect(Native Method)
	at java.net.DualStackPlainSocketImpl.socketConnect(DualStackPlainSocketImpl.java:85)
	at java.net.AbstractPlainSocketImpl.doConnect(AbstractPlainSocketImpl.java:350)
	at java.net.AbstractPlainSocketImpl.connectToAddress(AbstractPlainSocketImpl.java:206)
	at java.net.AbstractPlainSocketImpl.connect(AbstractPlainSocketImpl.java:188)
	at java.net.PlainSocketImpl.connect(PlainSocketImpl.java:172)
	at java.net.SocksSocketImpl.connect(SocksSocketImpl.java:392)
	at java.net.Socket.connect(Socket.java:589)
	at sun.net.NetworkClient.doConnect(NetworkClient.java:175)
	at sun.net.www.http.HttpClient.openServer(HttpClient.java:463)
	at sun.net.www.http.HttpClient.openServer(HttpClient.java:558)
	at sun.net.www.http.HttpClient.<init>(HttpClient.java:242)
	at sun.net.www.http.HttpClient.New(HttpClient.java:339)
	at sun.net.www.http.HttpClient.New(HttpClient.java:357)
	at sun.net.www.protocol.http.HttpURLConnection.getNewHttpClient(HttpURLConnection.java:1202)
	at sun.net.www.protocol.http.HttpURLConnection.plainConnect0(HttpURLConnection.java:1138)
	at sun.net.www.protocol.http.HttpURLConnection.plainConnect(HttpURLConnection.java:1032)
	at sun.net.www.protocol.http.HttpURLConnection.connect(HttpURLConnection.java:966)
	at com.alibaba.nacos.common.http.client.request.JdkHttpClientRequest.execute(JdkHttpClientRequest.java:112)
	at com.alibaba.nacos.common.http.client.NacosRestTemplate.execute(NacosRestTemplate.java:482)
	at com.alibaba.nacos.common.http.client.NacosRestTemplate.exchangeForm(NacosRestTemplate.java:427)
	at com.alibaba.nacos.client.naming.net.NamingProxy.callServer(NamingProxy.java:603)
	at com.alibaba.nacos.client.naming.net.NamingProxy.reqApi(NamingProxy.java:526)
	at com.alibaba.nacos.client.naming.net.NamingProxy.reqApi(NamingProxy.java:498)
	at com.alibaba.nacos.client.naming.net.NamingProxy.sendBeat(NamingProxy.java:433)
	at com.alibaba.nacos.client.naming.beat.BeatReactor$BeatTask.run(BeatReactor.java:167)
	at java.util.concurrent.Executors$RunnableAdapter.call(Executors.java:511)
	at java.util.concurrent.FutureTask.run(FutureTask.java:266)
	at java.util.concurrent.ScheduledThreadPoolExecutor$ScheduledFutureTask.access$201(ScheduledThreadPoolExecutor.java:180)
	at java.util.concurrent.ScheduledThreadPoolExecutor$ScheduledFutureTask.run(ScheduledThreadPoolExecutor.java:293)
	at java.util.concurrent.ThreadPoolExecutor.runWorker(ThreadPoolExecutor.java:1142)
	at java.util.concurrent.ThreadPoolExecutor$Worker.run(ThreadPoolExecutor.java:617)
	at java.lang.Thread.run(Thread.java:748)
2025-03-26 01:02:28,325 ERROR [com.alibaba.nacos.naming.beat.sender][NamingProxy.java:552] - request: /nacos/v1/ns/instance/beat failed, servers: [192.168.128.130:8848], code: 500, msg: connect timed out
2025-03-26 01:02:28,325 ERROR [com.alibaba.nacos.naming.beat.sender][BeatReactor.java:198] - [CLIENT-BEAT] failed to send beat: {"port":63045,"ip":"10.65.24.129","weight":1.0,"serviceName":"group001@@system-service","cluster":"DEFAULT","metadata":{"preserved.register.source":"SPRING_CLOUD"},"scheduled":false,"period":5000,"stopped":false}, code: 500, msg: failed to req API:/nacos/v1/ns/instance/beat after all servers([192.168.128.130:8848]) tried: java.net.SocketTimeoutException: connect timed out
2025-03-26 01:02:30,269 ERROR [com.alibaba.nacos.client.Worker.longPolling.fixed-192.168.128.130_8848-xczx][ServerHttpAgent.java:169] - [NACOS SocketTimeoutException httpPost] currentServerAddr: http://192.168.128.130:8848， err : connect timed out
2025-03-26 01:02:30,271 ERROR [com.alibaba.nacos.client.Worker.longPolling.fixed-192.168.128.130_8848-xczx][ClientWorker.java:393] - [fixed-192.168.128.130_8848-xczx] [check-update] get changed dataId exception
java.net.ConnectException: [NACOS HTTP-POST] The maximum number of tolerable server reconnection errors has been reached
	at com.alibaba.nacos.client.config.http.ServerHttpAgent.httpPost(ServerHttpAgent.java:181)
	at com.alibaba.nacos.client.config.http.MetricsHttpAgent.httpPost(MetricsHttpAgent.java:67)
	at com.alibaba.nacos.client.config.impl.ClientWorker.checkUpdateConfigStr(ClientWorker.java:380)
	at com.alibaba.nacos.client.config.impl.ClientWorker.checkUpdateDataIds(ClientWorker.java:347)
	at com.alibaba.nacos.client.config.impl.ClientWorker$LongPollingRunnable.run(ClientWorker.java:535)
	at java.util.concurrent.Executors$RunnableAdapter.call(Executors.java:511)
	at java.util.concurrent.FutureTask.run(FutureTask.java:266)
	at java.util.concurrent.ScheduledThreadPoolExecutor$ScheduledFutureTask.access$201(ScheduledThreadPoolExecutor.java:180)
	at java.util.concurrent.ScheduledThreadPoolExecutor$ScheduledFutureTask.run(ScheduledThreadPoolExecutor.java:293)
	at java.util.concurrent.ThreadPoolExecutor.runWorker(ThreadPoolExecutor.java:1142)
	at java.util.concurrent.ThreadPoolExecutor$Worker.run(ThreadPoolExecutor.java:617)
	at java.lang.Thread.run(Thread.java:748)
2025-03-26 01:02:30,271 ERROR [com.alibaba.nacos.client.Worker.longPolling.fixed-192.168.128.130_8848-xczx][ClientWorker.java:580] - longPolling error : 
java.net.ConnectException: [NACOS HTTP-POST] The maximum number of tolerable server reconnection errors has been reached
	at com.alibaba.nacos.client.config.http.ServerHttpAgent.httpPost(ServerHttpAgent.java:181)
	at com.alibaba.nacos.client.config.http.MetricsHttpAgent.httpPost(MetricsHttpAgent.java:67)
	at com.alibaba.nacos.client.config.impl.ClientWorker.checkUpdateConfigStr(ClientWorker.java:380)
	at com.alibaba.nacos.client.config.impl.ClientWorker.checkUpdateDataIds(ClientWorker.java:347)
	at com.alibaba.nacos.client.config.impl.ClientWorker$LongPollingRunnable.run(ClientWorker.java:535)
	at java.util.concurrent.Executors$RunnableAdapter.call(Executors.java:511)
	at java.util.concurrent.FutureTask.run(FutureTask.java:266)
	at java.util.concurrent.ScheduledThreadPoolExecutor$ScheduledFutureTask.access$201(ScheduledThreadPoolExecutor.java:180)
	at java.util.concurrent.ScheduledThreadPoolExecutor$ScheduledFutureTask.run(ScheduledThreadPoolExecutor.java:293)
	at java.util.concurrent.ThreadPoolExecutor.runWorker(ThreadPoolExecutor.java:1142)
	at java.util.concurrent.ThreadPoolExecutor$Worker.run(ThreadPoolExecutor.java:617)
	at java.lang.Thread.run(Thread.java:748)
2025-03-26 01:02:35,300 ERROR [com.alibaba.nacos.client.Worker.longPolling.fixed-192.168.128.130_8848-xczx][ServerHttpAgent.java:169] - [NACOS SocketTimeoutException httpPost] currentServerAddr: http://192.168.128.130:8848， err : connect timed out
2025-03-26 01:02:36,349 ERROR [com.alibaba.nacos.naming.beat.sender][NamingProxy.java:617] - [NA] failed to request
java.net.SocketTimeoutException: connect timed out
	at java.net.DualStackPlainSocketImpl.waitForConnect(Native Method)
	at java.net.DualStackPlainSocketImpl.socketConnect(DualStackPlainSocketImpl.java:85)
	at java.net.AbstractPlainSocketImpl.doConnect(AbstractPlainSocketImpl.java:350)
	at java.net.AbstractPlainSocketImpl.connectToAddress(AbstractPlainSocketImpl.java:206)
	at java.net.AbstractPlainSocketImpl.connect(AbstractPlainSocketImpl.java:188)
	at java.net.PlainSocketImpl.connect(PlainSocketImpl.java:172)
	at java.net.SocksSocketImpl.connect(SocksSocketImpl.java:392)
	at java.net.Socket.connect(Socket.java:589)
	at sun.net.NetworkClient.doConnect(NetworkClient.java:175)
	at sun.net.www.http.HttpClient.openServer(HttpClient.java:463)
	at sun.net.www.http.HttpClient.openServer(HttpClient.java:558)
	at sun.net.www.http.HttpClient.<init>(HttpClient.java:242)
	at sun.net.www.http.HttpClient.New(HttpClient.java:339)
	at sun.net.www.http.HttpClient.New(HttpClient.java:357)
	at sun.net.www.protocol.http.HttpURLConnection.getNewHttpClient(HttpURLConnection.java:1202)
	at sun.net.www.protocol.http.HttpURLConnection.plainConnect0(HttpURLConnection.java:1138)
	at sun.net.www.protocol.http.HttpURLConnection.plainConnect(HttpURLConnection.java:1032)
	at sun.net.www.protocol.http.HttpURLConnection.connect(HttpURLConnection.java:966)
	at com.alibaba.nacos.common.http.client.request.JdkHttpClientRequest.execute(JdkHttpClientRequest.java:112)
	at com.alibaba.nacos.common.http.client.NacosRestTemplate.execute(NacosRestTemplate.java:482)
	at com.alibaba.nacos.common.http.client.NacosRestTemplate.exchangeForm(NacosRestTemplate.java:427)
	at com.alibaba.nacos.client.naming.net.NamingProxy.callServer(NamingProxy.java:603)
	at com.alibaba.nacos.client.naming.net.NamingProxy.reqApi(NamingProxy.java:526)
	at com.alibaba.nacos.client.naming.net.NamingProxy.reqApi(NamingProxy.java:498)
	at com.alibaba.nacos.client.naming.net.NamingProxy.sendBeat(NamingProxy.java:433)
	at com.alibaba.nacos.client.naming.beat.BeatReactor$BeatTask.run(BeatReactor.java:167)
	at java.util.concurrent.Executors$RunnableAdapter.call(Executors.java:511)
	at java.util.concurrent.FutureTask.run(FutureTask.java:266)
	at java.util.concurrent.ScheduledThreadPoolExecutor$ScheduledFutureTask.access$201(ScheduledThreadPoolExecutor.java:180)
	at java.util.concurrent.ScheduledThreadPoolExecutor$ScheduledFutureTask.run(ScheduledThreadPoolExecutor.java:293)
	at java.util.concurrent.ThreadPoolExecutor.runWorker(ThreadPoolExecutor.java:1142)
	at java.util.concurrent.ThreadPoolExecutor$Worker.run(ThreadPoolExecutor.java:617)
	at java.lang.Thread.run(Thread.java:748)
2025-03-26 01:02:38,314 ERROR [com.alibaba.nacos.client.Worker.longPolling.fixed-192.168.128.130_8848-xczx][ServerHttpAgent.java:169] - [NACOS SocketTimeoutException httpPost] currentServerAddr: http://192.168.128.130:8848， err : connect timed out
2025-03-26 01:02:39,370 ERROR [com.alibaba.nacos.naming.beat.sender][NamingProxy.java:617] - [NA] failed to request
java.net.SocketTimeoutException: connect timed out
	at java.net.DualStackPlainSocketImpl.waitForConnect(Native Method)
	at java.net.DualStackPlainSocketImpl.socketConnect(DualStackPlainSocketImpl.java:85)
	at java.net.AbstractPlainSocketImpl.doConnect(AbstractPlainSocketImpl.java:350)
	at java.net.AbstractPlainSocketImpl.connectToAddress(AbstractPlainSocketImpl.java:206)
	at java.net.AbstractPlainSocketImpl.connect(AbstractPlainSocketImpl.java:188)
	at java.net.PlainSocketImpl.connect(PlainSocketImpl.java:172)
	at java.net.SocksSocketImpl.connect(SocksSocketImpl.java:392)
	at java.net.Socket.connect(Socket.java:589)
	at sun.net.NetworkClient.doConnect(NetworkClient.java:175)
	at sun.net.www.http.HttpClient.openServer(HttpClient.java:463)
	at sun.net.www.http.HttpClient.openServer(HttpClient.java:558)
	at sun.net.www.http.HttpClient.<init>(HttpClient.java:242)
	at sun.net.www.http.HttpClient.New(HttpClient.java:339)
	at sun.net.www.http.HttpClient.New(HttpClient.java:357)
	at sun.net.www.protocol.http.HttpURLConnection.getNewHttpClient(HttpURLConnection.java:1202)
	at sun.net.www.protocol.http.HttpURLConnection.plainConnect0(HttpURLConnection.java:1138)
	at sun.net.www.protocol.http.HttpURLConnection.plainConnect(HttpURLConnection.java:1032)
	at sun.net.www.protocol.http.HttpURLConnection.connect(HttpURLConnection.java:966)
	at com.alibaba.nacos.common.http.client.request.JdkHttpClientRequest.execute(JdkHttpClientRequest.java:112)
	at com.alibaba.nacos.common.http.client.NacosRestTemplate.execute(NacosRestTemplate.java:482)
	at com.alibaba.nacos.common.http.client.NacosRestTemplate.exchangeForm(NacosRestTemplate.java:427)
	at com.alibaba.nacos.client.naming.net.NamingProxy.callServer(NamingProxy.java:603)
	at com.alibaba.nacos.client.naming.net.NamingProxy.reqApi(NamingProxy.java:526)
	at com.alibaba.nacos.client.naming.net.NamingProxy.reqApi(NamingProxy.java:498)
	at com.alibaba.nacos.client.naming.net.NamingProxy.sendBeat(NamingProxy.java:433)
	at com.alibaba.nacos.client.naming.beat.BeatReactor$BeatTask.run(BeatReactor.java:167)
	at java.util.concurrent.Executors$RunnableAdapter.call(Executors.java:511)
	at java.util.concurrent.FutureTask.run(FutureTask.java:266)
	at java.util.concurrent.ScheduledThreadPoolExecutor$ScheduledFutureTask.access$201(ScheduledThreadPoolExecutor.java:180)
	at java.util.concurrent.ScheduledThreadPoolExecutor$ScheduledFutureTask.run(ScheduledThreadPoolExecutor.java:293)
	at java.util.concurrent.ThreadPoolExecutor.runWorker(ThreadPoolExecutor.java:1142)
	at java.util.concurrent.ThreadPoolExecutor$Worker.run(ThreadPoolExecutor.java:617)
	at java.lang.Thread.run(Thread.java:748)
2025-03-26 01:02:41,318 ERROR [com.alibaba.nacos.client.Worker.longPolling.fixed-192.168.128.130_8848-xczx][ServerHttpAgent.java:169] - [NACOS SocketTimeoutException httpPost] currentServerAddr: http://192.168.128.130:8848， err : connect timed out
2025-03-26 01:02:42,389 ERROR [com.alibaba.nacos.naming.beat.sender][NamingProxy.java:617] - [NA] failed to request
java.net.SocketTimeoutException: connect timed out
	at java.net.DualStackPlainSocketImpl.waitForConnect(Native Method)
	at java.net.DualStackPlainSocketImpl.socketConnect(DualStackPlainSocketImpl.java:85)
	at java.net.AbstractPlainSocketImpl.doConnect(AbstractPlainSocketImpl.java:350)
	at java.net.AbstractPlainSocketImpl.connectToAddress(AbstractPlainSocketImpl.java:206)
	at java.net.AbstractPlainSocketImpl.connect(AbstractPlainSocketImpl.java:188)
	at java.net.PlainSocketImpl.connect(PlainSocketImpl.java:172)
	at java.net.SocksSocketImpl.connect(SocksSocketImpl.java:392)
	at java.net.Socket.connect(Socket.java:589)
	at sun.net.NetworkClient.doConnect(NetworkClient.java:175)
	at sun.net.www.http.HttpClient.openServer(HttpClient.java:463)
	at sun.net.www.http.HttpClient.openServer(HttpClient.java:558)
	at sun.net.www.http.HttpClient.<init>(HttpClient.java:242)
	at sun.net.www.http.HttpClient.New(HttpClient.java:339)
	at sun.net.www.http.HttpClient.New(HttpClient.java:357)
	at sun.net.www.protocol.http.HttpURLConnection.getNewHttpClient(HttpURLConnection.java:1202)
	at sun.net.www.protocol.http.HttpURLConnection.plainConnect0(HttpURLConnection.java:1138)
	at sun.net.www.protocol.http.HttpURLConnection.plainConnect(HttpURLConnection.java:1032)
	at sun.net.www.protocol.http.HttpURLConnection.connect(HttpURLConnection.java:966)
	at com.alibaba.nacos.common.http.client.request.JdkHttpClientRequest.execute(JdkHttpClientRequest.java:112)
	at com.alibaba.nacos.common.http.client.NacosRestTemplate.execute(NacosRestTemplate.java:482)
	at com.alibaba.nacos.common.http.client.NacosRestTemplate.exchangeForm(NacosRestTemplate.java:427)
	at com.alibaba.nacos.client.naming.net.NamingProxy.callServer(NamingProxy.java:603)
	at com.alibaba.nacos.client.naming.net.NamingProxy.reqApi(NamingProxy.java:526)
	at com.alibaba.nacos.client.naming.net.NamingProxy.reqApi(NamingProxy.java:498)
	at com.alibaba.nacos.client.naming.net.NamingProxy.sendBeat(NamingProxy.java:433)
	at com.alibaba.nacos.client.naming.beat.BeatReactor$BeatTask.run(BeatReactor.java:167)
	at java.util.concurrent.Executors$RunnableAdapter.call(Executors.java:511)
	at java.util.concurrent.FutureTask.run(FutureTask.java:266)
	at java.util.concurrent.ScheduledThreadPoolExecutor$ScheduledFutureTask.access$201(ScheduledThreadPoolExecutor.java:180)
	at java.util.concurrent.ScheduledThreadPoolExecutor$ScheduledFutureTask.run(ScheduledThreadPoolExecutor.java:293)
	at java.util.concurrent.ThreadPoolExecutor.runWorker(ThreadPoolExecutor.java:1142)
	at java.util.concurrent.ThreadPoolExecutor$Worker.run(ThreadPoolExecutor.java:617)
	at java.lang.Thread.run(Thread.java:748)
2025-03-26 01:02:42,390 ERROR [com.alibaba.nacos.naming.beat.sender][NamingProxy.java:552] - request: /nacos/v1/ns/instance/beat failed, servers: [192.168.128.130:8848], code: 500, msg: connect timed out
2025-03-26 01:02:42,390 ERROR [com.alibaba.nacos.naming.beat.sender][BeatReactor.java:198] - [CLIENT-BEAT] failed to send beat: {"port":63045,"ip":"10.65.24.129","weight":1.0,"serviceName":"group001@@system-service","cluster":"DEFAULT","metadata":{"preserved.register.source":"SPRING_CLOUD"},"scheduled":false,"period":5000,"stopped":false}, code: 500, msg: failed to req API:/nacos/v1/ns/instance/beat after all servers([192.168.128.130:8848]) tried: java.net.SocketTimeoutException: connect timed out
2025-03-26 01:02:44,321 ERROR [com.alibaba.nacos.client.Worker.longPolling.fixed-192.168.128.130_8848-xczx][ServerHttpAgent.java:169] - [NACOS SocketTimeoutException httpPost] currentServerAddr: http://192.168.128.130:8848， err : connect timed out
2025-03-26 01:02:44,323 ERROR [com.alibaba.nacos.client.Worker.longPolling.fixed-192.168.128.130_8848-xczx][ClientWorker.java:393] - [fixed-192.168.128.130_8848-xczx] [check-update] get changed dataId exception
java.net.ConnectException: [NACOS HTTP-POST] The maximum number of tolerable server reconnection errors has been reached
	at com.alibaba.nacos.client.config.http.ServerHttpAgent.httpPost(ServerHttpAgent.java:181)
	at com.alibaba.nacos.client.config.http.MetricsHttpAgent.httpPost(MetricsHttpAgent.java:67)
	at com.alibaba.nacos.client.config.impl.ClientWorker.checkUpdateConfigStr(ClientWorker.java:380)
	at com.alibaba.nacos.client.config.impl.ClientWorker.checkUpdateDataIds(ClientWorker.java:347)
	at com.alibaba.nacos.client.config.impl.ClientWorker$LongPollingRunnable.run(ClientWorker.java:535)
	at java.util.concurrent.Executors$RunnableAdapter.call(Executors.java:511)
	at java.util.concurrent.FutureTask.run(FutureTask.java:266)
	at java.util.concurrent.ScheduledThreadPoolExecutor$ScheduledFutureTask.access$201(ScheduledThreadPoolExecutor.java:180)
	at java.util.concurrent.ScheduledThreadPoolExecutor$ScheduledFutureTask.run(ScheduledThreadPoolExecutor.java:293)
	at java.util.concurrent.ThreadPoolExecutor.runWorker(ThreadPoolExecutor.java:1142)
	at java.util.concurrent.ThreadPoolExecutor$Worker.run(ThreadPoolExecutor.java:617)
	at java.lang.Thread.run(Thread.java:748)
2025-03-26 01:02:44,324 ERROR [com.alibaba.nacos.client.Worker.longPolling.fixed-192.168.128.130_8848-xczx][ClientWorker.java:580] - longPolling error : 
java.net.ConnectException: [NACOS HTTP-POST] The maximum number of tolerable server reconnection errors has been reached
	at com.alibaba.nacos.client.config.http.ServerHttpAgent.httpPost(ServerHttpAgent.java:181)
	at com.alibaba.nacos.client.config.http.MetricsHttpAgent.httpPost(MetricsHttpAgent.java:67)
	at com.alibaba.nacos.client.config.impl.ClientWorker.checkUpdateConfigStr(ClientWorker.java:380)
	at com.alibaba.nacos.client.config.impl.ClientWorker.checkUpdateDataIds(ClientWorker.java:347)
	at com.alibaba.nacos.client.config.impl.ClientWorker$LongPollingRunnable.run(ClientWorker.java:535)
	at java.util.concurrent.Executors$RunnableAdapter.call(Executors.java:511)
	at java.util.concurrent.FutureTask.run(FutureTask.java:266)
	at java.util.concurrent.ScheduledThreadPoolExecutor$ScheduledFutureTask.access$201(ScheduledThreadPoolExecutor.java:180)
	at java.util.concurrent.ScheduledThreadPoolExecutor$ScheduledFutureTask.run(ScheduledThreadPoolExecutor.java:293)
	at java.util.concurrent.ThreadPoolExecutor.runWorker(ThreadPoolExecutor.java:1142)
	at java.util.concurrent.ThreadPoolExecutor$Worker.run(ThreadPoolExecutor.java:617)
	at java.lang.Thread.run(Thread.java:748)
2025-03-26 01:02:49,342 ERROR [com.alibaba.nacos.client.Worker.longPolling.fixed-192.168.128.130_8848-xczx][ServerHttpAgent.java:169] - [NACOS SocketTimeoutException httpPost] currentServerAddr: http://192.168.128.130:8848， err : connect timed out
2025-03-26 01:02:50,414 ERROR [com.alibaba.nacos.naming.beat.sender][NamingProxy.java:617] - [NA] failed to request
java.net.SocketTimeoutException: connect timed out
	at java.net.DualStackPlainSocketImpl.waitForConnect(Native Method)
	at java.net.DualStackPlainSocketImpl.socketConnect(DualStackPlainSocketImpl.java:85)
	at java.net.AbstractPlainSocketImpl.doConnect(AbstractPlainSocketImpl.java:350)
	at java.net.AbstractPlainSocketImpl.connectToAddress(AbstractPlainSocketImpl.java:206)
	at java.net.AbstractPlainSocketImpl.connect(AbstractPlainSocketImpl.java:188)
	at java.net.PlainSocketImpl.connect(PlainSocketImpl.java:172)
	at java.net.SocksSocketImpl.connect(SocksSocketImpl.java:392)
	at java.net.Socket.connect(Socket.java:589)
	at sun.net.NetworkClient.doConnect(NetworkClient.java:175)
	at sun.net.www.http.HttpClient.openServer(HttpClient.java:463)
	at sun.net.www.http.HttpClient.openServer(HttpClient.java:558)
	at sun.net.www.http.HttpClient.<init>(HttpClient.java:242)
	at sun.net.www.http.HttpClient.New(HttpClient.java:339)
	at sun.net.www.http.HttpClient.New(HttpClient.java:357)
	at sun.net.www.protocol.http.HttpURLConnection.getNewHttpClient(HttpURLConnection.java:1202)
	at sun.net.www.protocol.http.HttpURLConnection.plainConnect0(HttpURLConnection.java:1138)
	at sun.net.www.protocol.http.HttpURLConnection.plainConnect(HttpURLConnection.java:1032)
	at sun.net.www.protocol.http.HttpURLConnection.connect(HttpURLConnection.java:966)
	at com.alibaba.nacos.common.http.client.request.JdkHttpClientRequest.execute(JdkHttpClientRequest.java:112)
	at com.alibaba.nacos.common.http.client.NacosRestTemplate.execute(NacosRestTemplate.java:482)
	at com.alibaba.nacos.common.http.client.NacosRestTemplate.exchangeForm(NacosRestTemplate.java:427)
	at com.alibaba.nacos.client.naming.net.NamingProxy.callServer(NamingProxy.java:603)
	at com.alibaba.nacos.client.naming.net.NamingProxy.reqApi(NamingProxy.java:526)
	at com.alibaba.nacos.client.naming.net.NamingProxy.reqApi(NamingProxy.java:498)
	at com.alibaba.nacos.client.naming.net.NamingProxy.sendBeat(NamingProxy.java:433)
	at com.alibaba.nacos.client.naming.beat.BeatReactor$BeatTask.run(BeatReactor.java:167)
	at java.util.concurrent.Executors$RunnableAdapter.call(Executors.java:511)
	at java.util.concurrent.FutureTask.run(FutureTask.java:266)
	at java.util.concurrent.ScheduledThreadPoolExecutor$ScheduledFutureTask.access$201(ScheduledThreadPoolExecutor.java:180)
	at java.util.concurrent.ScheduledThreadPoolExecutor$ScheduledFutureTask.run(ScheduledThreadPoolExecutor.java:293)
	at java.util.concurrent.ThreadPoolExecutor.runWorker(ThreadPoolExecutor.java:1142)
	at java.util.concurrent.ThreadPoolExecutor$Worker.run(ThreadPoolExecutor.java:617)
	at java.lang.Thread.run(Thread.java:748)
2025-03-26 01:02:52,354 ERROR [com.alibaba.nacos.client.Worker.longPolling.fixed-192.168.128.130_8848-xczx][ServerHttpAgent.java:169] - [NACOS SocketTimeoutException httpPost] currentServerAddr: http://192.168.128.130:8848， err : connect timed out
2025-03-26 01:02:53,424 ERROR [com.alibaba.nacos.naming.beat.sender][NamingProxy.java:617] - [NA] failed to request
java.net.SocketTimeoutException: connect timed out
	at java.net.DualStackPlainSocketImpl.waitForConnect(Native Method)
	at java.net.DualStackPlainSocketImpl.socketConnect(DualStackPlainSocketImpl.java:85)
	at java.net.AbstractPlainSocketImpl.doConnect(AbstractPlainSocketImpl.java:350)
	at java.net.AbstractPlainSocketImpl.connectToAddress(AbstractPlainSocketImpl.java:206)
	at java.net.AbstractPlainSocketImpl.connect(AbstractPlainSocketImpl.java:188)
	at java.net.PlainSocketImpl.connect(PlainSocketImpl.java:172)
	at java.net.SocksSocketImpl.connect(SocksSocketImpl.java:392)
	at java.net.Socket.connect(Socket.java:589)
	at sun.net.NetworkClient.doConnect(NetworkClient.java:175)
	at sun.net.www.http.HttpClient.openServer(HttpClient.java:463)
	at sun.net.www.http.HttpClient.openServer(HttpClient.java:558)
	at sun.net.www.http.HttpClient.<init>(HttpClient.java:242)
	at sun.net.www.http.HttpClient.New(HttpClient.java:339)
	at sun.net.www.http.HttpClient.New(HttpClient.java:357)
	at sun.net.www.protocol.http.HttpURLConnection.getNewHttpClient(HttpURLConnection.java:1202)
	at sun.net.www.protocol.http.HttpURLConnection.plainConnect0(HttpURLConnection.java:1138)
	at sun.net.www.protocol.http.HttpURLConnection.plainConnect(HttpURLConnection.java:1032)
	at sun.net.www.protocol.http.HttpURLConnection.connect(HttpURLConnection.java:966)
	at com.alibaba.nacos.common.http.client.request.JdkHttpClientRequest.execute(JdkHttpClientRequest.java:112)
	at com.alibaba.nacos.common.http.client.NacosRestTemplate.execute(NacosRestTemplate.java:482)
	at com.alibaba.nacos.common.http.client.NacosRestTemplate.exchangeForm(NacosRestTemplate.java:427)
	at com.alibaba.nacos.client.naming.net.NamingProxy.callServer(NamingProxy.java:603)
	at com.alibaba.nacos.client.naming.net.NamingProxy.reqApi(NamingProxy.java:526)
	at com.alibaba.nacos.client.naming.net.NamingProxy.reqApi(NamingProxy.java:498)
	at com.alibaba.nacos.client.naming.net.NamingProxy.sendBeat(NamingProxy.java:433)
	at com.alibaba.nacos.client.naming.beat.BeatReactor$BeatTask.run(BeatReactor.java:167)
	at java.util.concurrent.Executors$RunnableAdapter.call(Executors.java:511)
	at java.util.concurrent.FutureTask.run(FutureTask.java:266)
	at java.util.concurrent.ScheduledThreadPoolExecutor$ScheduledFutureTask.access$201(ScheduledThreadPoolExecutor.java:180)
	at java.util.concurrent.ScheduledThreadPoolExecutor$ScheduledFutureTask.run(ScheduledThreadPoolExecutor.java:293)
	at java.util.concurrent.ThreadPoolExecutor.runWorker(ThreadPoolExecutor.java:1142)
	at java.util.concurrent.ThreadPoolExecutor$Worker.run(ThreadPoolExecutor.java:617)
	at java.lang.Thread.run(Thread.java:748)
2025-03-26 01:02:55,358 ERROR [com.alibaba.nacos.client.Worker.longPolling.fixed-192.168.128.130_8848-xczx][ServerHttpAgent.java:169] - [NACOS SocketTimeoutException httpPost] currentServerAddr: http://192.168.128.130:8848， err : connect timed out
2025-03-26 01:02:56,429 ERROR [com.alibaba.nacos.naming.beat.sender][NamingProxy.java:617] - [NA] failed to request
java.net.SocketTimeoutException: connect timed out
	at java.net.DualStackPlainSocketImpl.waitForConnect(Native Method)
	at java.net.DualStackPlainSocketImpl.socketConnect(DualStackPlainSocketImpl.java:85)
	at java.net.AbstractPlainSocketImpl.doConnect(AbstractPlainSocketImpl.java:350)
	at java.net.AbstractPlainSocketImpl.connectToAddress(AbstractPlainSocketImpl.java:206)
	at java.net.AbstractPlainSocketImpl.connect(AbstractPlainSocketImpl.java:188)
	at java.net.PlainSocketImpl.connect(PlainSocketImpl.java:172)
	at java.net.SocksSocketImpl.connect(SocksSocketImpl.java:392)
	at java.net.Socket.connect(Socket.java:589)
	at sun.net.NetworkClient.doConnect(NetworkClient.java:175)
	at sun.net.www.http.HttpClient.openServer(HttpClient.java:463)
	at sun.net.www.http.HttpClient.openServer(HttpClient.java:558)
	at sun.net.www.http.HttpClient.<init>(HttpClient.java:242)
	at sun.net.www.http.HttpClient.New(HttpClient.java:339)
	at sun.net.www.http.HttpClient.New(HttpClient.java:357)
	at sun.net.www.protocol.http.HttpURLConnection.getNewHttpClient(HttpURLConnection.java:1202)
	at sun.net.www.protocol.http.HttpURLConnection.plainConnect0(HttpURLConnection.java:1138)
	at sun.net.www.protocol.http.HttpURLConnection.plainConnect(HttpURLConnection.java:1032)
	at sun.net.www.protocol.http.HttpURLConnection.connect(HttpURLConnection.java:966)
	at com.alibaba.nacos.common.http.client.request.JdkHttpClientRequest.execute(JdkHttpClientRequest.java:112)
	at com.alibaba.nacos.common.http.client.NacosRestTemplate.execute(NacosRestTemplate.java:482)
	at com.alibaba.nacos.common.http.client.NacosRestTemplate.exchangeForm(NacosRestTemplate.java:427)
	at com.alibaba.nacos.client.naming.net.NamingProxy.callServer(NamingProxy.java:603)
	at com.alibaba.nacos.client.naming.net.NamingProxy.reqApi(NamingProxy.java:526)
	at com.alibaba.nacos.client.naming.net.NamingProxy.reqApi(NamingProxy.java:498)
	at com.alibaba.nacos.client.naming.net.NamingProxy.sendBeat(NamingProxy.java:433)
	at com.alibaba.nacos.client.naming.beat.BeatReactor$BeatTask.run(BeatReactor.java:167)
	at java.util.concurrent.Executors$RunnableAdapter.call(Executors.java:511)
	at java.util.concurrent.FutureTask.run(FutureTask.java:266)
	at java.util.concurrent.ScheduledThreadPoolExecutor$ScheduledFutureTask.access$201(ScheduledThreadPoolExecutor.java:180)
	at java.util.concurrent.ScheduledThreadPoolExecutor$ScheduledFutureTask.run(ScheduledThreadPoolExecutor.java:293)
	at java.util.concurrent.ThreadPoolExecutor.runWorker(ThreadPoolExecutor.java:1142)
	at java.util.concurrent.ThreadPoolExecutor$Worker.run(ThreadPoolExecutor.java:617)
	at java.lang.Thread.run(Thread.java:748)
2025-03-26 01:02:56,429 ERROR [com.alibaba.nacos.naming.beat.sender][NamingProxy.java:552] - request: /nacos/v1/ns/instance/beat failed, servers: [192.168.128.130:8848], code: 500, msg: connect timed out
2025-03-26 01:02:56,429 ERROR [com.alibaba.nacos.naming.beat.sender][BeatReactor.java:198] - [CLIENT-BEAT] failed to send beat: {"port":63045,"ip":"10.65.24.129","weight":1.0,"serviceName":"group001@@system-service","cluster":"DEFAULT","metadata":{"preserved.register.source":"SPRING_CLOUD"},"scheduled":false,"period":5000,"stopped":false}, code: 500, msg: failed to req API:/nacos/v1/ns/instance/beat after all servers([192.168.128.130:8848]) tried: java.net.SocketTimeoutException: connect timed out
2025-03-26 01:02:58,365 ERROR [com.alibaba.nacos.client.Worker.longPolling.fixed-192.168.128.130_8848-xczx][ServerHttpAgent.java:169] - [NACOS SocketTimeoutException httpPost] currentServerAddr: http://192.168.128.130:8848， err : connect timed out
2025-03-26 01:02:58,367 ERROR [com.alibaba.nacos.client.Worker.longPolling.fixed-192.168.128.130_8848-xczx][ClientWorker.java:393] - [fixed-192.168.128.130_8848-xczx] [check-update] get changed dataId exception
java.net.ConnectException: [NACOS HTTP-POST] The maximum number of tolerable server reconnection errors has been reached
	at com.alibaba.nacos.client.config.http.ServerHttpAgent.httpPost(ServerHttpAgent.java:181)
	at com.alibaba.nacos.client.config.http.MetricsHttpAgent.httpPost(MetricsHttpAgent.java:67)
	at com.alibaba.nacos.client.config.impl.ClientWorker.checkUpdateConfigStr(ClientWorker.java:380)
	at com.alibaba.nacos.client.config.impl.ClientWorker.checkUpdateDataIds(ClientWorker.java:347)
	at com.alibaba.nacos.client.config.impl.ClientWorker$LongPollingRunnable.run(ClientWorker.java:535)
	at java.util.concurrent.Executors$RunnableAdapter.call(Executors.java:511)
	at java.util.concurrent.FutureTask.run(FutureTask.java:266)
	at java.util.concurrent.ScheduledThreadPoolExecutor$ScheduledFutureTask.access$201(ScheduledThreadPoolExecutor.java:180)
	at java.util.concurrent.ScheduledThreadPoolExecutor$ScheduledFutureTask.run(ScheduledThreadPoolExecutor.java:293)
	at java.util.concurrent.ThreadPoolExecutor.runWorker(ThreadPoolExecutor.java:1142)
	at java.util.concurrent.ThreadPoolExecutor$Worker.run(ThreadPoolExecutor.java:617)
	at java.lang.Thread.run(Thread.java:748)
2025-03-26 01:02:58,367 ERROR [com.alibaba.nacos.client.Worker.longPolling.fixed-192.168.128.130_8848-xczx][ClientWorker.java:580] - longPolling error : 
java.net.ConnectException: [NACOS HTTP-POST] The maximum number of tolerable server reconnection errors has been reached
	at com.alibaba.nacos.client.config.http.ServerHttpAgent.httpPost(ServerHttpAgent.java:181)
	at com.alibaba.nacos.client.config.http.MetricsHttpAgent.httpPost(MetricsHttpAgent.java:67)
	at com.alibaba.nacos.client.config.impl.ClientWorker.checkUpdateConfigStr(ClientWorker.java:380)
	at com.alibaba.nacos.client.config.impl.ClientWorker.checkUpdateDataIds(ClientWorker.java:347)
	at com.alibaba.nacos.client.config.impl.ClientWorker$LongPollingRunnable.run(ClientWorker.java:535)
	at java.util.concurrent.Executors$RunnableAdapter.call(Executors.java:511)
	at java.util.concurrent.FutureTask.run(FutureTask.java:266)
	at java.util.concurrent.ScheduledThreadPoolExecutor$ScheduledFutureTask.access$201(ScheduledThreadPoolExecutor.java:180)
	at java.util.concurrent.ScheduledThreadPoolExecutor$ScheduledFutureTask.run(ScheduledThreadPoolExecutor.java:293)
	at java.util.concurrent.ThreadPoolExecutor.runWorker(ThreadPoolExecutor.java:1142)
	at java.util.concurrent.ThreadPoolExecutor$Worker.run(ThreadPoolExecutor.java:617)
	at java.lang.Thread.run(Thread.java:748)
2025-03-26 01:03:02,813 ERROR [com.alibaba.nacos.client.naming.updater][NamingProxy.java:617] - [NA] failed to request
java.net.SocketTimeoutException: connect timed out
	at java.net.DualStackPlainSocketImpl.waitForConnect(Native Method)
	at java.net.DualStackPlainSocketImpl.socketConnect(DualStackPlainSocketImpl.java:85)
	at java.net.AbstractPlainSocketImpl.doConnect(AbstractPlainSocketImpl.java:350)
	at java.net.AbstractPlainSocketImpl.connectToAddress(AbstractPlainSocketImpl.java:206)
	at java.net.AbstractPlainSocketImpl.connect(AbstractPlainSocketImpl.java:188)
	at java.net.PlainSocketImpl.connect(PlainSocketImpl.java:172)
	at java.net.SocksSocketImpl.connect(SocksSocketImpl.java:392)
	at java.net.Socket.connect(Socket.java:589)
	at sun.net.NetworkClient.doConnect(NetworkClient.java:175)
	at sun.net.www.http.HttpClient.openServer(HttpClient.java:463)
	at sun.net.www.http.HttpClient.openServer(HttpClient.java:558)
	at sun.net.www.http.HttpClient.<init>(HttpClient.java:242)
	at sun.net.www.http.HttpClient.New(HttpClient.java:339)
	at sun.net.www.http.HttpClient.New(HttpClient.java:357)
	at sun.net.www.protocol.http.HttpURLConnection.getNewHttpClient(HttpURLConnection.java:1202)
	at sun.net.www.protocol.http.HttpURLConnection.plainConnect0(HttpURLConnection.java:1138)
	at sun.net.www.protocol.http.HttpURLConnection.plainConnect(HttpURLConnection.java:1032)
	at sun.net.www.protocol.http.HttpURLConnection.connect(HttpURLConnection.java:966)
	at com.alibaba.nacos.common.http.client.request.JdkHttpClientRequest.execute(JdkHttpClientRequest.java:112)
	at com.alibaba.nacos.common.http.client.NacosRestTemplate.execute(NacosRestTemplate.java:482)
	at com.alibaba.nacos.common.http.client.NacosRestTemplate.exchangeForm(NacosRestTemplate.java:427)
	at com.alibaba.nacos.client.naming.net.NamingProxy.callServer(NamingProxy.java:603)
	at com.alibaba.nacos.client.naming.net.NamingProxy.reqApi(NamingProxy.java:526)
	at com.alibaba.nacos.client.naming.net.NamingProxy.reqApi(NamingProxy.java:498)
	at com.alibaba.nacos.client.naming.net.NamingProxy.reqApi(NamingProxy.java:493)
	at com.alibaba.nacos.client.naming.net.NamingProxy.queryList(NamingProxy.java:407)
	at com.alibaba.nacos.client.naming.core.HostReactor.updateService(HostReactor.java:382)
	at com.alibaba.nacos.client.naming.core.HostReactor$UpdateTask.run(HostReactor.java:464)
	at java.util.concurrent.Executors$RunnableAdapter.call(Executors.java:511)
	at java.util.concurrent.FutureTask.run(FutureTask.java:266)
	at java.util.concurrent.ScheduledThreadPoolExecutor$ScheduledFutureTask.access$201(ScheduledThreadPoolExecutor.java:180)
	at java.util.concurrent.ScheduledThreadPoolExecutor$ScheduledFutureTask.run(ScheduledThreadPoolExecutor.java:293)
	at java.util.concurrent.ThreadPoolExecutor.runWorker(ThreadPoolExecutor.java:1142)
	at java.util.concurrent.ThreadPoolExecutor$Worker.run(ThreadPoolExecutor.java:617)
	at java.lang.Thread.run(Thread.java:748)
2025-03-26 01:03:03,385 ERROR [com.alibaba.nacos.client.Worker.longPolling.fixed-192.168.128.130_8848-xczx][ServerHttpAgent.java:169] - [NACOS SocketTimeoutException httpPost] currentServerAddr: http://192.168.128.130:8848， err : connect timed out
2025-03-26 01:03:04,452 ERROR [com.alibaba.nacos.naming.beat.sender][NamingProxy.java:617] - [NA] failed to request
java.net.SocketTimeoutException: connect timed out
	at java.net.DualStackPlainSocketImpl.waitForConnect(Native Method)
	at java.net.DualStackPlainSocketImpl.socketConnect(DualStackPlainSocketImpl.java:85)
	at java.net.AbstractPlainSocketImpl.doConnect(AbstractPlainSocketImpl.java:350)
	at java.net.AbstractPlainSocketImpl.connectToAddress(AbstractPlainSocketImpl.java:206)
	at java.net.AbstractPlainSocketImpl.connect(AbstractPlainSocketImpl.java:188)
	at java.net.PlainSocketImpl.connect(PlainSocketImpl.java:172)
	at java.net.SocksSocketImpl.connect(SocksSocketImpl.java:392)
	at java.net.Socket.connect(Socket.java:589)
	at sun.net.NetworkClient.doConnect(NetworkClient.java:175)
	at sun.net.www.http.HttpClient.openServer(HttpClient.java:463)
	at sun.net.www.http.HttpClient.openServer(HttpClient.java:558)
	at sun.net.www.http.HttpClient.<init>(HttpClient.java:242)
	at sun.net.www.http.HttpClient.New(HttpClient.java:339)
	at sun.net.www.http.HttpClient.New(HttpClient.java:357)
	at sun.net.www.protocol.http.HttpURLConnection.getNewHttpClient(HttpURLConnection.java:1202)
	at sun.net.www.protocol.http.HttpURLConnection.plainConnect0(HttpURLConnection.java:1138)
	at sun.net.www.protocol.http.HttpURLConnection.plainConnect(HttpURLConnection.java:1032)
	at sun.net.www.protocol.http.HttpURLConnection.connect(HttpURLConnection.java:966)
	at com.alibaba.nacos.common.http.client.request.JdkHttpClientRequest.execute(JdkHttpClientRequest.java:112)
	at com.alibaba.nacos.common.http.client.NacosRestTemplate.execute(NacosRestTemplate.java:482)
	at com.alibaba.nacos.common.http.client.NacosRestTemplate.exchangeForm(NacosRestTemplate.java:427)
	at com.alibaba.nacos.client.naming.net.NamingProxy.callServer(NamingProxy.java:603)
	at com.alibaba.nacos.client.naming.net.NamingProxy.reqApi(NamingProxy.java:526)
	at com.alibaba.nacos.client.naming.net.NamingProxy.reqApi(NamingProxy.java:498)
	at com.alibaba.nacos.client.naming.net.NamingProxy.sendBeat(NamingProxy.java:433)
	at com.alibaba.nacos.client.naming.beat.BeatReactor$BeatTask.run(BeatReactor.java:167)
	at java.util.concurrent.Executors$RunnableAdapter.call(Executors.java:511)
	at java.util.concurrent.FutureTask.run(FutureTask.java:266)
	at java.util.concurrent.ScheduledThreadPoolExecutor$ScheduledFutureTask.access$201(ScheduledThreadPoolExecutor.java:180)
	at java.util.concurrent.ScheduledThreadPoolExecutor$ScheduledFutureTask.run(ScheduledThreadPoolExecutor.java:293)
	at java.util.concurrent.ThreadPoolExecutor.runWorker(ThreadPoolExecutor.java:1142)
	at java.util.concurrent.ThreadPoolExecutor$Worker.run(ThreadPoolExecutor.java:617)
	at java.lang.Thread.run(Thread.java:748)
2025-03-26 01:03:05,826 ERROR [com.alibaba.nacos.client.naming.updater][NamingProxy.java:617] - [NA] failed to request
java.net.SocketTimeoutException: connect timed out
	at java.net.DualStackPlainSocketImpl.waitForConnect(Native Method)
	at java.net.DualStackPlainSocketImpl.socketConnect(DualStackPlainSocketImpl.java:85)
	at java.net.AbstractPlainSocketImpl.doConnect(AbstractPlainSocketImpl.java:350)
	at java.net.AbstractPlainSocketImpl.connectToAddress(AbstractPlainSocketImpl.java:206)
	at java.net.AbstractPlainSocketImpl.connect(AbstractPlainSocketImpl.java:188)
	at java.net.PlainSocketImpl.connect(PlainSocketImpl.java:172)
	at java.net.SocksSocketImpl.connect(SocksSocketImpl.java:392)
	at java.net.Socket.connect(Socket.java:589)
	at sun.net.NetworkClient.doConnect(NetworkClient.java:175)
	at sun.net.www.http.HttpClient.openServer(HttpClient.java:463)
	at sun.net.www.http.HttpClient.openServer(HttpClient.java:558)
	at sun.net.www.http.HttpClient.<init>(HttpClient.java:242)
	at sun.net.www.http.HttpClient.New(HttpClient.java:339)
	at sun.net.www.http.HttpClient.New(HttpClient.java:357)
	at sun.net.www.protocol.http.HttpURLConnection.getNewHttpClient(HttpURLConnection.java:1202)
	at sun.net.www.protocol.http.HttpURLConnection.plainConnect0(HttpURLConnection.java:1138)
	at sun.net.www.protocol.http.HttpURLConnection.plainConnect(HttpURLConnection.java:1032)
	at sun.net.www.protocol.http.HttpURLConnection.connect(HttpURLConnection.java:966)
	at com.alibaba.nacos.common.http.client.request.JdkHttpClientRequest.execute(JdkHttpClientRequest.java:112)
	at com.alibaba.nacos.common.http.client.NacosRestTemplate.execute(NacosRestTemplate.java:482)
	at com.alibaba.nacos.common.http.client.NacosRestTemplate.exchangeForm(NacosRestTemplate.java:427)
	at com.alibaba.nacos.client.naming.net.NamingProxy.callServer(NamingProxy.java:603)
	at com.alibaba.nacos.client.naming.net.NamingProxy.reqApi(NamingProxy.java:526)
	at com.alibaba.nacos.client.naming.net.NamingProxy.reqApi(NamingProxy.java:498)
	at com.alibaba.nacos.client.naming.net.NamingProxy.reqApi(NamingProxy.java:493)
	at com.alibaba.nacos.client.naming.net.NamingProxy.queryList(NamingProxy.java:407)
	at com.alibaba.nacos.client.naming.core.HostReactor.updateService(HostReactor.java:382)
	at com.alibaba.nacos.client.naming.core.HostReactor$UpdateTask.run(HostReactor.java:464)
	at java.util.concurrent.Executors$RunnableAdapter.call(Executors.java:511)
	at java.util.concurrent.FutureTask.run(FutureTask.java:266)
	at java.util.concurrent.ScheduledThreadPoolExecutor$ScheduledFutureTask.access$201(ScheduledThreadPoolExecutor.java:180)
	at java.util.concurrent.ScheduledThreadPoolExecutor$ScheduledFutureTask.run(ScheduledThreadPoolExecutor.java:293)
	at java.util.concurrent.ThreadPoolExecutor.runWorker(ThreadPoolExecutor.java:1142)
	at java.util.concurrent.ThreadPoolExecutor$Worker.run(ThreadPoolExecutor.java:617)
	at java.lang.Thread.run(Thread.java:748)
2025-03-26 01:03:06,403 ERROR [com.alibaba.nacos.client.Worker.longPolling.fixed-192.168.128.130_8848-xczx][ServerHttpAgent.java:169] - [NACOS SocketTimeoutException httpPost] currentServerAddr: http://192.168.128.130:8848， err : connect timed out
2025-03-26 01:03:07,456 ERROR [com.alibaba.nacos.naming.beat.sender][NamingProxy.java:617] - [NA] failed to request
java.net.SocketTimeoutException: connect timed out
	at java.net.DualStackPlainSocketImpl.waitForConnect(Native Method)
	at java.net.DualStackPlainSocketImpl.socketConnect(DualStackPlainSocketImpl.java:85)
	at java.net.AbstractPlainSocketImpl.doConnect(AbstractPlainSocketImpl.java:350)
	at java.net.AbstractPlainSocketImpl.connectToAddress(AbstractPlainSocketImpl.java:206)
	at java.net.AbstractPlainSocketImpl.connect(AbstractPlainSocketImpl.java:188)
	at java.net.PlainSocketImpl.connect(PlainSocketImpl.java:172)
	at java.net.SocksSocketImpl.connect(SocksSocketImpl.java:392)
	at java.net.Socket.connect(Socket.java:589)
	at sun.net.NetworkClient.doConnect(NetworkClient.java:175)
	at sun.net.www.http.HttpClient.openServer(HttpClient.java:463)
	at sun.net.www.http.HttpClient.openServer(HttpClient.java:558)
	at sun.net.www.http.HttpClient.<init>(HttpClient.java:242)
	at sun.net.www.http.HttpClient.New(HttpClient.java:339)
	at sun.net.www.http.HttpClient.New(HttpClient.java:357)
	at sun.net.www.protocol.http.HttpURLConnection.getNewHttpClient(HttpURLConnection.java:1202)
	at sun.net.www.protocol.http.HttpURLConnection.plainConnect0(HttpURLConnection.java:1138)
	at sun.net.www.protocol.http.HttpURLConnection.plainConnect(HttpURLConnection.java:1032)
	at sun.net.www.protocol.http.HttpURLConnection.connect(HttpURLConnection.java:966)
	at com.alibaba.nacos.common.http.client.request.JdkHttpClientRequest.execute(JdkHttpClientRequest.java:112)
	at com.alibaba.nacos.common.http.client.NacosRestTemplate.execute(NacosRestTemplate.java:482)
	at com.alibaba.nacos.common.http.client.NacosRestTemplate.exchangeForm(NacosRestTemplate.java:427)
	at com.alibaba.nacos.client.naming.net.NamingProxy.callServer(NamingProxy.java:603)
	at com.alibaba.nacos.client.naming.net.NamingProxy.reqApi(NamingProxy.java:526)
	at com.alibaba.nacos.client.naming.net.NamingProxy.reqApi(NamingProxy.java:498)
	at com.alibaba.nacos.client.naming.net.NamingProxy.sendBeat(NamingProxy.java:433)
	at com.alibaba.nacos.client.naming.beat.BeatReactor$BeatTask.run(BeatReactor.java:167)
	at java.util.concurrent.Executors$RunnableAdapter.call(Executors.java:511)
	at java.util.concurrent.FutureTask.run(FutureTask.java:266)
	at java.util.concurrent.ScheduledThreadPoolExecutor$ScheduledFutureTask.access$201(ScheduledThreadPoolExecutor.java:180)
	at java.util.concurrent.ScheduledThreadPoolExecutor$ScheduledFutureTask.run(ScheduledThreadPoolExecutor.java:293)
	at java.util.concurrent.ThreadPoolExecutor.runWorker(ThreadPoolExecutor.java:1142)
	at java.util.concurrent.ThreadPoolExecutor$Worker.run(ThreadPoolExecutor.java:617)
	at java.lang.Thread.run(Thread.java:748)
2025-03-26 01:03:08,831 ERROR [com.alibaba.nacos.client.naming.updater][NamingProxy.java:617] - [NA] failed to request
java.net.SocketTimeoutException: connect timed out
	at java.net.DualStackPlainSocketImpl.waitForConnect(Native Method)
	at java.net.DualStackPlainSocketImpl.socketConnect(DualStackPlainSocketImpl.java:85)
	at java.net.AbstractPlainSocketImpl.doConnect(AbstractPlainSocketImpl.java:350)
	at java.net.AbstractPlainSocketImpl.connectToAddress(AbstractPlainSocketImpl.java:206)
	at java.net.AbstractPlainSocketImpl.connect(AbstractPlainSocketImpl.java:188)
	at java.net.PlainSocketImpl.connect(PlainSocketImpl.java:172)
	at java.net.SocksSocketImpl.connect(SocksSocketImpl.java:392)
	at java.net.Socket.connect(Socket.java:589)
	at sun.net.NetworkClient.doConnect(NetworkClient.java:175)
	at sun.net.www.http.HttpClient.openServer(HttpClient.java:463)
	at sun.net.www.http.HttpClient.openServer(HttpClient.java:558)
	at sun.net.www.http.HttpClient.<init>(HttpClient.java:242)
	at sun.net.www.http.HttpClient.New(HttpClient.java:339)
	at sun.net.www.http.HttpClient.New(HttpClient.java:357)
	at sun.net.www.protocol.http.HttpURLConnection.getNewHttpClient(HttpURLConnection.java:1202)
	at sun.net.www.protocol.http.HttpURLConnection.plainConnect0(HttpURLConnection.java:1138)
	at sun.net.www.protocol.http.HttpURLConnection.plainConnect(HttpURLConnection.java:1032)
	at sun.net.www.protocol.http.HttpURLConnection.connect(HttpURLConnection.java:966)
	at com.alibaba.nacos.common.http.client.request.JdkHttpClientRequest.execute(JdkHttpClientRequest.java:112)
	at com.alibaba.nacos.common.http.client.NacosRestTemplate.execute(NacosRestTemplate.java:482)
	at com.alibaba.nacos.common.http.client.NacosRestTemplate.exchangeForm(NacosRestTemplate.java:427)
	at com.alibaba.nacos.client.naming.net.NamingProxy.callServer(NamingProxy.java:603)
	at com.alibaba.nacos.client.naming.net.NamingProxy.reqApi(NamingProxy.java:526)
	at com.alibaba.nacos.client.naming.net.NamingProxy.reqApi(NamingProxy.java:498)
	at com.alibaba.nacos.client.naming.net.NamingProxy.reqApi(NamingProxy.java:493)
	at com.alibaba.nacos.client.naming.net.NamingProxy.queryList(NamingProxy.java:407)
	at com.alibaba.nacos.client.naming.core.HostReactor.updateService(HostReactor.java:382)
	at com.alibaba.nacos.client.naming.core.HostReactor$UpdateTask.run(HostReactor.java:464)
	at java.util.concurrent.Executors$RunnableAdapter.call(Executors.java:511)
	at java.util.concurrent.FutureTask.run(FutureTask.java:266)
	at java.util.concurrent.ScheduledThreadPoolExecutor$ScheduledFutureTask.access$201(ScheduledThreadPoolExecutor.java:180)
	at java.util.concurrent.ScheduledThreadPoolExecutor$ScheduledFutureTask.run(ScheduledThreadPoolExecutor.java:293)
	at java.util.concurrent.ThreadPoolExecutor.runWorker(ThreadPoolExecutor.java:1142)
	at java.util.concurrent.ThreadPoolExecutor$Worker.run(ThreadPoolExecutor.java:617)
	at java.lang.Thread.run(Thread.java:748)
2025-03-26 01:03:08,832 ERROR [com.alibaba.nacos.client.naming.updater][NamingProxy.java:552] - request: /nacos/v1/ns/instance/list failed, servers: [192.168.128.130:8848], code: 500, msg: connect timed out
2025-03-26 01:03:09,422 ERROR [com.alibaba.nacos.client.Worker.longPolling.fixed-192.168.128.130_8848-xczx][ServerHttpAgent.java:169] - [NACOS SocketTimeoutException httpPost] currentServerAddr: http://192.168.128.130:8848， err : connect timed out
2025-03-26 01:03:10,473 ERROR [com.alibaba.nacos.naming.beat.sender][NamingProxy.java:617] - [NA] failed to request
java.net.SocketTimeoutException: connect timed out
	at java.net.DualStackPlainSocketImpl.waitForConnect(Native Method)
	at java.net.DualStackPlainSocketImpl.socketConnect(DualStackPlainSocketImpl.java:85)
	at java.net.AbstractPlainSocketImpl.doConnect(AbstractPlainSocketImpl.java:350)
	at java.net.AbstractPlainSocketImpl.connectToAddress(AbstractPlainSocketImpl.java:206)
	at java.net.AbstractPlainSocketImpl.connect(AbstractPlainSocketImpl.java:188)
	at java.net.PlainSocketImpl.connect(PlainSocketImpl.java:172)
	at java.net.SocksSocketImpl.connect(SocksSocketImpl.java:392)
	at java.net.Socket.connect(Socket.java:589)
	at sun.net.NetworkClient.doConnect(NetworkClient.java:175)
	at sun.net.www.http.HttpClient.openServer(HttpClient.java:463)
	at sun.net.www.http.HttpClient.openServer(HttpClient.java:558)
	at sun.net.www.http.HttpClient.<init>(HttpClient.java:242)
	at sun.net.www.http.HttpClient.New(HttpClient.java:339)
	at sun.net.www.http.HttpClient.New(HttpClient.java:357)
	at sun.net.www.protocol.http.HttpURLConnection.getNewHttpClient(HttpURLConnection.java:1202)
	at sun.net.www.protocol.http.HttpURLConnection.plainConnect0(HttpURLConnection.java:1138)
	at sun.net.www.protocol.http.HttpURLConnection.plainConnect(HttpURLConnection.java:1032)
	at sun.net.www.protocol.http.HttpURLConnection.connect(HttpURLConnection.java:966)
	at com.alibaba.nacos.common.http.client.request.JdkHttpClientRequest.execute(JdkHttpClientRequest.java:112)
	at com.alibaba.nacos.common.http.client.NacosRestTemplate.execute(NacosRestTemplate.java:482)
	at com.alibaba.nacos.common.http.client.NacosRestTemplate.exchangeForm(NacosRestTemplate.java:427)
	at com.alibaba.nacos.client.naming.net.NamingProxy.callServer(NamingProxy.java:603)
	at com.alibaba.nacos.client.naming.net.NamingProxy.reqApi(NamingProxy.java:526)
	at com.alibaba.nacos.client.naming.net.NamingProxy.reqApi(NamingProxy.java:498)
	at com.alibaba.nacos.client.naming.net.NamingProxy.sendBeat(NamingProxy.java:433)
	at com.alibaba.nacos.client.naming.beat.BeatReactor$BeatTask.run(BeatReactor.java:167)
	at java.util.concurrent.Executors$RunnableAdapter.call(Executors.java:511)
	at java.util.concurrent.FutureTask.run(FutureTask.java:266)
	at java.util.concurrent.ScheduledThreadPoolExecutor$ScheduledFutureTask.access$201(ScheduledThreadPoolExecutor.java:180)
	at java.util.concurrent.ScheduledThreadPoolExecutor$ScheduledFutureTask.run(ScheduledThreadPoolExecutor.java:293)
	at java.util.concurrent.ThreadPoolExecutor.runWorker(ThreadPoolExecutor.java:1142)
	at java.util.concurrent.ThreadPoolExecutor$Worker.run(ThreadPoolExecutor.java:617)
	at java.lang.Thread.run(Thread.java:748)
2025-03-26 01:03:10,474 ERROR [com.alibaba.nacos.naming.beat.sender][NamingProxy.java:552] - request: /nacos/v1/ns/instance/beat failed, servers: [192.168.128.130:8848], code: 500, msg: connect timed out
2025-03-26 01:03:10,474 ERROR [com.alibaba.nacos.naming.beat.sender][BeatReactor.java:198] - [CLIENT-BEAT] failed to send beat: {"port":63045,"ip":"10.65.24.129","weight":1.0,"serviceName":"group001@@system-service","cluster":"DEFAULT","metadata":{"preserved.register.source":"SPRING_CLOUD"},"scheduled":false,"period":5000,"stopped":false}, code: 500, msg: failed to req API:/nacos/v1/ns/instance/beat after all servers([192.168.128.130:8848]) tried: java.net.SocketTimeoutException: connect timed out
2025-03-26 01:03:12,427 ERROR [com.alibaba.nacos.client.Worker.longPolling.fixed-192.168.128.130_8848-xczx][ServerHttpAgent.java:169] - [NACOS SocketTimeoutException httpPost] currentServerAddr: http://192.168.128.130:8848， err : connect timed out
2025-03-26 01:03:12,428 ERROR [com.alibaba.nacos.client.Worker.longPolling.fixed-192.168.128.130_8848-xczx][ClientWorker.java:393] - [fixed-192.168.128.130_8848-xczx] [check-update] get changed dataId exception
java.net.ConnectException: [NACOS HTTP-POST] The maximum number of tolerable server reconnection errors has been reached
	at com.alibaba.nacos.client.config.http.ServerHttpAgent.httpPost(ServerHttpAgent.java:181)
	at com.alibaba.nacos.client.config.http.MetricsHttpAgent.httpPost(MetricsHttpAgent.java:67)
	at com.alibaba.nacos.client.config.impl.ClientWorker.checkUpdateConfigStr(ClientWorker.java:380)
	at com.alibaba.nacos.client.config.impl.ClientWorker.checkUpdateDataIds(ClientWorker.java:347)
	at com.alibaba.nacos.client.config.impl.ClientWorker$LongPollingRunnable.run(ClientWorker.java:535)
	at java.util.concurrent.Executors$RunnableAdapter.call(Executors.java:511)
	at java.util.concurrent.FutureTask.run(FutureTask.java:266)
	at java.util.concurrent.ScheduledThreadPoolExecutor$ScheduledFutureTask.access$201(ScheduledThreadPoolExecutor.java:180)
	at java.util.concurrent.ScheduledThreadPoolExecutor$ScheduledFutureTask.run(ScheduledThreadPoolExecutor.java:293)
	at java.util.concurrent.ThreadPoolExecutor.runWorker(ThreadPoolExecutor.java:1142)
	at java.util.concurrent.ThreadPoolExecutor$Worker.run(ThreadPoolExecutor.java:617)
	at java.lang.Thread.run(Thread.java:748)
2025-03-26 01:03:12,428 ERROR [com.alibaba.nacos.client.Worker.longPolling.fixed-192.168.128.130_8848-xczx][ClientWorker.java:580] - longPolling error : 
java.net.ConnectException: [NACOS HTTP-POST] The maximum number of tolerable server reconnection errors has been reached
	at com.alibaba.nacos.client.config.http.ServerHttpAgent.httpPost(ServerHttpAgent.java:181)
	at com.alibaba.nacos.client.config.http.MetricsHttpAgent.httpPost(MetricsHttpAgent.java:67)
	at com.alibaba.nacos.client.config.impl.ClientWorker.checkUpdateConfigStr(ClientWorker.java:380)
	at com.alibaba.nacos.client.config.impl.ClientWorker.checkUpdateDataIds(ClientWorker.java:347)
	at com.alibaba.nacos.client.config.impl.ClientWorker$LongPollingRunnable.run(ClientWorker.java:535)
	at java.util.concurrent.Executors$RunnableAdapter.call(Executors.java:511)
	at java.util.concurrent.FutureTask.run(FutureTask.java:266)
	at java.util.concurrent.ScheduledThreadPoolExecutor$ScheduledFutureTask.access$201(ScheduledThreadPoolExecutor.java:180)
	at java.util.concurrent.ScheduledThreadPoolExecutor$ScheduledFutureTask.run(ScheduledThreadPoolExecutor.java:293)
	at java.util.concurrent.ThreadPoolExecutor.runWorker(ThreadPoolExecutor.java:1142)
	at java.util.concurrent.ThreadPoolExecutor$Worker.run(ThreadPoolExecutor.java:617)
	at java.lang.Thread.run(Thread.java:748)
2025-03-26 01:03:17,445 ERROR [com.alibaba.nacos.client.Worker.longPolling.fixed-192.168.128.130_8848-xczx][ServerHttpAgent.java:169] - [NACOS SocketTimeoutException httpPost] currentServerAddr: http://192.168.128.130:8848， err : connect timed out
2025-03-26 01:03:18,485 ERROR [com.alibaba.nacos.naming.beat.sender][NamingProxy.java:617] - [NA] failed to request
java.net.SocketTimeoutException: connect timed out
	at java.net.DualStackPlainSocketImpl.waitForConnect(Native Method)
	at java.net.DualStackPlainSocketImpl.socketConnect(DualStackPlainSocketImpl.java:85)
	at java.net.AbstractPlainSocketImpl.doConnect(AbstractPlainSocketImpl.java:350)
	at java.net.AbstractPlainSocketImpl.connectToAddress(AbstractPlainSocketImpl.java:206)
	at java.net.AbstractPlainSocketImpl.connect(AbstractPlainSocketImpl.java:188)
	at java.net.PlainSocketImpl.connect(PlainSocketImpl.java:172)
	at java.net.SocksSocketImpl.connect(SocksSocketImpl.java:392)
	at java.net.Socket.connect(Socket.java:589)
	at sun.net.NetworkClient.doConnect(NetworkClient.java:175)
	at sun.net.www.http.HttpClient.openServer(HttpClient.java:463)
	at sun.net.www.http.HttpClient.openServer(HttpClient.java:558)
	at sun.net.www.http.HttpClient.<init>(HttpClient.java:242)
	at sun.net.www.http.HttpClient.New(HttpClient.java:339)
	at sun.net.www.http.HttpClient.New(HttpClient.java:357)
	at sun.net.www.protocol.http.HttpURLConnection.getNewHttpClient(HttpURLConnection.java:1202)
	at sun.net.www.protocol.http.HttpURLConnection.plainConnect0(HttpURLConnection.java:1138)
	at sun.net.www.protocol.http.HttpURLConnection.plainConnect(HttpURLConnection.java:1032)
	at sun.net.www.protocol.http.HttpURLConnection.connect(HttpURLConnection.java:966)
	at com.alibaba.nacos.common.http.client.request.JdkHttpClientRequest.execute(JdkHttpClientRequest.java:112)
	at com.alibaba.nacos.common.http.client.NacosRestTemplate.execute(NacosRestTemplate.java:482)
	at com.alibaba.nacos.common.http.client.NacosRestTemplate.exchangeForm(NacosRestTemplate.java:427)
	at com.alibaba.nacos.client.naming.net.NamingProxy.callServer(NamingProxy.java:603)
	at com.alibaba.nacos.client.naming.net.NamingProxy.reqApi(NamingProxy.java:526)
	at com.alibaba.nacos.client.naming.net.NamingProxy.reqApi(NamingProxy.java:498)
	at com.alibaba.nacos.client.naming.net.NamingProxy.sendBeat(NamingProxy.java:433)
	at com.alibaba.nacos.client.naming.beat.BeatReactor$BeatTask.run(BeatReactor.java:167)
	at java.util.concurrent.Executors$RunnableAdapter.call(Executors.java:511)
	at java.util.concurrent.FutureTask.run(FutureTask.java:266)
	at java.util.concurrent.ScheduledThreadPoolExecutor$ScheduledFutureTask.access$201(ScheduledThreadPoolExecutor.java:180)
	at java.util.concurrent.ScheduledThreadPoolExecutor$ScheduledFutureTask.run(ScheduledThreadPoolExecutor.java:293)
	at java.util.concurrent.ThreadPoolExecutor.runWorker(ThreadPoolExecutor.java:1142)
	at java.util.concurrent.ThreadPoolExecutor$Worker.run(ThreadPoolExecutor.java:617)
	at java.lang.Thread.run(Thread.java:748)
2025-03-26 01:03:20,452 ERROR [com.alibaba.nacos.client.Worker.longPolling.fixed-192.168.128.130_8848-xczx][ServerHttpAgent.java:169] - [NACOS SocketTimeoutException httpPost] currentServerAddr: http://192.168.128.130:8848， err : connect timed out
2025-03-26 01:03:21,503 ERROR [com.alibaba.nacos.naming.beat.sender][NamingProxy.java:617] - [NA] failed to request
java.net.SocketTimeoutException: connect timed out
	at java.net.DualStackPlainSocketImpl.waitForConnect(Native Method)
	at java.net.DualStackPlainSocketImpl.socketConnect(DualStackPlainSocketImpl.java:85)
	at java.net.AbstractPlainSocketImpl.doConnect(AbstractPlainSocketImpl.java:350)
	at java.net.AbstractPlainSocketImpl.connectToAddress(AbstractPlainSocketImpl.java:206)
	at java.net.AbstractPlainSocketImpl.connect(AbstractPlainSocketImpl.java:188)
	at java.net.PlainSocketImpl.connect(PlainSocketImpl.java:172)
	at java.net.SocksSocketImpl.connect(SocksSocketImpl.java:392)
	at java.net.Socket.connect(Socket.java:589)
	at sun.net.NetworkClient.doConnect(NetworkClient.java:175)
	at sun.net.www.http.HttpClient.openServer(HttpClient.java:463)
	at sun.net.www.http.HttpClient.openServer(HttpClient.java:558)
	at sun.net.www.http.HttpClient.<init>(HttpClient.java:242)
	at sun.net.www.http.HttpClient.New(HttpClient.java:339)
	at sun.net.www.http.HttpClient.New(HttpClient.java:357)
	at sun.net.www.protocol.http.HttpURLConnection.getNewHttpClient(HttpURLConnection.java:1202)
	at sun.net.www.protocol.http.HttpURLConnection.plainConnect0(HttpURLConnection.java:1138)
	at sun.net.www.protocol.http.HttpURLConnection.plainConnect(HttpURLConnection.java:1032)
	at sun.net.www.protocol.http.HttpURLConnection.connect(HttpURLConnection.java:966)
	at com.alibaba.nacos.common.http.client.request.JdkHttpClientRequest.execute(JdkHttpClientRequest.java:112)
	at com.alibaba.nacos.common.http.client.NacosRestTemplate.execute(NacosRestTemplate.java:482)
	at com.alibaba.nacos.common.http.client.NacosRestTemplate.exchangeForm(NacosRestTemplate.java:427)
	at com.alibaba.nacos.client.naming.net.NamingProxy.callServer(NamingProxy.java:603)
	at com.alibaba.nacos.client.naming.net.NamingProxy.reqApi(NamingProxy.java:526)
	at com.alibaba.nacos.client.naming.net.NamingProxy.reqApi(NamingProxy.java:498)
	at com.alibaba.nacos.client.naming.net.NamingProxy.sendBeat(NamingProxy.java:433)
	at com.alibaba.nacos.client.naming.beat.BeatReactor$BeatTask.run(BeatReactor.java:167)
	at java.util.concurrent.Executors$RunnableAdapter.call(Executors.java:511)
	at java.util.concurrent.FutureTask.run(FutureTask.java:266)
	at java.util.concurrent.ScheduledThreadPoolExecutor$ScheduledFutureTask.access$201(ScheduledThreadPoolExecutor.java:180)
	at java.util.concurrent.ScheduledThreadPoolExecutor$ScheduledFutureTask.run(ScheduledThreadPoolExecutor.java:293)
	at java.util.concurrent.ThreadPoolExecutor.runWorker(ThreadPoolExecutor.java:1142)
	at java.util.concurrent.ThreadPoolExecutor$Worker.run(ThreadPoolExecutor.java:617)
	at java.lang.Thread.run(Thread.java:748)
2025-03-26 01:03:23,466 ERROR [com.alibaba.nacos.client.Worker.longPolling.fixed-192.168.128.130_8848-xczx][ServerHttpAgent.java:169] - [NACOS SocketTimeoutException httpPost] currentServerAddr: http://192.168.128.130:8848， err : connect timed out
2025-03-26 01:03:24,518 ERROR [com.alibaba.nacos.naming.beat.sender][NamingProxy.java:617] - [NA] failed to request
java.net.SocketTimeoutException: connect timed out
	at java.net.DualStackPlainSocketImpl.waitForConnect(Native Method)
	at java.net.DualStackPlainSocketImpl.socketConnect(DualStackPlainSocketImpl.java:85)
	at java.net.AbstractPlainSocketImpl.doConnect(AbstractPlainSocketImpl.java:350)
	at java.net.AbstractPlainSocketImpl.connectToAddress(AbstractPlainSocketImpl.java:206)
	at java.net.AbstractPlainSocketImpl.connect(AbstractPlainSocketImpl.java:188)
	at java.net.PlainSocketImpl.connect(PlainSocketImpl.java:172)
	at java.net.SocksSocketImpl.connect(SocksSocketImpl.java:392)
	at java.net.Socket.connect(Socket.java:589)
	at sun.net.NetworkClient.doConnect(NetworkClient.java:175)
	at sun.net.www.http.HttpClient.openServer(HttpClient.java:463)
	at sun.net.www.http.HttpClient.openServer(HttpClient.java:558)
	at sun.net.www.http.HttpClient.<init>(HttpClient.java:242)
	at sun.net.www.http.HttpClient.New(HttpClient.java:339)
	at sun.net.www.http.HttpClient.New(HttpClient.java:357)
	at sun.net.www.protocol.http.HttpURLConnection.getNewHttpClient(HttpURLConnection.java:1202)
	at sun.net.www.protocol.http.HttpURLConnection.plainConnect0(HttpURLConnection.java:1138)
	at sun.net.www.protocol.http.HttpURLConnection.plainConnect(HttpURLConnection.java:1032)
	at sun.net.www.protocol.http.HttpURLConnection.connect(HttpURLConnection.java:966)
	at com.alibaba.nacos.common.http.client.request.JdkHttpClientRequest.execute(JdkHttpClientRequest.java:112)
	at com.alibaba.nacos.common.http.client.NacosRestTemplate.execute(NacosRestTemplate.java:482)
	at com.alibaba.nacos.common.http.client.NacosRestTemplate.exchangeForm(NacosRestTemplate.java:427)
	at com.alibaba.nacos.client.naming.net.NamingProxy.callServer(NamingProxy.java:603)
	at com.alibaba.nacos.client.naming.net.NamingProxy.reqApi(NamingProxy.java:526)
	at com.alibaba.nacos.client.naming.net.NamingProxy.reqApi(NamingProxy.java:498)
	at com.alibaba.nacos.client.naming.net.NamingProxy.sendBeat(NamingProxy.java:433)
	at com.alibaba.nacos.client.naming.beat.BeatReactor$BeatTask.run(BeatReactor.java:167)
	at java.util.concurrent.Executors$RunnableAdapter.call(Executors.java:511)
	at java.util.concurrent.FutureTask.run(FutureTask.java:266)
	at java.util.concurrent.ScheduledThreadPoolExecutor$ScheduledFutureTask.access$201(ScheduledThreadPoolExecutor.java:180)
	at java.util.concurrent.ScheduledThreadPoolExecutor$ScheduledFutureTask.run(ScheduledThreadPoolExecutor.java:293)
	at java.util.concurrent.ThreadPoolExecutor.runWorker(ThreadPoolExecutor.java:1142)
	at java.util.concurrent.ThreadPoolExecutor$Worker.run(ThreadPoolExecutor.java:617)
	at java.lang.Thread.run(Thread.java:748)
2025-03-26 01:03:24,519 ERROR [com.alibaba.nacos.naming.beat.sender][NamingProxy.java:552] - request: /nacos/v1/ns/instance/beat failed, servers: [192.168.128.130:8848], code: 500, msg: connect timed out
2025-03-26 01:03:24,519 ERROR [com.alibaba.nacos.naming.beat.sender][BeatReactor.java:198] - [CLIENT-BEAT] failed to send beat: {"port":63045,"ip":"10.65.24.129","weight":1.0,"serviceName":"group001@@system-service","cluster":"DEFAULT","metadata":{"preserved.register.source":"SPRING_CLOUD"},"scheduled":false,"period":5000,"stopped":false}, code: 500, msg: failed to req API:/nacos/v1/ns/instance/beat after all servers([192.168.128.130:8848]) tried: java.net.SocketTimeoutException: connect timed out
2025-03-26 01:03:26,475 ERROR [com.alibaba.nacos.client.Worker.longPolling.fixed-192.168.128.130_8848-xczx][ServerHttpAgent.java:169] - [NACOS SocketTimeoutException httpPost] currentServerAddr: http://192.168.128.130:8848， err : connect timed out
2025-03-26 01:03:26,475 ERROR [com.alibaba.nacos.client.Worker.longPolling.fixed-192.168.128.130_8848-xczx][ClientWorker.java:393] - [fixed-192.168.128.130_8848-xczx] [check-update] get changed dataId exception
java.net.ConnectException: [NACOS HTTP-POST] The maximum number of tolerable server reconnection errors has been reached
	at com.alibaba.nacos.client.config.http.ServerHttpAgent.httpPost(ServerHttpAgent.java:181)
	at com.alibaba.nacos.client.config.http.MetricsHttpAgent.httpPost(MetricsHttpAgent.java:67)
	at com.alibaba.nacos.client.config.impl.ClientWorker.checkUpdateConfigStr(ClientWorker.java:380)
	at com.alibaba.nacos.client.config.impl.ClientWorker.checkUpdateDataIds(ClientWorker.java:347)
	at com.alibaba.nacos.client.config.impl.ClientWorker$LongPollingRunnable.run(ClientWorker.java:535)
	at java.util.concurrent.Executors$RunnableAdapter.call(Executors.java:511)
	at java.util.concurrent.FutureTask.run(FutureTask.java:266)
	at java.util.concurrent.ScheduledThreadPoolExecutor$ScheduledFutureTask.access$201(ScheduledThreadPoolExecutor.java:180)
	at java.util.concurrent.ScheduledThreadPoolExecutor$ScheduledFutureTask.run(ScheduledThreadPoolExecutor.java:293)
	at java.util.concurrent.ThreadPoolExecutor.runWorker(ThreadPoolExecutor.java:1142)
	at java.util.concurrent.ThreadPoolExecutor$Worker.run(ThreadPoolExecutor.java:617)
	at java.lang.Thread.run(Thread.java:748)
2025-03-26 01:03:26,476 ERROR [com.alibaba.nacos.client.Worker.longPolling.fixed-192.168.128.130_8848-xczx][ClientWorker.java:580] - longPolling error : 
java.net.ConnectException: [NACOS HTTP-POST] The maximum number of tolerable server reconnection errors has been reached
	at com.alibaba.nacos.client.config.http.ServerHttpAgent.httpPost(ServerHttpAgent.java:181)
	at com.alibaba.nacos.client.config.http.MetricsHttpAgent.httpPost(MetricsHttpAgent.java:67)
	at com.alibaba.nacos.client.config.impl.ClientWorker.checkUpdateConfigStr(ClientWorker.java:380)
	at com.alibaba.nacos.client.config.impl.ClientWorker.checkUpdateDataIds(ClientWorker.java:347)
	at com.alibaba.nacos.client.config.impl.ClientWorker$LongPollingRunnable.run(ClientWorker.java:535)
	at java.util.concurrent.Executors$RunnableAdapter.call(Executors.java:511)
	at java.util.concurrent.FutureTask.run(FutureTask.java:266)
	at java.util.concurrent.ScheduledThreadPoolExecutor$ScheduledFutureTask.access$201(ScheduledThreadPoolExecutor.java:180)
	at java.util.concurrent.ScheduledThreadPoolExecutor$ScheduledFutureTask.run(ScheduledThreadPoolExecutor.java:293)
	at java.util.concurrent.ThreadPoolExecutor.runWorker(ThreadPoolExecutor.java:1142)
	at java.util.concurrent.ThreadPoolExecutor$Worker.run(ThreadPoolExecutor.java:617)
	at java.lang.Thread.run(Thread.java:748)
2025-03-26 01:03:31,490 ERROR [com.alibaba.nacos.client.Worker.longPolling.fixed-192.168.128.130_8848-xczx][ServerHttpAgent.java:169] - [NACOS SocketTimeoutException httpPost] currentServerAddr: http://192.168.128.130:8848， err : connect timed out
2025-03-26 01:03:32,532 ERROR [com.alibaba.nacos.naming.beat.sender][NamingProxy.java:617] - [NA] failed to request
java.net.SocketTimeoutException: connect timed out
	at java.net.DualStackPlainSocketImpl.waitForConnect(Native Method)
	at java.net.DualStackPlainSocketImpl.socketConnect(DualStackPlainSocketImpl.java:85)
	at java.net.AbstractPlainSocketImpl.doConnect(AbstractPlainSocketImpl.java:350)
	at java.net.AbstractPlainSocketImpl.connectToAddress(AbstractPlainSocketImpl.java:206)
	at java.net.AbstractPlainSocketImpl.connect(AbstractPlainSocketImpl.java:188)
	at java.net.PlainSocketImpl.connect(PlainSocketImpl.java:172)
	at java.net.SocksSocketImpl.connect(SocksSocketImpl.java:392)
	at java.net.Socket.connect(Socket.java:589)
	at sun.net.NetworkClient.doConnect(NetworkClient.java:175)
	at sun.net.www.http.HttpClient.openServer(HttpClient.java:463)
	at sun.net.www.http.HttpClient.openServer(HttpClient.java:558)
	at sun.net.www.http.HttpClient.<init>(HttpClient.java:242)
	at sun.net.www.http.HttpClient.New(HttpClient.java:339)
	at sun.net.www.http.HttpClient.New(HttpClient.java:357)
	at sun.net.www.protocol.http.HttpURLConnection.getNewHttpClient(HttpURLConnection.java:1202)
	at sun.net.www.protocol.http.HttpURLConnection.plainConnect0(HttpURLConnection.java:1138)
	at sun.net.www.protocol.http.HttpURLConnection.plainConnect(HttpURLConnection.java:1032)
	at sun.net.www.protocol.http.HttpURLConnection.connect(HttpURLConnection.java:966)
	at com.alibaba.nacos.common.http.client.request.JdkHttpClientRequest.execute(JdkHttpClientRequest.java:112)
	at com.alibaba.nacos.common.http.client.NacosRestTemplate.execute(NacosRestTemplate.java:482)
	at com.alibaba.nacos.common.http.client.NacosRestTemplate.exchangeForm(NacosRestTemplate.java:427)
	at com.alibaba.nacos.client.naming.net.NamingProxy.callServer(NamingProxy.java:603)
	at com.alibaba.nacos.client.naming.net.NamingProxy.reqApi(NamingProxy.java:526)
	at com.alibaba.nacos.client.naming.net.NamingProxy.reqApi(NamingProxy.java:498)
	at com.alibaba.nacos.client.naming.net.NamingProxy.sendBeat(NamingProxy.java:433)
	at com.alibaba.nacos.client.naming.beat.BeatReactor$BeatTask.run(BeatReactor.java:167)
	at java.util.concurrent.Executors$RunnableAdapter.call(Executors.java:511)
	at java.util.concurrent.FutureTask.run(FutureTask.java:266)
	at java.util.concurrent.ScheduledThreadPoolExecutor$ScheduledFutureTask.access$201(ScheduledThreadPoolExecutor.java:180)
	at java.util.concurrent.ScheduledThreadPoolExecutor$ScheduledFutureTask.run(ScheduledThreadPoolExecutor.java:293)
	at java.util.concurrent.ThreadPoolExecutor.runWorker(ThreadPoolExecutor.java:1142)
	at java.util.concurrent.ThreadPoolExecutor$Worker.run(ThreadPoolExecutor.java:617)
	at java.lang.Thread.run(Thread.java:748)
2025-03-26 01:03:34,491 ERROR [com.alibaba.nacos.client.Worker.longPolling.fixed-192.168.128.130_8848-xczx][ServerHttpAgent.java:169] - [NACOS SocketTimeoutException httpPost] currentServerAddr: http://192.168.128.130:8848， err : connect timed out
2025-03-26 01:03:35,544 ERROR [com.alibaba.nacos.naming.beat.sender][NamingProxy.java:617] - [NA] failed to request
java.net.SocketTimeoutException: connect timed out
	at java.net.DualStackPlainSocketImpl.waitForConnect(Native Method)
	at java.net.DualStackPlainSocketImpl.socketConnect(DualStackPlainSocketImpl.java:85)
	at java.net.AbstractPlainSocketImpl.doConnect(AbstractPlainSocketImpl.java:350)
	at java.net.AbstractPlainSocketImpl.connectToAddress(AbstractPlainSocketImpl.java:206)
	at java.net.AbstractPlainSocketImpl.connect(AbstractPlainSocketImpl.java:188)
	at java.net.PlainSocketImpl.connect(PlainSocketImpl.java:172)
	at java.net.SocksSocketImpl.connect(SocksSocketImpl.java:392)
	at java.net.Socket.connect(Socket.java:589)
	at sun.net.NetworkClient.doConnect(NetworkClient.java:175)
	at sun.net.www.http.HttpClient.openServer(HttpClient.java:463)
	at sun.net.www.http.HttpClient.openServer(HttpClient.java:558)
	at sun.net.www.http.HttpClient.<init>(HttpClient.java:242)
	at sun.net.www.http.HttpClient.New(HttpClient.java:339)
	at sun.net.www.http.HttpClient.New(HttpClient.java:357)
	at sun.net.www.protocol.http.HttpURLConnection.getNewHttpClient(HttpURLConnection.java:1202)
	at sun.net.www.protocol.http.HttpURLConnection.plainConnect0(HttpURLConnection.java:1138)
	at sun.net.www.protocol.http.HttpURLConnection.plainConnect(HttpURLConnection.java:1032)
	at sun.net.www.protocol.http.HttpURLConnection.connect(HttpURLConnection.java:966)
	at com.alibaba.nacos.common.http.client.request.JdkHttpClientRequest.execute(JdkHttpClientRequest.java:112)
	at com.alibaba.nacos.common.http.client.NacosRestTemplate.execute(NacosRestTemplate.java:482)
	at com.alibaba.nacos.common.http.client.NacosRestTemplate.exchangeForm(NacosRestTemplate.java:427)
	at com.alibaba.nacos.client.naming.net.NamingProxy.callServer(NamingProxy.java:603)
	at com.alibaba.nacos.client.naming.net.NamingProxy.reqApi(NamingProxy.java:526)
	at com.alibaba.nacos.client.naming.net.NamingProxy.reqApi(NamingProxy.java:498)
	at com.alibaba.nacos.client.naming.net.NamingProxy.sendBeat(NamingProxy.java:433)
	at com.alibaba.nacos.client.naming.beat.BeatReactor$BeatTask.run(BeatReactor.java:167)
	at java.util.concurrent.Executors$RunnableAdapter.call(Executors.java:511)
	at java.util.concurrent.FutureTask.run(FutureTask.java:266)
	at java.util.concurrent.ScheduledThreadPoolExecutor$ScheduledFutureTask.access$201(ScheduledThreadPoolExecutor.java:180)
	at java.util.concurrent.ScheduledThreadPoolExecutor$ScheduledFutureTask.run(ScheduledThreadPoolExecutor.java:293)
	at java.util.concurrent.ThreadPoolExecutor.runWorker(ThreadPoolExecutor.java:1142)
	at java.util.concurrent.ThreadPoolExecutor$Worker.run(ThreadPoolExecutor.java:617)
	at java.lang.Thread.run(Thread.java:748)
2025-03-26 01:03:37,509 ERROR [com.alibaba.nacos.client.Worker.longPolling.fixed-192.168.128.130_8848-xczx][ServerHttpAgent.java:169] - [NACOS SocketTimeoutException httpPost] currentServerAddr: http://192.168.128.130:8848， err : connect timed out
2025-03-26 01:03:38,560 ERROR [com.alibaba.nacos.naming.beat.sender][NamingProxy.java:617] - [NA] failed to request
java.net.SocketTimeoutException: connect timed out
	at java.net.DualStackPlainSocketImpl.waitForConnect(Native Method)
	at java.net.DualStackPlainSocketImpl.socketConnect(DualStackPlainSocketImpl.java:85)
	at java.net.AbstractPlainSocketImpl.doConnect(AbstractPlainSocketImpl.java:350)
	at java.net.AbstractPlainSocketImpl.connectToAddress(AbstractPlainSocketImpl.java:206)
	at java.net.AbstractPlainSocketImpl.connect(AbstractPlainSocketImpl.java:188)
	at java.net.PlainSocketImpl.connect(PlainSocketImpl.java:172)
	at java.net.SocksSocketImpl.connect(SocksSocketImpl.java:392)
	at java.net.Socket.connect(Socket.java:589)
	at sun.net.NetworkClient.doConnect(NetworkClient.java:175)
	at sun.net.www.http.HttpClient.openServer(HttpClient.java:463)
	at sun.net.www.http.HttpClient.openServer(HttpClient.java:558)
	at sun.net.www.http.HttpClient.<init>(HttpClient.java:242)
	at sun.net.www.http.HttpClient.New(HttpClient.java:339)
	at sun.net.www.http.HttpClient.New(HttpClient.java:357)
	at sun.net.www.protocol.http.HttpURLConnection.getNewHttpClient(HttpURLConnection.java:1202)
	at sun.net.www.protocol.http.HttpURLConnection.plainConnect0(HttpURLConnection.java:1138)
	at sun.net.www.protocol.http.HttpURLConnection.plainConnect(HttpURLConnection.java:1032)
	at sun.net.www.protocol.http.HttpURLConnection.connect(HttpURLConnection.java:966)
	at com.alibaba.nacos.common.http.client.request.JdkHttpClientRequest.execute(JdkHttpClientRequest.java:112)
	at com.alibaba.nacos.common.http.client.NacosRestTemplate.execute(NacosRestTemplate.java:482)
	at com.alibaba.nacos.common.http.client.NacosRestTemplate.exchangeForm(NacosRestTemplate.java:427)
	at com.alibaba.nacos.client.naming.net.NamingProxy.callServer(NamingProxy.java:603)
	at com.alibaba.nacos.client.naming.net.NamingProxy.reqApi(NamingProxy.java:526)
	at com.alibaba.nacos.client.naming.net.NamingProxy.reqApi(NamingProxy.java:498)
	at com.alibaba.nacos.client.naming.net.NamingProxy.sendBeat(NamingProxy.java:433)
	at com.alibaba.nacos.client.naming.beat.BeatReactor$BeatTask.run(BeatReactor.java:167)
	at java.util.concurrent.Executors$RunnableAdapter.call(Executors.java:511)
	at java.util.concurrent.FutureTask.run(FutureTask.java:266)
	at java.util.concurrent.ScheduledThreadPoolExecutor$ScheduledFutureTask.access$201(ScheduledThreadPoolExecutor.java:180)
	at java.util.concurrent.ScheduledThreadPoolExecutor$ScheduledFutureTask.run(ScheduledThreadPoolExecutor.java:293)
	at java.util.concurrent.ThreadPoolExecutor.runWorker(ThreadPoolExecutor.java:1142)
	at java.util.concurrent.ThreadPoolExecutor$Worker.run(ThreadPoolExecutor.java:617)
	at java.lang.Thread.run(Thread.java:748)
2025-03-26 01:03:38,562 ERROR [com.alibaba.nacos.naming.beat.sender][NamingProxy.java:552] - request: /nacos/v1/ns/instance/beat failed, servers: [192.168.128.130:8848], code: 500, msg: connect timed out
2025-03-26 01:03:38,562 ERROR [com.alibaba.nacos.naming.beat.sender][BeatReactor.java:198] - [CLIENT-BEAT] failed to send beat: {"port":63045,"ip":"10.65.24.129","weight":1.0,"serviceName":"group001@@system-service","cluster":"DEFAULT","metadata":{"preserved.register.source":"SPRING_CLOUD"},"scheduled":false,"period":5000,"stopped":false}, code: 500, msg: failed to req API:/nacos/v1/ns/instance/beat after all servers([192.168.128.130:8848]) tried: java.net.SocketTimeoutException: connect timed out
2025-03-26 01:03:40,521 ERROR [com.alibaba.nacos.client.Worker.longPolling.fixed-192.168.128.130_8848-xczx][ServerHttpAgent.java:169] - [NACOS SocketTimeoutException httpPost] currentServerAddr: http://192.168.128.130:8848， err : connect timed out
2025-03-26 01:03:40,521 ERROR [com.alibaba.nacos.client.Worker.longPolling.fixed-192.168.128.130_8848-xczx][ClientWorker.java:393] - [fixed-192.168.128.130_8848-xczx] [check-update] get changed dataId exception
java.net.ConnectException: [NACOS HTTP-POST] The maximum number of tolerable server reconnection errors has been reached
	at com.alibaba.nacos.client.config.http.ServerHttpAgent.httpPost(ServerHttpAgent.java:181)
	at com.alibaba.nacos.client.config.http.MetricsHttpAgent.httpPost(MetricsHttpAgent.java:67)
	at com.alibaba.nacos.client.config.impl.ClientWorker.checkUpdateConfigStr(ClientWorker.java:380)
	at com.alibaba.nacos.client.config.impl.ClientWorker.checkUpdateDataIds(ClientWorker.java:347)
	at com.alibaba.nacos.client.config.impl.ClientWorker$LongPollingRunnable.run(ClientWorker.java:535)
	at java.util.concurrent.Executors$RunnableAdapter.call(Executors.java:511)
	at java.util.concurrent.FutureTask.run(FutureTask.java:266)
	at java.util.concurrent.ScheduledThreadPoolExecutor$ScheduledFutureTask.access$201(ScheduledThreadPoolExecutor.java:180)
	at java.util.concurrent.ScheduledThreadPoolExecutor$ScheduledFutureTask.run(ScheduledThreadPoolExecutor.java:293)
	at java.util.concurrent.ThreadPoolExecutor.runWorker(ThreadPoolExecutor.java:1142)
	at java.util.concurrent.ThreadPoolExecutor$Worker.run(ThreadPoolExecutor.java:617)
	at java.lang.Thread.run(Thread.java:748)
2025-03-26 01:03:40,521 ERROR [com.alibaba.nacos.client.Worker.longPolling.fixed-192.168.128.130_8848-xczx][ClientWorker.java:580] - longPolling error : 
java.net.ConnectException: [NACOS HTTP-POST] The maximum number of tolerable server reconnection errors has been reached
	at com.alibaba.nacos.client.config.http.ServerHttpAgent.httpPost(ServerHttpAgent.java:181)
	at com.alibaba.nacos.client.config.http.MetricsHttpAgent.httpPost(MetricsHttpAgent.java:67)
	at com.alibaba.nacos.client.config.impl.ClientWorker.checkUpdateConfigStr(ClientWorker.java:380)
	at com.alibaba.nacos.client.config.impl.ClientWorker.checkUpdateDataIds(ClientWorker.java:347)
	at com.alibaba.nacos.client.config.impl.ClientWorker$LongPollingRunnable.run(ClientWorker.java:535)
	at java.util.concurrent.Executors$RunnableAdapter.call(Executors.java:511)
	at java.util.concurrent.FutureTask.run(FutureTask.java:266)
	at java.util.concurrent.ScheduledThreadPoolExecutor$ScheduledFutureTask.access$201(ScheduledThreadPoolExecutor.java:180)
	at java.util.concurrent.ScheduledThreadPoolExecutor$ScheduledFutureTask.run(ScheduledThreadPoolExecutor.java:293)
	at java.util.concurrent.ThreadPoolExecutor.runWorker(ThreadPoolExecutor.java:1142)
	at java.util.concurrent.ThreadPoolExecutor$Worker.run(ThreadPoolExecutor.java:617)
	at java.lang.Thread.run(Thread.java:748)
2025-03-26 01:03:45,545 ERROR [com.alibaba.nacos.client.Worker.longPolling.fixed-192.168.128.130_8848-xczx][ServerHttpAgent.java:169] - [NACOS SocketTimeoutException httpPost] currentServerAddr: http://192.168.128.130:8848， err : connect timed out
2025-03-26 01:03:46,584 ERROR [com.alibaba.nacos.naming.beat.sender][NamingProxy.java:617] - [NA] failed to request
java.net.SocketTimeoutException: connect timed out
	at java.net.DualStackPlainSocketImpl.waitForConnect(Native Method)
	at java.net.DualStackPlainSocketImpl.socketConnect(DualStackPlainSocketImpl.java:85)
	at java.net.AbstractPlainSocketImpl.doConnect(AbstractPlainSocketImpl.java:350)
	at java.net.AbstractPlainSocketImpl.connectToAddress(AbstractPlainSocketImpl.java:206)
	at java.net.AbstractPlainSocketImpl.connect(AbstractPlainSocketImpl.java:188)
	at java.net.PlainSocketImpl.connect(PlainSocketImpl.java:172)
	at java.net.SocksSocketImpl.connect(SocksSocketImpl.java:392)
	at java.net.Socket.connect(Socket.java:589)
	at sun.net.NetworkClient.doConnect(NetworkClient.java:175)
	at sun.net.www.http.HttpClient.openServer(HttpClient.java:463)
	at sun.net.www.http.HttpClient.openServer(HttpClient.java:558)
	at sun.net.www.http.HttpClient.<init>(HttpClient.java:242)
	at sun.net.www.http.HttpClient.New(HttpClient.java:339)
	at sun.net.www.http.HttpClient.New(HttpClient.java:357)
	at sun.net.www.protocol.http.HttpURLConnection.getNewHttpClient(HttpURLConnection.java:1202)
	at sun.net.www.protocol.http.HttpURLConnection.plainConnect0(HttpURLConnection.java:1138)
	at sun.net.www.protocol.http.HttpURLConnection.plainConnect(HttpURLConnection.java:1032)
	at sun.net.www.protocol.http.HttpURLConnection.connect(HttpURLConnection.java:966)
	at com.alibaba.nacos.common.http.client.request.JdkHttpClientRequest.execute(JdkHttpClientRequest.java:112)
	at com.alibaba.nacos.common.http.client.NacosRestTemplate.execute(NacosRestTemplate.java:482)
	at com.alibaba.nacos.common.http.client.NacosRestTemplate.exchangeForm(NacosRestTemplate.java:427)
	at com.alibaba.nacos.client.naming.net.NamingProxy.callServer(NamingProxy.java:603)
	at com.alibaba.nacos.client.naming.net.NamingProxy.reqApi(NamingProxy.java:526)
	at com.alibaba.nacos.client.naming.net.NamingProxy.reqApi(NamingProxy.java:498)
	at com.alibaba.nacos.client.naming.net.NamingProxy.sendBeat(NamingProxy.java:433)
	at com.alibaba.nacos.client.naming.beat.BeatReactor$BeatTask.run(BeatReactor.java:167)
	at java.util.concurrent.Executors$RunnableAdapter.call(Executors.java:511)
	at java.util.concurrent.FutureTask.run(FutureTask.java:266)
	at java.util.concurrent.ScheduledThreadPoolExecutor$ScheduledFutureTask.access$201(ScheduledThreadPoolExecutor.java:180)
	at java.util.concurrent.ScheduledThreadPoolExecutor$ScheduledFutureTask.run(ScheduledThreadPoolExecutor.java:293)
	at java.util.concurrent.ThreadPoolExecutor.runWorker(ThreadPoolExecutor.java:1142)
	at java.util.concurrent.ThreadPoolExecutor$Worker.run(ThreadPoolExecutor.java:617)
	at java.lang.Thread.run(Thread.java:748)
2025-03-26 01:03:48,550 ERROR [com.alibaba.nacos.client.Worker.longPolling.fixed-192.168.128.130_8848-xczx][ServerHttpAgent.java:169] - [NACOS SocketTimeoutException httpPost] currentServerAddr: http://192.168.128.130:8848， err : connect timed out
2025-03-26 01:03:49,590 ERROR [com.alibaba.nacos.naming.beat.sender][NamingProxy.java:617] - [NA] failed to request
java.net.SocketTimeoutException: connect timed out
	at java.net.DualStackPlainSocketImpl.waitForConnect(Native Method)
	at java.net.DualStackPlainSocketImpl.socketConnect(DualStackPlainSocketImpl.java:85)
	at java.net.AbstractPlainSocketImpl.doConnect(AbstractPlainSocketImpl.java:350)
	at java.net.AbstractPlainSocketImpl.connectToAddress(AbstractPlainSocketImpl.java:206)
	at java.net.AbstractPlainSocketImpl.connect(AbstractPlainSocketImpl.java:188)
	at java.net.PlainSocketImpl.connect(PlainSocketImpl.java:172)
	at java.net.SocksSocketImpl.connect(SocksSocketImpl.java:392)
	at java.net.Socket.connect(Socket.java:589)
	at sun.net.NetworkClient.doConnect(NetworkClient.java:175)
	at sun.net.www.http.HttpClient.openServer(HttpClient.java:463)
	at sun.net.www.http.HttpClient.openServer(HttpClient.java:558)
	at sun.net.www.http.HttpClient.<init>(HttpClient.java:242)
	at sun.net.www.http.HttpClient.New(HttpClient.java:339)
	at sun.net.www.http.HttpClient.New(HttpClient.java:357)
	at sun.net.www.protocol.http.HttpURLConnection.getNewHttpClient(HttpURLConnection.java:1202)
	at sun.net.www.protocol.http.HttpURLConnection.plainConnect0(HttpURLConnection.java:1138)
	at sun.net.www.protocol.http.HttpURLConnection.plainConnect(HttpURLConnection.java:1032)
	at sun.net.www.protocol.http.HttpURLConnection.connect(HttpURLConnection.java:966)
	at com.alibaba.nacos.common.http.client.request.JdkHttpClientRequest.execute(JdkHttpClientRequest.java:112)
	at com.alibaba.nacos.common.http.client.NacosRestTemplate.execute(NacosRestTemplate.java:482)
	at com.alibaba.nacos.common.http.client.NacosRestTemplate.exchangeForm(NacosRestTemplate.java:427)
	at com.alibaba.nacos.client.naming.net.NamingProxy.callServer(NamingProxy.java:603)
	at com.alibaba.nacos.client.naming.net.NamingProxy.reqApi(NamingProxy.java:526)
	at com.alibaba.nacos.client.naming.net.NamingProxy.reqApi(NamingProxy.java:498)
	at com.alibaba.nacos.client.naming.net.NamingProxy.sendBeat(NamingProxy.java:433)
	at com.alibaba.nacos.client.naming.beat.BeatReactor$BeatTask.run(BeatReactor.java:167)
	at java.util.concurrent.Executors$RunnableAdapter.call(Executors.java:511)
	at java.util.concurrent.FutureTask.run(FutureTask.java:266)
	at java.util.concurrent.ScheduledThreadPoolExecutor$ScheduledFutureTask.access$201(ScheduledThreadPoolExecutor.java:180)
	at java.util.concurrent.ScheduledThreadPoolExecutor$ScheduledFutureTask.run(ScheduledThreadPoolExecutor.java:293)
	at java.util.concurrent.ThreadPoolExecutor.runWorker(ThreadPoolExecutor.java:1142)
	at java.util.concurrent.ThreadPoolExecutor$Worker.run(ThreadPoolExecutor.java:617)
	at java.lang.Thread.run(Thread.java:748)
2025-03-26 01:03:51,554 ERROR [com.alibaba.nacos.client.Worker.longPolling.fixed-192.168.128.130_8848-xczx][ServerHttpAgent.java:169] - [NACOS SocketTimeoutException httpPost] currentServerAddr: http://192.168.128.130:8848， err : connect timed out
2025-03-26 01:03:52,595 ERROR [com.alibaba.nacos.naming.beat.sender][NamingProxy.java:617] - [NA] failed to request
java.net.SocketTimeoutException: connect timed out
	at java.net.DualStackPlainSocketImpl.waitForConnect(Native Method)
	at java.net.DualStackPlainSocketImpl.socketConnect(DualStackPlainSocketImpl.java:85)
	at java.net.AbstractPlainSocketImpl.doConnect(AbstractPlainSocketImpl.java:350)
	at java.net.AbstractPlainSocketImpl.connectToAddress(AbstractPlainSocketImpl.java:206)
	at java.net.AbstractPlainSocketImpl.connect(AbstractPlainSocketImpl.java:188)
	at java.net.PlainSocketImpl.connect(PlainSocketImpl.java:172)
	at java.net.SocksSocketImpl.connect(SocksSocketImpl.java:392)
	at java.net.Socket.connect(Socket.java:589)
	at sun.net.NetworkClient.doConnect(NetworkClient.java:175)
	at sun.net.www.http.HttpClient.openServer(HttpClient.java:463)
	at sun.net.www.http.HttpClient.openServer(HttpClient.java:558)
	at sun.net.www.http.HttpClient.<init>(HttpClient.java:242)
	at sun.net.www.http.HttpClient.New(HttpClient.java:339)
	at sun.net.www.http.HttpClient.New(HttpClient.java:357)
	at sun.net.www.protocol.http.HttpURLConnection.getNewHttpClient(HttpURLConnection.java:1202)
	at sun.net.www.protocol.http.HttpURLConnection.plainConnect0(HttpURLConnection.java:1138)
	at sun.net.www.protocol.http.HttpURLConnection.plainConnect(HttpURLConnection.java:1032)
	at sun.net.www.protocol.http.HttpURLConnection.connect(HttpURLConnection.java:966)
	at com.alibaba.nacos.common.http.client.request.JdkHttpClientRequest.execute(JdkHttpClientRequest.java:112)
	at com.alibaba.nacos.common.http.client.NacosRestTemplate.execute(NacosRestTemplate.java:482)
	at com.alibaba.nacos.common.http.client.NacosRestTemplate.exchangeForm(NacosRestTemplate.java:427)
	at com.alibaba.nacos.client.naming.net.NamingProxy.callServer(NamingProxy.java:603)
	at com.alibaba.nacos.client.naming.net.NamingProxy.reqApi(NamingProxy.java:526)
	at com.alibaba.nacos.client.naming.net.NamingProxy.reqApi(NamingProxy.java:498)
	at com.alibaba.nacos.client.naming.net.NamingProxy.sendBeat(NamingProxy.java:433)
	at com.alibaba.nacos.client.naming.beat.BeatReactor$BeatTask.run(BeatReactor.java:167)
	at java.util.concurrent.Executors$RunnableAdapter.call(Executors.java:511)
	at java.util.concurrent.FutureTask.run(FutureTask.java:266)
	at java.util.concurrent.ScheduledThreadPoolExecutor$ScheduledFutureTask.access$201(ScheduledThreadPoolExecutor.java:180)
	at java.util.concurrent.ScheduledThreadPoolExecutor$ScheduledFutureTask.run(ScheduledThreadPoolExecutor.java:293)
	at java.util.concurrent.ThreadPoolExecutor.runWorker(ThreadPoolExecutor.java:1142)
	at java.util.concurrent.ThreadPoolExecutor$Worker.run(ThreadPoolExecutor.java:617)
	at java.lang.Thread.run(Thread.java:748)
2025-03-26 01:03:52,598 ERROR [com.alibaba.nacos.naming.beat.sender][NamingProxy.java:552] - request: /nacos/v1/ns/instance/beat failed, servers: [192.168.128.130:8848], code: 500, msg: connect timed out
2025-03-26 01:03:52,598 ERROR [com.alibaba.nacos.naming.beat.sender][BeatReactor.java:198] - [CLIENT-BEAT] failed to send beat: {"port":63045,"ip":"10.65.24.129","weight":1.0,"serviceName":"group001@@system-service","cluster":"DEFAULT","metadata":{"preserved.register.source":"SPRING_CLOUD"},"scheduled":false,"period":5000,"stopped":false}, code: 500, msg: failed to req API:/nacos/v1/ns/instance/beat after all servers([192.168.128.130:8848]) tried: java.net.SocketTimeoutException: connect timed out
2025-03-26 01:03:54,559 ERROR [com.alibaba.nacos.client.Worker.longPolling.fixed-192.168.128.130_8848-xczx][ServerHttpAgent.java:169] - [NACOS SocketTimeoutException httpPost] currentServerAddr: http://192.168.128.130:8848， err : connect timed out
2025-03-26 01:03:54,559 ERROR [com.alibaba.nacos.client.Worker.longPolling.fixed-192.168.128.130_8848-xczx][ClientWorker.java:393] - [fixed-192.168.128.130_8848-xczx] [check-update] get changed dataId exception
java.net.ConnectException: [NACOS HTTP-POST] The maximum number of tolerable server reconnection errors has been reached
	at com.alibaba.nacos.client.config.http.ServerHttpAgent.httpPost(ServerHttpAgent.java:181)
	at com.alibaba.nacos.client.config.http.MetricsHttpAgent.httpPost(MetricsHttpAgent.java:67)
	at com.alibaba.nacos.client.config.impl.ClientWorker.checkUpdateConfigStr(ClientWorker.java:380)
	at com.alibaba.nacos.client.config.impl.ClientWorker.checkUpdateDataIds(ClientWorker.java:347)
	at com.alibaba.nacos.client.config.impl.ClientWorker$LongPollingRunnable.run(ClientWorker.java:535)
	at java.util.concurrent.Executors$RunnableAdapter.call(Executors.java:511)
	at java.util.concurrent.FutureTask.run(FutureTask.java:266)
	at java.util.concurrent.ScheduledThreadPoolExecutor$ScheduledFutureTask.access$201(ScheduledThreadPoolExecutor.java:180)
	at java.util.concurrent.ScheduledThreadPoolExecutor$ScheduledFutureTask.run(ScheduledThreadPoolExecutor.java:293)
	at java.util.concurrent.ThreadPoolExecutor.runWorker(ThreadPoolExecutor.java:1142)
	at java.util.concurrent.ThreadPoolExecutor$Worker.run(ThreadPoolExecutor.java:617)
	at java.lang.Thread.run(Thread.java:748)
2025-03-26 01:03:54,560 ERROR [com.alibaba.nacos.client.Worker.longPolling.fixed-192.168.128.130_8848-xczx][ClientWorker.java:580] - longPolling error : 
java.net.ConnectException: [NACOS HTTP-POST] The maximum number of tolerable server reconnection errors has been reached
	at com.alibaba.nacos.client.config.http.ServerHttpAgent.httpPost(ServerHttpAgent.java:181)
	at com.alibaba.nacos.client.config.http.MetricsHttpAgent.httpPost(MetricsHttpAgent.java:67)
	at com.alibaba.nacos.client.config.impl.ClientWorker.checkUpdateConfigStr(ClientWorker.java:380)
	at com.alibaba.nacos.client.config.impl.ClientWorker.checkUpdateDataIds(ClientWorker.java:347)
	at com.alibaba.nacos.client.config.impl.ClientWorker$LongPollingRunnable.run(ClientWorker.java:535)
	at java.util.concurrent.Executors$RunnableAdapter.call(Executors.java:511)
	at java.util.concurrent.FutureTask.run(FutureTask.java:266)
	at java.util.concurrent.ScheduledThreadPoolExecutor$ScheduledFutureTask.access$201(ScheduledThreadPoolExecutor.java:180)
	at java.util.concurrent.ScheduledThreadPoolExecutor$ScheduledFutureTask.run(ScheduledThreadPoolExecutor.java:293)
	at java.util.concurrent.ThreadPoolExecutor.runWorker(ThreadPoolExecutor.java:1142)
	at java.util.concurrent.ThreadPoolExecutor$Worker.run(ThreadPoolExecutor.java:617)
	at java.lang.Thread.run(Thread.java:748)
2025-03-26 01:03:59,577 ERROR [com.alibaba.nacos.client.Worker.longPolling.fixed-192.168.128.130_8848-xczx][ServerHttpAgent.java:169] - [NACOS SocketTimeoutException httpPost] currentServerAddr: http://192.168.128.130:8848， err : connect timed out
2025-03-26 01:04:00,631 ERROR [com.alibaba.nacos.naming.beat.sender][NamingProxy.java:617] - [NA] failed to request
java.net.SocketTimeoutException: connect timed out
	at java.net.DualStackPlainSocketImpl.waitForConnect(Native Method)
	at java.net.DualStackPlainSocketImpl.socketConnect(DualStackPlainSocketImpl.java:85)
	at java.net.AbstractPlainSocketImpl.doConnect(AbstractPlainSocketImpl.java:350)
	at java.net.AbstractPlainSocketImpl.connectToAddress(AbstractPlainSocketImpl.java:206)
	at java.net.AbstractPlainSocketImpl.connect(AbstractPlainSocketImpl.java:188)
	at java.net.PlainSocketImpl.connect(PlainSocketImpl.java:172)
	at java.net.SocksSocketImpl.connect(SocksSocketImpl.java:392)
	at java.net.Socket.connect(Socket.java:589)
	at sun.net.NetworkClient.doConnect(NetworkClient.java:175)
	at sun.net.www.http.HttpClient.openServer(HttpClient.java:463)
	at sun.net.www.http.HttpClient.openServer(HttpClient.java:558)
	at sun.net.www.http.HttpClient.<init>(HttpClient.java:242)
	at sun.net.www.http.HttpClient.New(HttpClient.java:339)
	at sun.net.www.http.HttpClient.New(HttpClient.java:357)
	at sun.net.www.protocol.http.HttpURLConnection.getNewHttpClient(HttpURLConnection.java:1202)
	at sun.net.www.protocol.http.HttpURLConnection.plainConnect0(HttpURLConnection.java:1138)
	at sun.net.www.protocol.http.HttpURLConnection.plainConnect(HttpURLConnection.java:1032)
	at sun.net.www.protocol.http.HttpURLConnection.connect(HttpURLConnection.java:966)
	at com.alibaba.nacos.common.http.client.request.JdkHttpClientRequest.execute(JdkHttpClientRequest.java:112)
	at com.alibaba.nacos.common.http.client.NacosRestTemplate.execute(NacosRestTemplate.java:482)
	at com.alibaba.nacos.common.http.client.NacosRestTemplate.exchangeForm(NacosRestTemplate.java:427)
	at com.alibaba.nacos.client.naming.net.NamingProxy.callServer(NamingProxy.java:603)
	at com.alibaba.nacos.client.naming.net.NamingProxy.reqApi(NamingProxy.java:526)
	at com.alibaba.nacos.client.naming.net.NamingProxy.reqApi(NamingProxy.java:498)
	at com.alibaba.nacos.client.naming.net.NamingProxy.sendBeat(NamingProxy.java:433)
	at com.alibaba.nacos.client.naming.beat.BeatReactor$BeatTask.run(BeatReactor.java:167)
	at java.util.concurrent.Executors$RunnableAdapter.call(Executors.java:511)
	at java.util.concurrent.FutureTask.run(FutureTask.java:266)
	at java.util.concurrent.ScheduledThreadPoolExecutor$ScheduledFutureTask.access$201(ScheduledThreadPoolExecutor.java:180)
	at java.util.concurrent.ScheduledThreadPoolExecutor$ScheduledFutureTask.run(ScheduledThreadPoolExecutor.java:293)
	at java.util.concurrent.ThreadPoolExecutor.runWorker(ThreadPoolExecutor.java:1142)
	at java.util.concurrent.ThreadPoolExecutor$Worker.run(ThreadPoolExecutor.java:617)
	at java.lang.Thread.run(Thread.java:748)
2025-03-26 01:04:02,582 ERROR [com.alibaba.nacos.client.Worker.longPolling.fixed-192.168.128.130_8848-xczx][ServerHttpAgent.java:169] - [NACOS SocketTimeoutException httpPost] currentServerAddr: http://192.168.128.130:8848， err : connect timed out
2025-03-26 01:04:03,648 ERROR [com.alibaba.nacos.naming.beat.sender][NamingProxy.java:617] - [NA] failed to request
java.net.SocketTimeoutException: connect timed out
	at java.net.DualStackPlainSocketImpl.waitForConnect(Native Method)
	at java.net.DualStackPlainSocketImpl.socketConnect(DualStackPlainSocketImpl.java:85)
	at java.net.AbstractPlainSocketImpl.doConnect(AbstractPlainSocketImpl.java:350)
	at java.net.AbstractPlainSocketImpl.connectToAddress(AbstractPlainSocketImpl.java:206)
	at java.net.AbstractPlainSocketImpl.connect(AbstractPlainSocketImpl.java:188)
	at java.net.PlainSocketImpl.connect(PlainSocketImpl.java:172)
	at java.net.SocksSocketImpl.connect(SocksSocketImpl.java:392)
	at java.net.Socket.connect(Socket.java:589)
	at sun.net.NetworkClient.doConnect(NetworkClient.java:175)
	at sun.net.www.http.HttpClient.openServer(HttpClient.java:463)
	at sun.net.www.http.HttpClient.openServer(HttpClient.java:558)
	at sun.net.www.http.HttpClient.<init>(HttpClient.java:242)
	at sun.net.www.http.HttpClient.New(HttpClient.java:339)
	at sun.net.www.http.HttpClient.New(HttpClient.java:357)
	at sun.net.www.protocol.http.HttpURLConnection.getNewHttpClient(HttpURLConnection.java:1202)
	at sun.net.www.protocol.http.HttpURLConnection.plainConnect0(HttpURLConnection.java:1138)
	at sun.net.www.protocol.http.HttpURLConnection.plainConnect(HttpURLConnection.java:1032)
	at sun.net.www.protocol.http.HttpURLConnection.connect(HttpURLConnection.java:966)
	at com.alibaba.nacos.common.http.client.request.JdkHttpClientRequest.execute(JdkHttpClientRequest.java:112)
	at com.alibaba.nacos.common.http.client.NacosRestTemplate.execute(NacosRestTemplate.java:482)
	at com.alibaba.nacos.common.http.client.NacosRestTemplate.exchangeForm(NacosRestTemplate.java:427)
	at com.alibaba.nacos.client.naming.net.NamingProxy.callServer(NamingProxy.java:603)
	at com.alibaba.nacos.client.naming.net.NamingProxy.reqApi(NamingProxy.java:526)
	at com.alibaba.nacos.client.naming.net.NamingProxy.reqApi(NamingProxy.java:498)
	at com.alibaba.nacos.client.naming.net.NamingProxy.sendBeat(NamingProxy.java:433)
	at com.alibaba.nacos.client.naming.beat.BeatReactor$BeatTask.run(BeatReactor.java:167)
	at java.util.concurrent.Executors$RunnableAdapter.call(Executors.java:511)
	at java.util.concurrent.FutureTask.run(FutureTask.java:266)
	at java.util.concurrent.ScheduledThreadPoolExecutor$ScheduledFutureTask.access$201(ScheduledThreadPoolExecutor.java:180)
	at java.util.concurrent.ScheduledThreadPoolExecutor$ScheduledFutureTask.run(ScheduledThreadPoolExecutor.java:293)
	at java.util.concurrent.ThreadPoolExecutor.runWorker(ThreadPoolExecutor.java:1142)
	at java.util.concurrent.ThreadPoolExecutor$Worker.run(ThreadPoolExecutor.java:617)
	at java.lang.Thread.run(Thread.java:748)
2025-03-26 01:04:05,588 ERROR [com.alibaba.nacos.client.Worker.longPolling.fixed-192.168.128.130_8848-xczx][ServerHttpAgent.java:169] - [NACOS SocketTimeoutException httpPost] currentServerAddr: http://192.168.128.130:8848， err : connect timed out
2025-03-26 01:04:06,655 ERROR [com.alibaba.nacos.naming.beat.sender][NamingProxy.java:617] - [NA] failed to request
java.net.SocketTimeoutException: connect timed out
	at java.net.DualStackPlainSocketImpl.waitForConnect(Native Method)
	at java.net.DualStackPlainSocketImpl.socketConnect(DualStackPlainSocketImpl.java:85)
	at java.net.AbstractPlainSocketImpl.doConnect(AbstractPlainSocketImpl.java:350)
	at java.net.AbstractPlainSocketImpl.connectToAddress(AbstractPlainSocketImpl.java:206)
	at java.net.AbstractPlainSocketImpl.connect(AbstractPlainSocketImpl.java:188)
	at java.net.PlainSocketImpl.connect(PlainSocketImpl.java:172)
	at java.net.SocksSocketImpl.connect(SocksSocketImpl.java:392)
	at java.net.Socket.connect(Socket.java:589)
	at sun.net.NetworkClient.doConnect(NetworkClient.java:175)
	at sun.net.www.http.HttpClient.openServer(HttpClient.java:463)
	at sun.net.www.http.HttpClient.openServer(HttpClient.java:558)
	at sun.net.www.http.HttpClient.<init>(HttpClient.java:242)
	at sun.net.www.http.HttpClient.New(HttpClient.java:339)
	at sun.net.www.http.HttpClient.New(HttpClient.java:357)
	at sun.net.www.protocol.http.HttpURLConnection.getNewHttpClient(HttpURLConnection.java:1202)
	at sun.net.www.protocol.http.HttpURLConnection.plainConnect0(HttpURLConnection.java:1138)
	at sun.net.www.protocol.http.HttpURLConnection.plainConnect(HttpURLConnection.java:1032)
	at sun.net.www.protocol.http.HttpURLConnection.connect(HttpURLConnection.java:966)
	at com.alibaba.nacos.common.http.client.request.JdkHttpClientRequest.execute(JdkHttpClientRequest.java:112)
	at com.alibaba.nacos.common.http.client.NacosRestTemplate.execute(NacosRestTemplate.java:482)
	at com.alibaba.nacos.common.http.client.NacosRestTemplate.exchangeForm(NacosRestTemplate.java:427)
	at com.alibaba.nacos.client.naming.net.NamingProxy.callServer(NamingProxy.java:603)
	at com.alibaba.nacos.client.naming.net.NamingProxy.reqApi(NamingProxy.java:526)
	at com.alibaba.nacos.client.naming.net.NamingProxy.reqApi(NamingProxy.java:498)
	at com.alibaba.nacos.client.naming.net.NamingProxy.sendBeat(NamingProxy.java:433)
	at com.alibaba.nacos.client.naming.beat.BeatReactor$BeatTask.run(BeatReactor.java:167)
	at java.util.concurrent.Executors$RunnableAdapter.call(Executors.java:511)
	at java.util.concurrent.FutureTask.run(FutureTask.java:266)
	at java.util.concurrent.ScheduledThreadPoolExecutor$ScheduledFutureTask.access$201(ScheduledThreadPoolExecutor.java:180)
	at java.util.concurrent.ScheduledThreadPoolExecutor$ScheduledFutureTask.run(ScheduledThreadPoolExecutor.java:293)
	at java.util.concurrent.ThreadPoolExecutor.runWorker(ThreadPoolExecutor.java:1142)
	at java.util.concurrent.ThreadPoolExecutor$Worker.run(ThreadPoolExecutor.java:617)
	at java.lang.Thread.run(Thread.java:748)
2025-03-26 01:04:06,658 ERROR [com.alibaba.nacos.naming.beat.sender][NamingProxy.java:552] - request: /nacos/v1/ns/instance/beat failed, servers: [192.168.128.130:8848], code: 500, msg: connect timed out
2025-03-26 01:04:06,658 ERROR [com.alibaba.nacos.naming.beat.sender][BeatReactor.java:198] - [CLIENT-BEAT] failed to send beat: {"port":63045,"ip":"10.65.24.129","weight":1.0,"serviceName":"group001@@system-service","cluster":"DEFAULT","metadata":{"preserved.register.source":"SPRING_CLOUD"},"scheduled":false,"period":5000,"stopped":false}, code: 500, msg: failed to req API:/nacos/v1/ns/instance/beat after all servers([192.168.128.130:8848]) tried: java.net.SocketTimeoutException: connect timed out
2025-03-26 01:04:08,591 ERROR [com.alibaba.nacos.client.Worker.longPolling.fixed-192.168.128.130_8848-xczx][ServerHttpAgent.java:169] - [NACOS SocketTimeoutException httpPost] currentServerAddr: http://192.168.128.130:8848， err : connect timed out
2025-03-26 01:04:08,592 ERROR [com.alibaba.nacos.client.Worker.longPolling.fixed-192.168.128.130_8848-xczx][ClientWorker.java:393] - [fixed-192.168.128.130_8848-xczx] [check-update] get changed dataId exception
java.net.ConnectException: [NACOS HTTP-POST] The maximum number of tolerable server reconnection errors has been reached
	at com.alibaba.nacos.client.config.http.ServerHttpAgent.httpPost(ServerHttpAgent.java:181)
	at com.alibaba.nacos.client.config.http.MetricsHttpAgent.httpPost(MetricsHttpAgent.java:67)
	at com.alibaba.nacos.client.config.impl.ClientWorker.checkUpdateConfigStr(ClientWorker.java:380)
	at com.alibaba.nacos.client.config.impl.ClientWorker.checkUpdateDataIds(ClientWorker.java:347)
	at com.alibaba.nacos.client.config.impl.ClientWorker$LongPollingRunnable.run(ClientWorker.java:535)
	at java.util.concurrent.Executors$RunnableAdapter.call(Executors.java:511)
	at java.util.concurrent.FutureTask.run(FutureTask.java:266)
	at java.util.concurrent.ScheduledThreadPoolExecutor$ScheduledFutureTask.access$201(ScheduledThreadPoolExecutor.java:180)
	at java.util.concurrent.ScheduledThreadPoolExecutor$ScheduledFutureTask.run(ScheduledThreadPoolExecutor.java:293)
	at java.util.concurrent.ThreadPoolExecutor.runWorker(ThreadPoolExecutor.java:1142)
	at java.util.concurrent.ThreadPoolExecutor$Worker.run(ThreadPoolExecutor.java:617)
	at java.lang.Thread.run(Thread.java:748)
2025-03-26 01:04:08,592 ERROR [com.alibaba.nacos.client.Worker.longPolling.fixed-192.168.128.130_8848-xczx][ClientWorker.java:580] - longPolling error : 
java.net.ConnectException: [NACOS HTTP-POST] The maximum number of tolerable server reconnection errors has been reached
	at com.alibaba.nacos.client.config.http.ServerHttpAgent.httpPost(ServerHttpAgent.java:181)
	at com.alibaba.nacos.client.config.http.MetricsHttpAgent.httpPost(MetricsHttpAgent.java:67)
	at com.alibaba.nacos.client.config.impl.ClientWorker.checkUpdateConfigStr(ClientWorker.java:380)
	at com.alibaba.nacos.client.config.impl.ClientWorker.checkUpdateDataIds(ClientWorker.java:347)
	at com.alibaba.nacos.client.config.impl.ClientWorker$LongPollingRunnable.run(ClientWorker.java:535)
	at java.util.concurrent.Executors$RunnableAdapter.call(Executors.java:511)
	at java.util.concurrent.FutureTask.run(FutureTask.java:266)
	at java.util.concurrent.ScheduledThreadPoolExecutor$ScheduledFutureTask.access$201(ScheduledThreadPoolExecutor.java:180)
	at java.util.concurrent.ScheduledThreadPoolExecutor$ScheduledFutureTask.run(ScheduledThreadPoolExecutor.java:293)
	at java.util.concurrent.ThreadPoolExecutor.runWorker(ThreadPoolExecutor.java:1142)
	at java.util.concurrent.ThreadPoolExecutor$Worker.run(ThreadPoolExecutor.java:617)
	at java.lang.Thread.run(Thread.java:748)
2025-03-26 01:04:11,851 ERROR [com.alibaba.nacos.client.naming.updater][NamingProxy.java:617] - [NA] failed to request
java.net.SocketTimeoutException: connect timed out
	at java.net.DualStackPlainSocketImpl.waitForConnect(Native Method)
	at java.net.DualStackPlainSocketImpl.socketConnect(DualStackPlainSocketImpl.java:85)
	at java.net.AbstractPlainSocketImpl.doConnect(AbstractPlainSocketImpl.java:350)
	at java.net.AbstractPlainSocketImpl.connectToAddress(AbstractPlainSocketImpl.java:206)
	at java.net.AbstractPlainSocketImpl.connect(AbstractPlainSocketImpl.java:188)
	at java.net.PlainSocketImpl.connect(PlainSocketImpl.java:172)
	at java.net.SocksSocketImpl.connect(SocksSocketImpl.java:392)
	at java.net.Socket.connect(Socket.java:589)
	at sun.net.NetworkClient.doConnect(NetworkClient.java:175)
	at sun.net.www.http.HttpClient.openServer(HttpClient.java:463)
	at sun.net.www.http.HttpClient.openServer(HttpClient.java:558)
	at sun.net.www.http.HttpClient.<init>(HttpClient.java:242)
	at sun.net.www.http.HttpClient.New(HttpClient.java:339)
	at sun.net.www.http.HttpClient.New(HttpClient.java:357)
	at sun.net.www.protocol.http.HttpURLConnection.getNewHttpClient(HttpURLConnection.java:1202)
	at sun.net.www.protocol.http.HttpURLConnection.plainConnect0(HttpURLConnection.java:1138)
	at sun.net.www.protocol.http.HttpURLConnection.plainConnect(HttpURLConnection.java:1032)
	at sun.net.www.protocol.http.HttpURLConnection.connect(HttpURLConnection.java:966)
	at com.alibaba.nacos.common.http.client.request.JdkHttpClientRequest.execute(JdkHttpClientRequest.java:112)
	at com.alibaba.nacos.common.http.client.NacosRestTemplate.execute(NacosRestTemplate.java:482)
	at com.alibaba.nacos.common.http.client.NacosRestTemplate.exchangeForm(NacosRestTemplate.java:427)
	at com.alibaba.nacos.client.naming.net.NamingProxy.callServer(NamingProxy.java:603)
	at com.alibaba.nacos.client.naming.net.NamingProxy.reqApi(NamingProxy.java:526)
	at com.alibaba.nacos.client.naming.net.NamingProxy.reqApi(NamingProxy.java:498)
	at com.alibaba.nacos.client.naming.net.NamingProxy.reqApi(NamingProxy.java:493)
	at com.alibaba.nacos.client.naming.net.NamingProxy.queryList(NamingProxy.java:407)
	at com.alibaba.nacos.client.naming.core.HostReactor.updateService(HostReactor.java:382)
	at com.alibaba.nacos.client.naming.core.HostReactor$UpdateTask.run(HostReactor.java:464)
	at java.util.concurrent.Executors$RunnableAdapter.call(Executors.java:511)
	at java.util.concurrent.FutureTask.run(FutureTask.java:266)
	at java.util.concurrent.ScheduledThreadPoolExecutor$ScheduledFutureTask.access$201(ScheduledThreadPoolExecutor.java:180)
	at java.util.concurrent.ScheduledThreadPoolExecutor$ScheduledFutureTask.run(ScheduledThreadPoolExecutor.java:293)
	at java.util.concurrent.ThreadPoolExecutor.runWorker(ThreadPoolExecutor.java:1142)
	at java.util.concurrent.ThreadPoolExecutor$Worker.run(ThreadPoolExecutor.java:617)
	at java.lang.Thread.run(Thread.java:748)
2025-03-26 01:04:13,606 ERROR [com.alibaba.nacos.client.Worker.longPolling.fixed-192.168.128.130_8848-xczx][ServerHttpAgent.java:169] - [NACOS SocketTimeoutException httpPost] currentServerAddr: http://192.168.128.130:8848， err : connect timed out
2025-03-26 01:04:14,694 ERROR [com.alibaba.nacos.naming.beat.sender][NamingProxy.java:617] - [NA] failed to request
java.net.SocketTimeoutException: connect timed out
	at java.net.DualStackPlainSocketImpl.waitForConnect(Native Method)
	at java.net.DualStackPlainSocketImpl.socketConnect(DualStackPlainSocketImpl.java:85)
	at java.net.AbstractPlainSocketImpl.doConnect(AbstractPlainSocketImpl.java:350)
	at java.net.AbstractPlainSocketImpl.connectToAddress(AbstractPlainSocketImpl.java:206)
	at java.net.AbstractPlainSocketImpl.connect(AbstractPlainSocketImpl.java:188)
	at java.net.PlainSocketImpl.connect(PlainSocketImpl.java:172)
	at java.net.SocksSocketImpl.connect(SocksSocketImpl.java:392)
	at java.net.Socket.connect(Socket.java:589)
	at sun.net.NetworkClient.doConnect(NetworkClient.java:175)
	at sun.net.www.http.HttpClient.openServer(HttpClient.java:463)
	at sun.net.www.http.HttpClient.openServer(HttpClient.java:558)
	at sun.net.www.http.HttpClient.<init>(HttpClient.java:242)
	at sun.net.www.http.HttpClient.New(HttpClient.java:339)
	at sun.net.www.http.HttpClient.New(HttpClient.java:357)
	at sun.net.www.protocol.http.HttpURLConnection.getNewHttpClient(HttpURLConnection.java:1202)
	at sun.net.www.protocol.http.HttpURLConnection.plainConnect0(HttpURLConnection.java:1138)
	at sun.net.www.protocol.http.HttpURLConnection.plainConnect(HttpURLConnection.java:1032)
	at sun.net.www.protocol.http.HttpURLConnection.connect(HttpURLConnection.java:966)
	at com.alibaba.nacos.common.http.client.request.JdkHttpClientRequest.execute(JdkHttpClientRequest.java:112)
	at com.alibaba.nacos.common.http.client.NacosRestTemplate.execute(NacosRestTemplate.java:482)
	at com.alibaba.nacos.common.http.client.NacosRestTemplate.exchangeForm(NacosRestTemplate.java:427)
	at com.alibaba.nacos.client.naming.net.NamingProxy.callServer(NamingProxy.java:603)
	at com.alibaba.nacos.client.naming.net.NamingProxy.reqApi(NamingProxy.java:526)
	at com.alibaba.nacos.client.naming.net.NamingProxy.reqApi(NamingProxy.java:498)
	at com.alibaba.nacos.client.naming.net.NamingProxy.sendBeat(NamingProxy.java:433)
	at com.alibaba.nacos.client.naming.beat.BeatReactor$BeatTask.run(BeatReactor.java:167)
	at java.util.concurrent.Executors$RunnableAdapter.call(Executors.java:511)
	at java.util.concurrent.FutureTask.run(FutureTask.java:266)
	at java.util.concurrent.ScheduledThreadPoolExecutor$ScheduledFutureTask.access$201(ScheduledThreadPoolExecutor.java:180)
	at java.util.concurrent.ScheduledThreadPoolExecutor$ScheduledFutureTask.run(ScheduledThreadPoolExecutor.java:293)
	at java.util.concurrent.ThreadPoolExecutor.runWorker(ThreadPoolExecutor.java:1142)
	at java.util.concurrent.ThreadPoolExecutor$Worker.run(ThreadPoolExecutor.java:617)
	at java.lang.Thread.run(Thread.java:748)
2025-03-26 01:04:14,870 ERROR [com.alibaba.nacos.client.naming.updater][NamingProxy.java:617] - [NA] failed to request
java.net.SocketTimeoutException: connect timed out
	at java.net.DualStackPlainSocketImpl.waitForConnect(Native Method)
	at java.net.DualStackPlainSocketImpl.socketConnect(DualStackPlainSocketImpl.java:85)
	at java.net.AbstractPlainSocketImpl.doConnect(AbstractPlainSocketImpl.java:350)
	at java.net.AbstractPlainSocketImpl.connectToAddress(AbstractPlainSocketImpl.java:206)
	at java.net.AbstractPlainSocketImpl.connect(AbstractPlainSocketImpl.java:188)
	at java.net.PlainSocketImpl.connect(PlainSocketImpl.java:172)
	at java.net.SocksSocketImpl.connect(SocksSocketImpl.java:392)
	at java.net.Socket.connect(Socket.java:589)
	at sun.net.NetworkClient.doConnect(NetworkClient.java:175)
	at sun.net.www.http.HttpClient.openServer(HttpClient.java:463)
	at sun.net.www.http.HttpClient.openServer(HttpClient.java:558)
	at sun.net.www.http.HttpClient.<init>(HttpClient.java:242)
	at sun.net.www.http.HttpClient.New(HttpClient.java:339)
	at sun.net.www.http.HttpClient.New(HttpClient.java:357)
	at sun.net.www.protocol.http.HttpURLConnection.getNewHttpClient(HttpURLConnection.java:1202)
	at sun.net.www.protocol.http.HttpURLConnection.plainConnect0(HttpURLConnection.java:1138)
	at sun.net.www.protocol.http.HttpURLConnection.plainConnect(HttpURLConnection.java:1032)
	at sun.net.www.protocol.http.HttpURLConnection.connect(HttpURLConnection.java:966)
	at com.alibaba.nacos.common.http.client.request.JdkHttpClientRequest.execute(JdkHttpClientRequest.java:112)
	at com.alibaba.nacos.common.http.client.NacosRestTemplate.execute(NacosRestTemplate.java:482)
	at com.alibaba.nacos.common.http.client.NacosRestTemplate.exchangeForm(NacosRestTemplate.java:427)
	at com.alibaba.nacos.client.naming.net.NamingProxy.callServer(NamingProxy.java:603)
	at com.alibaba.nacos.client.naming.net.NamingProxy.reqApi(NamingProxy.java:526)
	at com.alibaba.nacos.client.naming.net.NamingProxy.reqApi(NamingProxy.java:498)
	at com.alibaba.nacos.client.naming.net.NamingProxy.reqApi(NamingProxy.java:493)
	at com.alibaba.nacos.client.naming.net.NamingProxy.queryList(NamingProxy.java:407)
	at com.alibaba.nacos.client.naming.core.HostReactor.updateService(HostReactor.java:382)
	at com.alibaba.nacos.client.naming.core.HostReactor$UpdateTask.run(HostReactor.java:464)
	at java.util.concurrent.Executors$RunnableAdapter.call(Executors.java:511)
	at java.util.concurrent.FutureTask.run(FutureTask.java:266)
	at java.util.concurrent.ScheduledThreadPoolExecutor$ScheduledFutureTask.access$201(ScheduledThreadPoolExecutor.java:180)
	at java.util.concurrent.ScheduledThreadPoolExecutor$ScheduledFutureTask.run(ScheduledThreadPoolExecutor.java:293)
	at java.util.concurrent.ThreadPoolExecutor.runWorker(ThreadPoolExecutor.java:1142)
	at java.util.concurrent.ThreadPoolExecutor$Worker.run(ThreadPoolExecutor.java:617)
	at java.lang.Thread.run(Thread.java:748)
2025-03-26 01:04:16,613 ERROR [com.alibaba.nacos.client.Worker.longPolling.fixed-192.168.128.130_8848-xczx][ServerHttpAgent.java:169] - [NACOS SocketTimeoutException httpPost] currentServerAddr: http://192.168.128.130:8848， err : connect timed out
2025-03-26 01:04:17,711 ERROR [com.alibaba.nacos.naming.beat.sender][NamingProxy.java:617] - [NA] failed to request
java.net.SocketTimeoutException: connect timed out
	at java.net.DualStackPlainSocketImpl.waitForConnect(Native Method)
	at java.net.DualStackPlainSocketImpl.socketConnect(DualStackPlainSocketImpl.java:85)
	at java.net.AbstractPlainSocketImpl.doConnect(AbstractPlainSocketImpl.java:350)
	at java.net.AbstractPlainSocketImpl.connectToAddress(AbstractPlainSocketImpl.java:206)
	at java.net.AbstractPlainSocketImpl.connect(AbstractPlainSocketImpl.java:188)
	at java.net.PlainSocketImpl.connect(PlainSocketImpl.java:172)
	at java.net.SocksSocketImpl.connect(SocksSocketImpl.java:392)
	at java.net.Socket.connect(Socket.java:589)
	at sun.net.NetworkClient.doConnect(NetworkClient.java:175)
	at sun.net.www.http.HttpClient.openServer(HttpClient.java:463)
	at sun.net.www.http.HttpClient.openServer(HttpClient.java:558)
	at sun.net.www.http.HttpClient.<init>(HttpClient.java:242)
	at sun.net.www.http.HttpClient.New(HttpClient.java:339)
	at sun.net.www.http.HttpClient.New(HttpClient.java:357)
	at sun.net.www.protocol.http.HttpURLConnection.getNewHttpClient(HttpURLConnection.java:1202)
	at sun.net.www.protocol.http.HttpURLConnection.plainConnect0(HttpURLConnection.java:1138)
	at sun.net.www.protocol.http.HttpURLConnection.plainConnect(HttpURLConnection.java:1032)
	at sun.net.www.protocol.http.HttpURLConnection.connect(HttpURLConnection.java:966)
	at com.alibaba.nacos.common.http.client.request.JdkHttpClientRequest.execute(JdkHttpClientRequest.java:112)
	at com.alibaba.nacos.common.http.client.NacosRestTemplate.execute(NacosRestTemplate.java:482)
	at com.alibaba.nacos.common.http.client.NacosRestTemplate.exchangeForm(NacosRestTemplate.java:427)
	at com.alibaba.nacos.client.naming.net.NamingProxy.callServer(NamingProxy.java:603)
	at com.alibaba.nacos.client.naming.net.NamingProxy.reqApi(NamingProxy.java:526)
	at com.alibaba.nacos.client.naming.net.NamingProxy.reqApi(NamingProxy.java:498)
	at com.alibaba.nacos.client.naming.net.NamingProxy.sendBeat(NamingProxy.java:433)
	at com.alibaba.nacos.client.naming.beat.BeatReactor$BeatTask.run(BeatReactor.java:167)
	at java.util.concurrent.Executors$RunnableAdapter.call(Executors.java:511)
	at java.util.concurrent.FutureTask.run(FutureTask.java:266)
	at java.util.concurrent.ScheduledThreadPoolExecutor$ScheduledFutureTask.access$201(ScheduledThreadPoolExecutor.java:180)
	at java.util.concurrent.ScheduledThreadPoolExecutor$ScheduledFutureTask.run(ScheduledThreadPoolExecutor.java:293)
	at java.util.concurrent.ThreadPoolExecutor.runWorker(ThreadPoolExecutor.java:1142)
	at java.util.concurrent.ThreadPoolExecutor$Worker.run(ThreadPoolExecutor.java:617)
	at java.lang.Thread.run(Thread.java:748)
2025-03-26 01:04:17,888 ERROR [com.alibaba.nacos.client.naming.updater][NamingProxy.java:617] - [NA] failed to request
java.net.SocketTimeoutException: connect timed out
	at java.net.DualStackPlainSocketImpl.waitForConnect(Native Method)
	at java.net.DualStackPlainSocketImpl.socketConnect(DualStackPlainSocketImpl.java:85)
	at java.net.AbstractPlainSocketImpl.doConnect(AbstractPlainSocketImpl.java:350)
	at java.net.AbstractPlainSocketImpl.connectToAddress(AbstractPlainSocketImpl.java:206)
	at java.net.AbstractPlainSocketImpl.connect(AbstractPlainSocketImpl.java:188)
	at java.net.PlainSocketImpl.connect(PlainSocketImpl.java:172)
	at java.net.SocksSocketImpl.connect(SocksSocketImpl.java:392)
	at java.net.Socket.connect(Socket.java:589)
	at sun.net.NetworkClient.doConnect(NetworkClient.java:175)
	at sun.net.www.http.HttpClient.openServer(HttpClient.java:463)
	at sun.net.www.http.HttpClient.openServer(HttpClient.java:558)
	at sun.net.www.http.HttpClient.<init>(HttpClient.java:242)
	at sun.net.www.http.HttpClient.New(HttpClient.java:339)
	at sun.net.www.http.HttpClient.New(HttpClient.java:357)
	at sun.net.www.protocol.http.HttpURLConnection.getNewHttpClient(HttpURLConnection.java:1202)
	at sun.net.www.protocol.http.HttpURLConnection.plainConnect0(HttpURLConnection.java:1138)
	at sun.net.www.protocol.http.HttpURLConnection.plainConnect(HttpURLConnection.java:1032)
	at sun.net.www.protocol.http.HttpURLConnection.connect(HttpURLConnection.java:966)
	at com.alibaba.nacos.common.http.client.request.JdkHttpClientRequest.execute(JdkHttpClientRequest.java:112)
	at com.alibaba.nacos.common.http.client.NacosRestTemplate.execute(NacosRestTemplate.java:482)
	at com.alibaba.nacos.common.http.client.NacosRestTemplate.exchangeForm(NacosRestTemplate.java:427)
	at com.alibaba.nacos.client.naming.net.NamingProxy.callServer(NamingProxy.java:603)
	at com.alibaba.nacos.client.naming.net.NamingProxy.reqApi(NamingProxy.java:526)
	at com.alibaba.nacos.client.naming.net.NamingProxy.reqApi(NamingProxy.java:498)
	at com.alibaba.nacos.client.naming.net.NamingProxy.reqApi(NamingProxy.java:493)
	at com.alibaba.nacos.client.naming.net.NamingProxy.queryList(NamingProxy.java:407)
	at com.alibaba.nacos.client.naming.core.HostReactor.updateService(HostReactor.java:382)
	at com.alibaba.nacos.client.naming.core.HostReactor$UpdateTask.run(HostReactor.java:464)
	at java.util.concurrent.Executors$RunnableAdapter.call(Executors.java:511)
	at java.util.concurrent.FutureTask.run(FutureTask.java:266)
	at java.util.concurrent.ScheduledThreadPoolExecutor$ScheduledFutureTask.access$201(ScheduledThreadPoolExecutor.java:180)
	at java.util.concurrent.ScheduledThreadPoolExecutor$ScheduledFutureTask.run(ScheduledThreadPoolExecutor.java:293)
	at java.util.concurrent.ThreadPoolExecutor.runWorker(ThreadPoolExecutor.java:1142)
	at java.util.concurrent.ThreadPoolExecutor$Worker.run(ThreadPoolExecutor.java:617)
	at java.lang.Thread.run(Thread.java:748)
2025-03-26 01:04:17,890 ERROR [com.alibaba.nacos.client.naming.updater][NamingProxy.java:552] - request: /nacos/v1/ns/instance/list failed, servers: [192.168.128.130:8848], code: 500, msg: connect timed out
2025-03-26 01:04:19,626 ERROR [com.alibaba.nacos.client.Worker.longPolling.fixed-192.168.128.130_8848-xczx][ServerHttpAgent.java:169] - [NACOS SocketTimeoutException httpPost] currentServerAddr: http://192.168.128.130:8848， err : connect timed out
2025-03-26 01:04:20,717 ERROR [com.alibaba.nacos.naming.beat.sender][NamingProxy.java:617] - [NA] failed to request
java.net.SocketTimeoutException: connect timed out
	at java.net.DualStackPlainSocketImpl.waitForConnect(Native Method)
	at java.net.DualStackPlainSocketImpl.socketConnect(DualStackPlainSocketImpl.java:85)
	at java.net.AbstractPlainSocketImpl.doConnect(AbstractPlainSocketImpl.java:350)
	at java.net.AbstractPlainSocketImpl.connectToAddress(AbstractPlainSocketImpl.java:206)
	at java.net.AbstractPlainSocketImpl.connect(AbstractPlainSocketImpl.java:188)
	at java.net.PlainSocketImpl.connect(PlainSocketImpl.java:172)
	at java.net.SocksSocketImpl.connect(SocksSocketImpl.java:392)
	at java.net.Socket.connect(Socket.java:589)
	at sun.net.NetworkClient.doConnect(NetworkClient.java:175)
	at sun.net.www.http.HttpClient.openServer(HttpClient.java:463)
	at sun.net.www.http.HttpClient.openServer(HttpClient.java:558)
	at sun.net.www.http.HttpClient.<init>(HttpClient.java:242)
	at sun.net.www.http.HttpClient.New(HttpClient.java:339)
	at sun.net.www.http.HttpClient.New(HttpClient.java:357)
	at sun.net.www.protocol.http.HttpURLConnection.getNewHttpClient(HttpURLConnection.java:1202)
	at sun.net.www.protocol.http.HttpURLConnection.plainConnect0(HttpURLConnection.java:1138)
	at sun.net.www.protocol.http.HttpURLConnection.plainConnect(HttpURLConnection.java:1032)
	at sun.net.www.protocol.http.HttpURLConnection.connect(HttpURLConnection.java:966)
	at com.alibaba.nacos.common.http.client.request.JdkHttpClientRequest.execute(JdkHttpClientRequest.java:112)
	at com.alibaba.nacos.common.http.client.NacosRestTemplate.execute(NacosRestTemplate.java:482)
	at com.alibaba.nacos.common.http.client.NacosRestTemplate.exchangeForm(NacosRestTemplate.java:427)
	at com.alibaba.nacos.client.naming.net.NamingProxy.callServer(NamingProxy.java:603)
	at com.alibaba.nacos.client.naming.net.NamingProxy.reqApi(NamingProxy.java:526)
	at com.alibaba.nacos.client.naming.net.NamingProxy.reqApi(NamingProxy.java:498)
	at com.alibaba.nacos.client.naming.net.NamingProxy.sendBeat(NamingProxy.java:433)
	at com.alibaba.nacos.client.naming.beat.BeatReactor$BeatTask.run(BeatReactor.java:167)
	at java.util.concurrent.Executors$RunnableAdapter.call(Executors.java:511)
	at java.util.concurrent.FutureTask.run(FutureTask.java:266)
	at java.util.concurrent.ScheduledThreadPoolExecutor$ScheduledFutureTask.access$201(ScheduledThreadPoolExecutor.java:180)
	at java.util.concurrent.ScheduledThreadPoolExecutor$ScheduledFutureTask.run(ScheduledThreadPoolExecutor.java:293)
	at java.util.concurrent.ThreadPoolExecutor.runWorker(ThreadPoolExecutor.java:1142)
	at java.util.concurrent.ThreadPoolExecutor$Worker.run(ThreadPoolExecutor.java:617)
	at java.lang.Thread.run(Thread.java:748)
2025-03-26 01:04:20,719 ERROR [com.alibaba.nacos.naming.beat.sender][NamingProxy.java:552] - request: /nacos/v1/ns/instance/beat failed, servers: [192.168.128.130:8848], code: 500, msg: connect timed out
2025-03-26 01:04:20,719 ERROR [com.alibaba.nacos.naming.beat.sender][BeatReactor.java:198] - [CLIENT-BEAT] failed to send beat: {"port":63045,"ip":"10.65.24.129","weight":1.0,"serviceName":"group001@@system-service","cluster":"DEFAULT","metadata":{"preserved.register.source":"SPRING_CLOUD"},"scheduled":false,"period":5000,"stopped":false}, code: 500, msg: failed to req API:/nacos/v1/ns/instance/beat after all servers([192.168.128.130:8848]) tried: java.net.SocketTimeoutException: connect timed out
2025-03-26 01:04:22,633 ERROR [com.alibaba.nacos.client.Worker.longPolling.fixed-192.168.128.130_8848-xczx][ServerHttpAgent.java:169] - [NACOS SocketTimeoutException httpPost] currentServerAddr: http://192.168.128.130:8848， err : connect timed out
2025-03-26 01:04:22,633 ERROR [com.alibaba.nacos.client.Worker.longPolling.fixed-192.168.128.130_8848-xczx][ClientWorker.java:393] - [fixed-192.168.128.130_8848-xczx] [check-update] get changed dataId exception
java.net.ConnectException: [NACOS HTTP-POST] The maximum number of tolerable server reconnection errors has been reached
	at com.alibaba.nacos.client.config.http.ServerHttpAgent.httpPost(ServerHttpAgent.java:181)
	at com.alibaba.nacos.client.config.http.MetricsHttpAgent.httpPost(MetricsHttpAgent.java:67)
	at com.alibaba.nacos.client.config.impl.ClientWorker.checkUpdateConfigStr(ClientWorker.java:380)
	at com.alibaba.nacos.client.config.impl.ClientWorker.checkUpdateDataIds(ClientWorker.java:347)
	at com.alibaba.nacos.client.config.impl.ClientWorker$LongPollingRunnable.run(ClientWorker.java:535)
	at java.util.concurrent.Executors$RunnableAdapter.call(Executors.java:511)
	at java.util.concurrent.FutureTask.run(FutureTask.java:266)
	at java.util.concurrent.ScheduledThreadPoolExecutor$ScheduledFutureTask.access$201(ScheduledThreadPoolExecutor.java:180)
	at java.util.concurrent.ScheduledThreadPoolExecutor$ScheduledFutureTask.run(ScheduledThreadPoolExecutor.java:293)
	at java.util.concurrent.ThreadPoolExecutor.runWorker(ThreadPoolExecutor.java:1142)
	at java.util.concurrent.ThreadPoolExecutor$Worker.run(ThreadPoolExecutor.java:617)
	at java.lang.Thread.run(Thread.java:748)
2025-03-26 01:04:22,635 ERROR [com.alibaba.nacos.client.Worker.longPolling.fixed-192.168.128.130_8848-xczx][ClientWorker.java:580] - longPolling error : 
java.net.ConnectException: [NACOS HTTP-POST] The maximum number of tolerable server reconnection errors has been reached
	at com.alibaba.nacos.client.config.http.ServerHttpAgent.httpPost(ServerHttpAgent.java:181)
	at com.alibaba.nacos.client.config.http.MetricsHttpAgent.httpPost(MetricsHttpAgent.java:67)
	at com.alibaba.nacos.client.config.impl.ClientWorker.checkUpdateConfigStr(ClientWorker.java:380)
	at com.alibaba.nacos.client.config.impl.ClientWorker.checkUpdateDataIds(ClientWorker.java:347)
	at com.alibaba.nacos.client.config.impl.ClientWorker$LongPollingRunnable.run(ClientWorker.java:535)
	at java.util.concurrent.Executors$RunnableAdapter.call(Executors.java:511)
	at java.util.concurrent.FutureTask.run(FutureTask.java:266)
	at java.util.concurrent.ScheduledThreadPoolExecutor$ScheduledFutureTask.access$201(ScheduledThreadPoolExecutor.java:180)
	at java.util.concurrent.ScheduledThreadPoolExecutor$ScheduledFutureTask.run(ScheduledThreadPoolExecutor.java:293)
	at java.util.concurrent.ThreadPoolExecutor.runWorker(ThreadPoolExecutor.java:1142)
	at java.util.concurrent.ThreadPoolExecutor$Worker.run(ThreadPoolExecutor.java:617)
	at java.lang.Thread.run(Thread.java:748)
2025-03-26 01:04:27,657 ERROR [com.alibaba.nacos.client.Worker.longPolling.fixed-192.168.128.130_8848-xczx][ServerHttpAgent.java:169] - [NACOS SocketTimeoutException httpPost] currentServerAddr: http://192.168.128.130:8848， err : connect timed out
2025-03-26 01:04:28,739 ERROR [com.alibaba.nacos.naming.beat.sender][NamingProxy.java:617] - [NA] failed to request
java.net.SocketTimeoutException: connect timed out
	at java.net.DualStackPlainSocketImpl.waitForConnect(Native Method)
	at java.net.DualStackPlainSocketImpl.socketConnect(DualStackPlainSocketImpl.java:85)
	at java.net.AbstractPlainSocketImpl.doConnect(AbstractPlainSocketImpl.java:350)
	at java.net.AbstractPlainSocketImpl.connectToAddress(AbstractPlainSocketImpl.java:206)
	at java.net.AbstractPlainSocketImpl.connect(AbstractPlainSocketImpl.java:188)
	at java.net.PlainSocketImpl.connect(PlainSocketImpl.java:172)
	at java.net.SocksSocketImpl.connect(SocksSocketImpl.java:392)
	at java.net.Socket.connect(Socket.java:589)
	at sun.net.NetworkClient.doConnect(NetworkClient.java:175)
	at sun.net.www.http.HttpClient.openServer(HttpClient.java:463)
	at sun.net.www.http.HttpClient.openServer(HttpClient.java:558)
	at sun.net.www.http.HttpClient.<init>(HttpClient.java:242)
	at sun.net.www.http.HttpClient.New(HttpClient.java:339)
	at sun.net.www.http.HttpClient.New(HttpClient.java:357)
	at sun.net.www.protocol.http.HttpURLConnection.getNewHttpClient(HttpURLConnection.java:1202)
	at sun.net.www.protocol.http.HttpURLConnection.plainConnect0(HttpURLConnection.java:1138)
	at sun.net.www.protocol.http.HttpURLConnection.plainConnect(HttpURLConnection.java:1032)
	at sun.net.www.protocol.http.HttpURLConnection.connect(HttpURLConnection.java:966)
	at com.alibaba.nacos.common.http.client.request.JdkHttpClientRequest.execute(JdkHttpClientRequest.java:112)
	at com.alibaba.nacos.common.http.client.NacosRestTemplate.execute(NacosRestTemplate.java:482)
	at com.alibaba.nacos.common.http.client.NacosRestTemplate.exchangeForm(NacosRestTemplate.java:427)
	at com.alibaba.nacos.client.naming.net.NamingProxy.callServer(NamingProxy.java:603)
	at com.alibaba.nacos.client.naming.net.NamingProxy.reqApi(NamingProxy.java:526)
	at com.alibaba.nacos.client.naming.net.NamingProxy.reqApi(NamingProxy.java:498)
	at com.alibaba.nacos.client.naming.net.NamingProxy.sendBeat(NamingProxy.java:433)
	at com.alibaba.nacos.client.naming.beat.BeatReactor$BeatTask.run(BeatReactor.java:167)
	at java.util.concurrent.Executors$RunnableAdapter.call(Executors.java:511)
	at java.util.concurrent.FutureTask.run(FutureTask.java:266)
	at java.util.concurrent.ScheduledThreadPoolExecutor$ScheduledFutureTask.access$201(ScheduledThreadPoolExecutor.java:180)
	at java.util.concurrent.ScheduledThreadPoolExecutor$ScheduledFutureTask.run(ScheduledThreadPoolExecutor.java:293)
	at java.util.concurrent.ThreadPoolExecutor.runWorker(ThreadPoolExecutor.java:1142)
	at java.util.concurrent.ThreadPoolExecutor$Worker.run(ThreadPoolExecutor.java:617)
	at java.lang.Thread.run(Thread.java:748)
2025-03-26 01:04:30,666 ERROR [com.alibaba.nacos.client.Worker.longPolling.fixed-192.168.128.130_8848-xczx][ServerHttpAgent.java:169] - [NACOS SocketTimeoutException httpPost] currentServerAddr: http://192.168.128.130:8848， err : connect timed out
2025-03-26 01:04:31,757 ERROR [com.alibaba.nacos.naming.beat.sender][NamingProxy.java:617] - [NA] failed to request
java.net.SocketTimeoutException: connect timed out
	at java.net.DualStackPlainSocketImpl.waitForConnect(Native Method)
	at java.net.DualStackPlainSocketImpl.socketConnect(DualStackPlainSocketImpl.java:85)
	at java.net.AbstractPlainSocketImpl.doConnect(AbstractPlainSocketImpl.java:350)
	at java.net.AbstractPlainSocketImpl.connectToAddress(AbstractPlainSocketImpl.java:206)
	at java.net.AbstractPlainSocketImpl.connect(AbstractPlainSocketImpl.java:188)
	at java.net.PlainSocketImpl.connect(PlainSocketImpl.java:172)
	at java.net.SocksSocketImpl.connect(SocksSocketImpl.java:392)
	at java.net.Socket.connect(Socket.java:589)
	at sun.net.NetworkClient.doConnect(NetworkClient.java:175)
	at sun.net.www.http.HttpClient.openServer(HttpClient.java:463)
	at sun.net.www.http.HttpClient.openServer(HttpClient.java:558)
	at sun.net.www.http.HttpClient.<init>(HttpClient.java:242)
	at sun.net.www.http.HttpClient.New(HttpClient.java:339)
	at sun.net.www.http.HttpClient.New(HttpClient.java:357)
	at sun.net.www.protocol.http.HttpURLConnection.getNewHttpClient(HttpURLConnection.java:1202)
	at sun.net.www.protocol.http.HttpURLConnection.plainConnect0(HttpURLConnection.java:1138)
	at sun.net.www.protocol.http.HttpURLConnection.plainConnect(HttpURLConnection.java:1032)
	at sun.net.www.protocol.http.HttpURLConnection.connect(HttpURLConnection.java:966)
	at com.alibaba.nacos.common.http.client.request.JdkHttpClientRequest.execute(JdkHttpClientRequest.java:112)
	at com.alibaba.nacos.common.http.client.NacosRestTemplate.execute(NacosRestTemplate.java:482)
	at com.alibaba.nacos.common.http.client.NacosRestTemplate.exchangeForm(NacosRestTemplate.java:427)
	at com.alibaba.nacos.client.naming.net.NamingProxy.callServer(NamingProxy.java:603)
	at com.alibaba.nacos.client.naming.net.NamingProxy.reqApi(NamingProxy.java:526)
	at com.alibaba.nacos.client.naming.net.NamingProxy.reqApi(NamingProxy.java:498)
	at com.alibaba.nacos.client.naming.net.NamingProxy.sendBeat(NamingProxy.java:433)
	at com.alibaba.nacos.client.naming.beat.BeatReactor$BeatTask.run(BeatReactor.java:167)
	at java.util.concurrent.Executors$RunnableAdapter.call(Executors.java:511)
	at java.util.concurrent.FutureTask.run(FutureTask.java:266)
	at java.util.concurrent.ScheduledThreadPoolExecutor$ScheduledFutureTask.access$201(ScheduledThreadPoolExecutor.java:180)
	at java.util.concurrent.ScheduledThreadPoolExecutor$ScheduledFutureTask.run(ScheduledThreadPoolExecutor.java:293)
	at java.util.concurrent.ThreadPoolExecutor.runWorker(ThreadPoolExecutor.java:1142)
	at java.util.concurrent.ThreadPoolExecutor$Worker.run(ThreadPoolExecutor.java:617)
	at java.lang.Thread.run(Thread.java:748)
2025-03-26 01:04:33,681 ERROR [com.alibaba.nacos.client.Worker.longPolling.fixed-192.168.128.130_8848-xczx][ServerHttpAgent.java:169] - [NACOS SocketTimeoutException httpPost] currentServerAddr: http://192.168.128.130:8848， err : connect timed out
2025-03-26 01:04:34,767 ERROR [com.alibaba.nacos.naming.beat.sender][NamingProxy.java:617] - [NA] failed to request
java.net.SocketTimeoutException: connect timed out
	at java.net.DualStackPlainSocketImpl.waitForConnect(Native Method)
	at java.net.DualStackPlainSocketImpl.socketConnect(DualStackPlainSocketImpl.java:85)
	at java.net.AbstractPlainSocketImpl.doConnect(AbstractPlainSocketImpl.java:350)
	at java.net.AbstractPlainSocketImpl.connectToAddress(AbstractPlainSocketImpl.java:206)
	at java.net.AbstractPlainSocketImpl.connect(AbstractPlainSocketImpl.java:188)
	at java.net.PlainSocketImpl.connect(PlainSocketImpl.java:172)
	at java.net.SocksSocketImpl.connect(SocksSocketImpl.java:392)
	at java.net.Socket.connect(Socket.java:589)
	at sun.net.NetworkClient.doConnect(NetworkClient.java:175)
	at sun.net.www.http.HttpClient.openServer(HttpClient.java:463)
	at sun.net.www.http.HttpClient.openServer(HttpClient.java:558)
	at sun.net.www.http.HttpClient.<init>(HttpClient.java:242)
	at sun.net.www.http.HttpClient.New(HttpClient.java:339)
	at sun.net.www.http.HttpClient.New(HttpClient.java:357)
	at sun.net.www.protocol.http.HttpURLConnection.getNewHttpClient(HttpURLConnection.java:1202)
	at sun.net.www.protocol.http.HttpURLConnection.plainConnect0(HttpURLConnection.java:1138)
	at sun.net.www.protocol.http.HttpURLConnection.plainConnect(HttpURLConnection.java:1032)
	at sun.net.www.protocol.http.HttpURLConnection.connect(HttpURLConnection.java:966)
	at com.alibaba.nacos.common.http.client.request.JdkHttpClientRequest.execute(JdkHttpClientRequest.java:112)
	at com.alibaba.nacos.common.http.client.NacosRestTemplate.execute(NacosRestTemplate.java:482)
	at com.alibaba.nacos.common.http.client.NacosRestTemplate.exchangeForm(NacosRestTemplate.java:427)
	at com.alibaba.nacos.client.naming.net.NamingProxy.callServer(NamingProxy.java:603)
	at com.alibaba.nacos.client.naming.net.NamingProxy.reqApi(NamingProxy.java:526)
	at com.alibaba.nacos.client.naming.net.NamingProxy.reqApi(NamingProxy.java:498)
	at com.alibaba.nacos.client.naming.net.NamingProxy.sendBeat(NamingProxy.java:433)
	at com.alibaba.nacos.client.naming.beat.BeatReactor$BeatTask.run(BeatReactor.java:167)
	at java.util.concurrent.Executors$RunnableAdapter.call(Executors.java:511)
	at java.util.concurrent.FutureTask.run(FutureTask.java:266)
	at java.util.concurrent.ScheduledThreadPoolExecutor$ScheduledFutureTask.access$201(ScheduledThreadPoolExecutor.java:180)
	at java.util.concurrent.ScheduledThreadPoolExecutor$ScheduledFutureTask.run(ScheduledThreadPoolExecutor.java:293)
	at java.util.concurrent.ThreadPoolExecutor.runWorker(ThreadPoolExecutor.java:1142)
	at java.util.concurrent.ThreadPoolExecutor$Worker.run(ThreadPoolExecutor.java:617)
	at java.lang.Thread.run(Thread.java:748)
2025-03-26 01:04:34,770 ERROR [com.alibaba.nacos.naming.beat.sender][NamingProxy.java:552] - request: /nacos/v1/ns/instance/beat failed, servers: [192.168.128.130:8848], code: 500, msg: connect timed out
2025-03-26 01:04:34,770 ERROR [com.alibaba.nacos.naming.beat.sender][BeatReactor.java:198] - [CLIENT-BEAT] failed to send beat: {"port":63045,"ip":"10.65.24.129","weight":1.0,"serviceName":"group001@@system-service","cluster":"DEFAULT","metadata":{"preserved.register.source":"SPRING_CLOUD"},"scheduled":false,"period":5000,"stopped":false}, code: 500, msg: failed to req API:/nacos/v1/ns/instance/beat after all servers([192.168.128.130:8848]) tried: java.net.SocketTimeoutException: connect timed out
2025-03-26 01:04:36,687 ERROR [com.alibaba.nacos.client.Worker.longPolling.fixed-192.168.128.130_8848-xczx][ServerHttpAgent.java:169] - [NACOS SocketTimeoutException httpPost] currentServerAddr: http://192.168.128.130:8848， err : connect timed out
2025-03-26 01:04:36,688 ERROR [com.alibaba.nacos.client.Worker.longPolling.fixed-192.168.128.130_8848-xczx][ClientWorker.java:393] - [fixed-192.168.128.130_8848-xczx] [check-update] get changed dataId exception
java.net.ConnectException: [NACOS HTTP-POST] The maximum number of tolerable server reconnection errors has been reached
	at com.alibaba.nacos.client.config.http.ServerHttpAgent.httpPost(ServerHttpAgent.java:181)
	at com.alibaba.nacos.client.config.http.MetricsHttpAgent.httpPost(MetricsHttpAgent.java:67)
	at com.alibaba.nacos.client.config.impl.ClientWorker.checkUpdateConfigStr(ClientWorker.java:380)
	at com.alibaba.nacos.client.config.impl.ClientWorker.checkUpdateDataIds(ClientWorker.java:347)
	at com.alibaba.nacos.client.config.impl.ClientWorker$LongPollingRunnable.run(ClientWorker.java:535)
	at java.util.concurrent.Executors$RunnableAdapter.call(Executors.java:511)
	at java.util.concurrent.FutureTask.run(FutureTask.java:266)
	at java.util.concurrent.ScheduledThreadPoolExecutor$ScheduledFutureTask.access$201(ScheduledThreadPoolExecutor.java:180)
	at java.util.concurrent.ScheduledThreadPoolExecutor$ScheduledFutureTask.run(ScheduledThreadPoolExecutor.java:293)
	at java.util.concurrent.ThreadPoolExecutor.runWorker(ThreadPoolExecutor.java:1142)
	at java.util.concurrent.ThreadPoolExecutor$Worker.run(ThreadPoolExecutor.java:617)
	at java.lang.Thread.run(Thread.java:748)
2025-03-26 01:04:36,688 ERROR [com.alibaba.nacos.client.Worker.longPolling.fixed-192.168.128.130_8848-xczx][ClientWorker.java:580] - longPolling error : 
java.net.ConnectException: [NACOS HTTP-POST] The maximum number of tolerable server reconnection errors has been reached
	at com.alibaba.nacos.client.config.http.ServerHttpAgent.httpPost(ServerHttpAgent.java:181)
	at com.alibaba.nacos.client.config.http.MetricsHttpAgent.httpPost(MetricsHttpAgent.java:67)
	at com.alibaba.nacos.client.config.impl.ClientWorker.checkUpdateConfigStr(ClientWorker.java:380)
	at com.alibaba.nacos.client.config.impl.ClientWorker.checkUpdateDataIds(ClientWorker.java:347)
	at com.alibaba.nacos.client.config.impl.ClientWorker$LongPollingRunnable.run(ClientWorker.java:535)
	at java.util.concurrent.Executors$RunnableAdapter.call(Executors.java:511)
	at java.util.concurrent.FutureTask.run(FutureTask.java:266)
	at java.util.concurrent.ScheduledThreadPoolExecutor$ScheduledFutureTask.access$201(ScheduledThreadPoolExecutor.java:180)
	at java.util.concurrent.ScheduledThreadPoolExecutor$ScheduledFutureTask.run(ScheduledThreadPoolExecutor.java:293)
	at java.util.concurrent.ThreadPoolExecutor.runWorker(ThreadPoolExecutor.java:1142)
	at java.util.concurrent.ThreadPoolExecutor$Worker.run(ThreadPoolExecutor.java:617)
	at java.lang.Thread.run(Thread.java:748)
2025-03-26 01:04:41,707 ERROR [com.alibaba.nacos.client.Worker.longPolling.fixed-192.168.128.130_8848-xczx][ServerHttpAgent.java:169] - [NACOS SocketTimeoutException httpPost] currentServerAddr: http://192.168.128.130:8848， err : connect timed out
2025-03-26 01:04:42,783 ERROR [com.alibaba.nacos.naming.beat.sender][NamingProxy.java:617] - [NA] failed to request
java.net.SocketTimeoutException: connect timed out
	at java.net.DualStackPlainSocketImpl.waitForConnect(Native Method)
	at java.net.DualStackPlainSocketImpl.socketConnect(DualStackPlainSocketImpl.java:85)
	at java.net.AbstractPlainSocketImpl.doConnect(AbstractPlainSocketImpl.java:350)
	at java.net.AbstractPlainSocketImpl.connectToAddress(AbstractPlainSocketImpl.java:206)
	at java.net.AbstractPlainSocketImpl.connect(AbstractPlainSocketImpl.java:188)
	at java.net.PlainSocketImpl.connect(PlainSocketImpl.java:172)
	at java.net.SocksSocketImpl.connect(SocksSocketImpl.java:392)
	at java.net.Socket.connect(Socket.java:589)
	at sun.net.NetworkClient.doConnect(NetworkClient.java:175)
	at sun.net.www.http.HttpClient.openServer(HttpClient.java:463)
	at sun.net.www.http.HttpClient.openServer(HttpClient.java:558)
	at sun.net.www.http.HttpClient.<init>(HttpClient.java:242)
	at sun.net.www.http.HttpClient.New(HttpClient.java:339)
	at sun.net.www.http.HttpClient.New(HttpClient.java:357)
	at sun.net.www.protocol.http.HttpURLConnection.getNewHttpClient(HttpURLConnection.java:1202)
	at sun.net.www.protocol.http.HttpURLConnection.plainConnect0(HttpURLConnection.java:1138)
	at sun.net.www.protocol.http.HttpURLConnection.plainConnect(HttpURLConnection.java:1032)
	at sun.net.www.protocol.http.HttpURLConnection.connect(HttpURLConnection.java:966)
	at com.alibaba.nacos.common.http.client.request.JdkHttpClientRequest.execute(JdkHttpClientRequest.java:112)
	at com.alibaba.nacos.common.http.client.NacosRestTemplate.execute(NacosRestTemplate.java:482)
	at com.alibaba.nacos.common.http.client.NacosRestTemplate.exchangeForm(NacosRestTemplate.java:427)
	at com.alibaba.nacos.client.naming.net.NamingProxy.callServer(NamingProxy.java:603)
	at com.alibaba.nacos.client.naming.net.NamingProxy.reqApi(NamingProxy.java:526)
	at com.alibaba.nacos.client.naming.net.NamingProxy.reqApi(NamingProxy.java:498)
	at com.alibaba.nacos.client.naming.net.NamingProxy.sendBeat(NamingProxy.java:433)
	at com.alibaba.nacos.client.naming.beat.BeatReactor$BeatTask.run(BeatReactor.java:167)
	at java.util.concurrent.Executors$RunnableAdapter.call(Executors.java:511)
	at java.util.concurrent.FutureTask.run(FutureTask.java:266)
	at java.util.concurrent.ScheduledThreadPoolExecutor$ScheduledFutureTask.access$201(ScheduledThreadPoolExecutor.java:180)
	at java.util.concurrent.ScheduledThreadPoolExecutor$ScheduledFutureTask.run(ScheduledThreadPoolExecutor.java:293)
	at java.util.concurrent.ThreadPoolExecutor.runWorker(ThreadPoolExecutor.java:1142)
	at java.util.concurrent.ThreadPoolExecutor$Worker.run(ThreadPoolExecutor.java:617)
	at java.lang.Thread.run(Thread.java:748)
2025-03-26 01:04:44,715 ERROR [com.alibaba.nacos.client.Worker.longPolling.fixed-192.168.128.130_8848-xczx][ServerHttpAgent.java:169] - [NACOS SocketTimeoutException httpPost] currentServerAddr: http://192.168.128.130:8848， err : connect timed out
2025-03-26 01:04:45,794 ERROR [com.alibaba.nacos.naming.beat.sender][NamingProxy.java:617] - [NA] failed to request
java.net.SocketTimeoutException: connect timed out
	at java.net.DualStackPlainSocketImpl.waitForConnect(Native Method)
	at java.net.DualStackPlainSocketImpl.socketConnect(DualStackPlainSocketImpl.java:85)
	at java.net.AbstractPlainSocketImpl.doConnect(AbstractPlainSocketImpl.java:350)
	at java.net.AbstractPlainSocketImpl.connectToAddress(AbstractPlainSocketImpl.java:206)
	at java.net.AbstractPlainSocketImpl.connect(AbstractPlainSocketImpl.java:188)
	at java.net.PlainSocketImpl.connect(PlainSocketImpl.java:172)
	at java.net.SocksSocketImpl.connect(SocksSocketImpl.java:392)
	at java.net.Socket.connect(Socket.java:589)
	at sun.net.NetworkClient.doConnect(NetworkClient.java:175)
	at sun.net.www.http.HttpClient.openServer(HttpClient.java:463)
	at sun.net.www.http.HttpClient.openServer(HttpClient.java:558)
	at sun.net.www.http.HttpClient.<init>(HttpClient.java:242)
	at sun.net.www.http.HttpClient.New(HttpClient.java:339)
	at sun.net.www.http.HttpClient.New(HttpClient.java:357)
	at sun.net.www.protocol.http.HttpURLConnection.getNewHttpClient(HttpURLConnection.java:1202)
	at sun.net.www.protocol.http.HttpURLConnection.plainConnect0(HttpURLConnection.java:1138)
	at sun.net.www.protocol.http.HttpURLConnection.plainConnect(HttpURLConnection.java:1032)
	at sun.net.www.protocol.http.HttpURLConnection.connect(HttpURLConnection.java:966)
	at com.alibaba.nacos.common.http.client.request.JdkHttpClientRequest.execute(JdkHttpClientRequest.java:112)
	at com.alibaba.nacos.common.http.client.NacosRestTemplate.execute(NacosRestTemplate.java:482)
	at com.alibaba.nacos.common.http.client.NacosRestTemplate.exchangeForm(NacosRestTemplate.java:427)
	at com.alibaba.nacos.client.naming.net.NamingProxy.callServer(NamingProxy.java:603)
	at com.alibaba.nacos.client.naming.net.NamingProxy.reqApi(NamingProxy.java:526)
	at com.alibaba.nacos.client.naming.net.NamingProxy.reqApi(NamingProxy.java:498)
	at com.alibaba.nacos.client.naming.net.NamingProxy.sendBeat(NamingProxy.java:433)
	at com.alibaba.nacos.client.naming.beat.BeatReactor$BeatTask.run(BeatReactor.java:167)
	at java.util.concurrent.Executors$RunnableAdapter.call(Executors.java:511)
	at java.util.concurrent.FutureTask.run(FutureTask.java:266)
	at java.util.concurrent.ScheduledThreadPoolExecutor$ScheduledFutureTask.access$201(ScheduledThreadPoolExecutor.java:180)
	at java.util.concurrent.ScheduledThreadPoolExecutor$ScheduledFutureTask.run(ScheduledThreadPoolExecutor.java:293)
	at java.util.concurrent.ThreadPoolExecutor.runWorker(ThreadPoolExecutor.java:1142)
	at java.util.concurrent.ThreadPoolExecutor$Worker.run(ThreadPoolExecutor.java:617)
	at java.lang.Thread.run(Thread.java:748)
2025-03-26 01:04:47,725 ERROR [com.alibaba.nacos.client.Worker.longPolling.fixed-192.168.128.130_8848-xczx][ServerHttpAgent.java:169] - [NACOS SocketTimeoutException httpPost] currentServerAddr: http://192.168.128.130:8848， err : connect timed out
2025-03-26 01:04:48,798 ERROR [com.alibaba.nacos.naming.beat.sender][NamingProxy.java:617] - [NA] failed to request
java.net.SocketTimeoutException: connect timed out
	at java.net.DualStackPlainSocketImpl.waitForConnect(Native Method)
	at java.net.DualStackPlainSocketImpl.socketConnect(DualStackPlainSocketImpl.java:85)
	at java.net.AbstractPlainSocketImpl.doConnect(AbstractPlainSocketImpl.java:350)
	at java.net.AbstractPlainSocketImpl.connectToAddress(AbstractPlainSocketImpl.java:206)
	at java.net.AbstractPlainSocketImpl.connect(AbstractPlainSocketImpl.java:188)
	at java.net.PlainSocketImpl.connect(PlainSocketImpl.java:172)
	at java.net.SocksSocketImpl.connect(SocksSocketImpl.java:392)
	at java.net.Socket.connect(Socket.java:589)
	at sun.net.NetworkClient.doConnect(NetworkClient.java:175)
	at sun.net.www.http.HttpClient.openServer(HttpClient.java:463)
	at sun.net.www.http.HttpClient.openServer(HttpClient.java:558)
	at sun.net.www.http.HttpClient.<init>(HttpClient.java:242)
	at sun.net.www.http.HttpClient.New(HttpClient.java:339)
	at sun.net.www.http.HttpClient.New(HttpClient.java:357)
	at sun.net.www.protocol.http.HttpURLConnection.getNewHttpClient(HttpURLConnection.java:1202)
	at sun.net.www.protocol.http.HttpURLConnection.plainConnect0(HttpURLConnection.java:1138)
	at sun.net.www.protocol.http.HttpURLConnection.plainConnect(HttpURLConnection.java:1032)
	at sun.net.www.protocol.http.HttpURLConnection.connect(HttpURLConnection.java:966)
	at com.alibaba.nacos.common.http.client.request.JdkHttpClientRequest.execute(JdkHttpClientRequest.java:112)
	at com.alibaba.nacos.common.http.client.NacosRestTemplate.execute(NacosRestTemplate.java:482)
	at com.alibaba.nacos.common.http.client.NacosRestTemplate.exchangeForm(NacosRestTemplate.java:427)
	at com.alibaba.nacos.client.naming.net.NamingProxy.callServer(NamingProxy.java:603)
	at com.alibaba.nacos.client.naming.net.NamingProxy.reqApi(NamingProxy.java:526)
	at com.alibaba.nacos.client.naming.net.NamingProxy.reqApi(NamingProxy.java:498)
	at com.alibaba.nacos.client.naming.net.NamingProxy.sendBeat(NamingProxy.java:433)
	at com.alibaba.nacos.client.naming.beat.BeatReactor$BeatTask.run(BeatReactor.java:167)
	at java.util.concurrent.Executors$RunnableAdapter.call(Executors.java:511)
	at java.util.concurrent.FutureTask.run(FutureTask.java:266)
	at java.util.concurrent.ScheduledThreadPoolExecutor$ScheduledFutureTask.access$201(ScheduledThreadPoolExecutor.java:180)
	at java.util.concurrent.ScheduledThreadPoolExecutor$ScheduledFutureTask.run(ScheduledThreadPoolExecutor.java:293)
	at java.util.concurrent.ThreadPoolExecutor.runWorker(ThreadPoolExecutor.java:1142)
	at java.util.concurrent.ThreadPoolExecutor$Worker.run(ThreadPoolExecutor.java:617)
	at java.lang.Thread.run(Thread.java:748)
2025-03-26 01:04:48,800 ERROR [com.alibaba.nacos.naming.beat.sender][NamingProxy.java:552] - request: /nacos/v1/ns/instance/beat failed, servers: [192.168.128.130:8848], code: 500, msg: connect timed out
2025-03-26 01:04:48,800 ERROR [com.alibaba.nacos.naming.beat.sender][BeatReactor.java:198] - [CLIENT-BEAT] failed to send beat: {"port":63045,"ip":"10.65.24.129","weight":1.0,"serviceName":"group001@@system-service","cluster":"DEFAULT","metadata":{"preserved.register.source":"SPRING_CLOUD"},"scheduled":false,"period":5000,"stopped":false}, code: 500, msg: failed to req API:/nacos/v1/ns/instance/beat after all servers([192.168.128.130:8848]) tried: java.net.SocketTimeoutException: connect timed out
2025-03-26 01:04:50,740 ERROR [com.alibaba.nacos.client.Worker.longPolling.fixed-192.168.128.130_8848-xczx][ServerHttpAgent.java:169] - [NACOS SocketTimeoutException httpPost] currentServerAddr: http://192.168.128.130:8848， err : connect timed out
2025-03-26 01:04:50,742 ERROR [com.alibaba.nacos.client.Worker.longPolling.fixed-192.168.128.130_8848-xczx][ClientWorker.java:393] - [fixed-192.168.128.130_8848-xczx] [check-update] get changed dataId exception
java.net.ConnectException: [NACOS HTTP-POST] The maximum number of tolerable server reconnection errors has been reached
	at com.alibaba.nacos.client.config.http.ServerHttpAgent.httpPost(ServerHttpAgent.java:181)
	at com.alibaba.nacos.client.config.http.MetricsHttpAgent.httpPost(MetricsHttpAgent.java:67)
	at com.alibaba.nacos.client.config.impl.ClientWorker.checkUpdateConfigStr(ClientWorker.java:380)
	at com.alibaba.nacos.client.config.impl.ClientWorker.checkUpdateDataIds(ClientWorker.java:347)
	at com.alibaba.nacos.client.config.impl.ClientWorker$LongPollingRunnable.run(ClientWorker.java:535)
	at java.util.concurrent.Executors$RunnableAdapter.call(Executors.java:511)
	at java.util.concurrent.FutureTask.run(FutureTask.java:266)
	at java.util.concurrent.ScheduledThreadPoolExecutor$ScheduledFutureTask.access$201(ScheduledThreadPoolExecutor.java:180)
	at java.util.concurrent.ScheduledThreadPoolExecutor$ScheduledFutureTask.run(ScheduledThreadPoolExecutor.java:293)
	at java.util.concurrent.ThreadPoolExecutor.runWorker(ThreadPoolExecutor.java:1142)
	at java.util.concurrent.ThreadPoolExecutor$Worker.run(ThreadPoolExecutor.java:617)
	at java.lang.Thread.run(Thread.java:748)
2025-03-26 01:04:50,742 ERROR [com.alibaba.nacos.client.Worker.longPolling.fixed-192.168.128.130_8848-xczx][ClientWorker.java:580] - longPolling error : 
java.net.ConnectException: [NACOS HTTP-POST] The maximum number of tolerable server reconnection errors has been reached
	at com.alibaba.nacos.client.config.http.ServerHttpAgent.httpPost(ServerHttpAgent.java:181)
	at com.alibaba.nacos.client.config.http.MetricsHttpAgent.httpPost(MetricsHttpAgent.java:67)
	at com.alibaba.nacos.client.config.impl.ClientWorker.checkUpdateConfigStr(ClientWorker.java:380)
	at com.alibaba.nacos.client.config.impl.ClientWorker.checkUpdateDataIds(ClientWorker.java:347)
	at com.alibaba.nacos.client.config.impl.ClientWorker$LongPollingRunnable.run(ClientWorker.java:535)
	at java.util.concurrent.Executors$RunnableAdapter.call(Executors.java:511)
	at java.util.concurrent.FutureTask.run(FutureTask.java:266)
	at java.util.concurrent.ScheduledThreadPoolExecutor$ScheduledFutureTask.access$201(ScheduledThreadPoolExecutor.java:180)
	at java.util.concurrent.ScheduledThreadPoolExecutor$ScheduledFutureTask.run(ScheduledThreadPoolExecutor.java:293)
	at java.util.concurrent.ThreadPoolExecutor.runWorker(ThreadPoolExecutor.java:1142)
	at java.util.concurrent.ThreadPoolExecutor$Worker.run(ThreadPoolExecutor.java:617)
	at java.lang.Thread.run(Thread.java:748)
2025-03-26 01:04:55,770 ERROR [com.alibaba.nacos.client.Worker.longPolling.fixed-192.168.128.130_8848-xczx][ServerHttpAgent.java:169] - [NACOS SocketTimeoutException httpPost] currentServerAddr: http://192.168.128.130:8848， err : connect timed out
2025-03-26 01:04:56,817 ERROR [com.alibaba.nacos.naming.beat.sender][NamingProxy.java:617] - [NA] failed to request
java.net.SocketTimeoutException: connect timed out
	at java.net.DualStackPlainSocketImpl.waitForConnect(Native Method)
	at java.net.DualStackPlainSocketImpl.socketConnect(DualStackPlainSocketImpl.java:85)
	at java.net.AbstractPlainSocketImpl.doConnect(AbstractPlainSocketImpl.java:350)
	at java.net.AbstractPlainSocketImpl.connectToAddress(AbstractPlainSocketImpl.java:206)
	at java.net.AbstractPlainSocketImpl.connect(AbstractPlainSocketImpl.java:188)
	at java.net.PlainSocketImpl.connect(PlainSocketImpl.java:172)
	at java.net.SocksSocketImpl.connect(SocksSocketImpl.java:392)
	at java.net.Socket.connect(Socket.java:589)
	at sun.net.NetworkClient.doConnect(NetworkClient.java:175)
	at sun.net.www.http.HttpClient.openServer(HttpClient.java:463)
	at sun.net.www.http.HttpClient.openServer(HttpClient.java:558)
	at sun.net.www.http.HttpClient.<init>(HttpClient.java:242)
	at sun.net.www.http.HttpClient.New(HttpClient.java:339)
	at sun.net.www.http.HttpClient.New(HttpClient.java:357)
	at sun.net.www.protocol.http.HttpURLConnection.getNewHttpClient(HttpURLConnection.java:1202)
	at sun.net.www.protocol.http.HttpURLConnection.plainConnect0(HttpURLConnection.java:1138)
	at sun.net.www.protocol.http.HttpURLConnection.plainConnect(HttpURLConnection.java:1032)
	at sun.net.www.protocol.http.HttpURLConnection.connect(HttpURLConnection.java:966)
	at com.alibaba.nacos.common.http.client.request.JdkHttpClientRequest.execute(JdkHttpClientRequest.java:112)
	at com.alibaba.nacos.common.http.client.NacosRestTemplate.execute(NacosRestTemplate.java:482)
	at com.alibaba.nacos.common.http.client.NacosRestTemplate.exchangeForm(NacosRestTemplate.java:427)
	at com.alibaba.nacos.client.naming.net.NamingProxy.callServer(NamingProxy.java:603)
	at com.alibaba.nacos.client.naming.net.NamingProxy.reqApi(NamingProxy.java:526)
	at com.alibaba.nacos.client.naming.net.NamingProxy.reqApi(NamingProxy.java:498)
	at com.alibaba.nacos.client.naming.net.NamingProxy.sendBeat(NamingProxy.java:433)
	at com.alibaba.nacos.client.naming.beat.BeatReactor$BeatTask.run(BeatReactor.java:167)
	at java.util.concurrent.Executors$RunnableAdapter.call(Executors.java:511)
	at java.util.concurrent.FutureTask.run(FutureTask.java:266)
	at java.util.concurrent.ScheduledThreadPoolExecutor$ScheduledFutureTask.access$201(ScheduledThreadPoolExecutor.java:180)
	at java.util.concurrent.ScheduledThreadPoolExecutor$ScheduledFutureTask.run(ScheduledThreadPoolExecutor.java:293)
	at java.util.concurrent.ThreadPoolExecutor.runWorker(ThreadPoolExecutor.java:1142)
	at java.util.concurrent.ThreadPoolExecutor$Worker.run(ThreadPoolExecutor.java:617)
	at java.lang.Thread.run(Thread.java:748)
2025-03-26 01:04:58,782 ERROR [com.alibaba.nacos.client.Worker.longPolling.fixed-192.168.128.130_8848-xczx][ServerHttpAgent.java:169] - [NACOS SocketTimeoutException httpPost] currentServerAddr: http://192.168.128.130:8848， err : connect timed out
2025-03-26 01:04:59,830 ERROR [com.alibaba.nacos.naming.beat.sender][NamingProxy.java:617] - [NA] failed to request
java.net.SocketTimeoutException: connect timed out
	at java.net.DualStackPlainSocketImpl.waitForConnect(Native Method)
	at java.net.DualStackPlainSocketImpl.socketConnect(DualStackPlainSocketImpl.java:85)
	at java.net.AbstractPlainSocketImpl.doConnect(AbstractPlainSocketImpl.java:350)
	at java.net.AbstractPlainSocketImpl.connectToAddress(AbstractPlainSocketImpl.java:206)
	at java.net.AbstractPlainSocketImpl.connect(AbstractPlainSocketImpl.java:188)
	at java.net.PlainSocketImpl.connect(PlainSocketImpl.java:172)
	at java.net.SocksSocketImpl.connect(SocksSocketImpl.java:392)
	at java.net.Socket.connect(Socket.java:589)
	at sun.net.NetworkClient.doConnect(NetworkClient.java:175)
	at sun.net.www.http.HttpClient.openServer(HttpClient.java:463)
	at sun.net.www.http.HttpClient.openServer(HttpClient.java:558)
	at sun.net.www.http.HttpClient.<init>(HttpClient.java:242)
	at sun.net.www.http.HttpClient.New(HttpClient.java:339)
	at sun.net.www.http.HttpClient.New(HttpClient.java:357)
	at sun.net.www.protocol.http.HttpURLConnection.getNewHttpClient(HttpURLConnection.java:1202)
	at sun.net.www.protocol.http.HttpURLConnection.plainConnect0(HttpURLConnection.java:1138)
	at sun.net.www.protocol.http.HttpURLConnection.plainConnect(HttpURLConnection.java:1032)
	at sun.net.www.protocol.http.HttpURLConnection.connect(HttpURLConnection.java:966)
	at com.alibaba.nacos.common.http.client.request.JdkHttpClientRequest.execute(JdkHttpClientRequest.java:112)
	at com.alibaba.nacos.common.http.client.NacosRestTemplate.execute(NacosRestTemplate.java:482)
	at com.alibaba.nacos.common.http.client.NacosRestTemplate.exchangeForm(NacosRestTemplate.java:427)
	at com.alibaba.nacos.client.naming.net.NamingProxy.callServer(NamingProxy.java:603)
	at com.alibaba.nacos.client.naming.net.NamingProxy.reqApi(NamingProxy.java:526)
	at com.alibaba.nacos.client.naming.net.NamingProxy.reqApi(NamingProxy.java:498)
	at com.alibaba.nacos.client.naming.net.NamingProxy.sendBeat(NamingProxy.java:433)
	at com.alibaba.nacos.client.naming.beat.BeatReactor$BeatTask.run(BeatReactor.java:167)
	at java.util.concurrent.Executors$RunnableAdapter.call(Executors.java:511)
	at java.util.concurrent.FutureTask.run(FutureTask.java:266)
	at java.util.concurrent.ScheduledThreadPoolExecutor$ScheduledFutureTask.access$201(ScheduledThreadPoolExecutor.java:180)
	at java.util.concurrent.ScheduledThreadPoolExecutor$ScheduledFutureTask.run(ScheduledThreadPoolExecutor.java:293)
	at java.util.concurrent.ThreadPoolExecutor.runWorker(ThreadPoolExecutor.java:1142)
	at java.util.concurrent.ThreadPoolExecutor$Worker.run(ThreadPoolExecutor.java:617)
	at java.lang.Thread.run(Thread.java:748)
2025-03-26 01:05:01,795 ERROR [com.alibaba.nacos.client.Worker.longPolling.fixed-192.168.128.130_8848-xczx][ServerHttpAgent.java:169] - [NACOS SocketTimeoutException httpPost] currentServerAddr: http://192.168.128.130:8848， err : connect timed out
2025-03-26 01:05:02,843 ERROR [com.alibaba.nacos.naming.beat.sender][NamingProxy.java:617] - [NA] failed to request
java.net.SocketTimeoutException: connect timed out
	at java.net.DualStackPlainSocketImpl.waitForConnect(Native Method)
	at java.net.DualStackPlainSocketImpl.socketConnect(DualStackPlainSocketImpl.java:85)
	at java.net.AbstractPlainSocketImpl.doConnect(AbstractPlainSocketImpl.java:350)
	at java.net.AbstractPlainSocketImpl.connectToAddress(AbstractPlainSocketImpl.java:206)
	at java.net.AbstractPlainSocketImpl.connect(AbstractPlainSocketImpl.java:188)
	at java.net.PlainSocketImpl.connect(PlainSocketImpl.java:172)
	at java.net.SocksSocketImpl.connect(SocksSocketImpl.java:392)
	at java.net.Socket.connect(Socket.java:589)
	at sun.net.NetworkClient.doConnect(NetworkClient.java:175)
	at sun.net.www.http.HttpClient.openServer(HttpClient.java:463)
	at sun.net.www.http.HttpClient.openServer(HttpClient.java:558)
	at sun.net.www.http.HttpClient.<init>(HttpClient.java:242)
	at sun.net.www.http.HttpClient.New(HttpClient.java:339)
	at sun.net.www.http.HttpClient.New(HttpClient.java:357)
	at sun.net.www.protocol.http.HttpURLConnection.getNewHttpClient(HttpURLConnection.java:1202)
	at sun.net.www.protocol.http.HttpURLConnection.plainConnect0(HttpURLConnection.java:1138)
	at sun.net.www.protocol.http.HttpURLConnection.plainConnect(HttpURLConnection.java:1032)
	at sun.net.www.protocol.http.HttpURLConnection.connect(HttpURLConnection.java:966)
	at com.alibaba.nacos.common.http.client.request.JdkHttpClientRequest.execute(JdkHttpClientRequest.java:112)
	at com.alibaba.nacos.common.http.client.NacosRestTemplate.execute(NacosRestTemplate.java:482)
	at com.alibaba.nacos.common.http.client.NacosRestTemplate.exchangeForm(NacosRestTemplate.java:427)
	at com.alibaba.nacos.client.naming.net.NamingProxy.callServer(NamingProxy.java:603)
	at com.alibaba.nacos.client.naming.net.NamingProxy.reqApi(NamingProxy.java:526)
	at com.alibaba.nacos.client.naming.net.NamingProxy.reqApi(NamingProxy.java:498)
	at com.alibaba.nacos.client.naming.net.NamingProxy.sendBeat(NamingProxy.java:433)
	at com.alibaba.nacos.client.naming.beat.BeatReactor$BeatTask.run(BeatReactor.java:167)
	at java.util.concurrent.Executors$RunnableAdapter.call(Executors.java:511)
	at java.util.concurrent.FutureTask.run(FutureTask.java:266)
	at java.util.concurrent.ScheduledThreadPoolExecutor$ScheduledFutureTask.access$201(ScheduledThreadPoolExecutor.java:180)
	at java.util.concurrent.ScheduledThreadPoolExecutor$ScheduledFutureTask.run(ScheduledThreadPoolExecutor.java:293)
	at java.util.concurrent.ThreadPoolExecutor.runWorker(ThreadPoolExecutor.java:1142)
	at java.util.concurrent.ThreadPoolExecutor$Worker.run(ThreadPoolExecutor.java:617)
	at java.lang.Thread.run(Thread.java:748)
2025-03-26 01:05:02,848 ERROR [com.alibaba.nacos.naming.beat.sender][NamingProxy.java:552] - request: /nacos/v1/ns/instance/beat failed, servers: [192.168.128.130:8848], code: 500, msg: connect timed out
2025-03-26 01:05:02,848 ERROR [com.alibaba.nacos.naming.beat.sender][BeatReactor.java:198] - [CLIENT-BEAT] failed to send beat: {"port":63045,"ip":"10.65.24.129","weight":1.0,"serviceName":"group001@@system-service","cluster":"DEFAULT","metadata":{"preserved.register.source":"SPRING_CLOUD"},"scheduled":false,"period":5000,"stopped":false}, code: 500, msg: failed to req API:/nacos/v1/ns/instance/beat after all servers([192.168.128.130:8848]) tried: java.net.SocketTimeoutException: connect timed out
2025-03-26 01:05:04,808 ERROR [com.alibaba.nacos.client.Worker.longPolling.fixed-192.168.128.130_8848-xczx][ServerHttpAgent.java:169] - [NACOS SocketTimeoutException httpPost] currentServerAddr: http://192.168.128.130:8848， err : connect timed out
2025-03-26 01:05:04,808 ERROR [com.alibaba.nacos.client.Worker.longPolling.fixed-192.168.128.130_8848-xczx][ClientWorker.java:393] - [fixed-192.168.128.130_8848-xczx] [check-update] get changed dataId exception
java.net.ConnectException: [NACOS HTTP-POST] The maximum number of tolerable server reconnection errors has been reached
	at com.alibaba.nacos.client.config.http.ServerHttpAgent.httpPost(ServerHttpAgent.java:181)
	at com.alibaba.nacos.client.config.http.MetricsHttpAgent.httpPost(MetricsHttpAgent.java:67)
	at com.alibaba.nacos.client.config.impl.ClientWorker.checkUpdateConfigStr(ClientWorker.java:380)
	at com.alibaba.nacos.client.config.impl.ClientWorker.checkUpdateDataIds(ClientWorker.java:347)
	at com.alibaba.nacos.client.config.impl.ClientWorker$LongPollingRunnable.run(ClientWorker.java:535)
	at java.util.concurrent.Executors$RunnableAdapter.call(Executors.java:511)
	at java.util.concurrent.FutureTask.run(FutureTask.java:266)
	at java.util.concurrent.ScheduledThreadPoolExecutor$ScheduledFutureTask.access$201(ScheduledThreadPoolExecutor.java:180)
	at java.util.concurrent.ScheduledThreadPoolExecutor$ScheduledFutureTask.run(ScheduledThreadPoolExecutor.java:293)
	at java.util.concurrent.ThreadPoolExecutor.runWorker(ThreadPoolExecutor.java:1142)
	at java.util.concurrent.ThreadPoolExecutor$Worker.run(ThreadPoolExecutor.java:617)
	at java.lang.Thread.run(Thread.java:748)
2025-03-26 01:05:04,809 ERROR [com.alibaba.nacos.client.Worker.longPolling.fixed-192.168.128.130_8848-xczx][ClientWorker.java:580] - longPolling error : 
java.net.ConnectException: [NACOS HTTP-POST] The maximum number of tolerable server reconnection errors has been reached
	at com.alibaba.nacos.client.config.http.ServerHttpAgent.httpPost(ServerHttpAgent.java:181)
	at com.alibaba.nacos.client.config.http.MetricsHttpAgent.httpPost(MetricsHttpAgent.java:67)
	at com.alibaba.nacos.client.config.impl.ClientWorker.checkUpdateConfigStr(ClientWorker.java:380)
	at com.alibaba.nacos.client.config.impl.ClientWorker.checkUpdateDataIds(ClientWorker.java:347)
	at com.alibaba.nacos.client.config.impl.ClientWorker$LongPollingRunnable.run(ClientWorker.java:535)
	at java.util.concurrent.Executors$RunnableAdapter.call(Executors.java:511)
	at java.util.concurrent.FutureTask.run(FutureTask.java:266)
	at java.util.concurrent.ScheduledThreadPoolExecutor$ScheduledFutureTask.access$201(ScheduledThreadPoolExecutor.java:180)
	at java.util.concurrent.ScheduledThreadPoolExecutor$ScheduledFutureTask.run(ScheduledThreadPoolExecutor.java:293)
	at java.util.concurrent.ThreadPoolExecutor.runWorker(ThreadPoolExecutor.java:1142)
	at java.util.concurrent.ThreadPoolExecutor$Worker.run(ThreadPoolExecutor.java:617)
	at java.lang.Thread.run(Thread.java:748)
2025-03-26 01:05:09,836 ERROR [com.alibaba.nacos.client.Worker.longPolling.fixed-192.168.128.130_8848-xczx][ServerHttpAgent.java:169] - [NACOS SocketTimeoutException httpPost] currentServerAddr: http://192.168.128.130:8848， err : connect timed out
2025-03-26 01:05:10,866 ERROR [com.alibaba.nacos.naming.beat.sender][NamingProxy.java:617] - [NA] failed to request
java.net.SocketTimeoutException: connect timed out
	at java.net.DualStackPlainSocketImpl.waitForConnect(Native Method)
	at java.net.DualStackPlainSocketImpl.socketConnect(DualStackPlainSocketImpl.java:85)
	at java.net.AbstractPlainSocketImpl.doConnect(AbstractPlainSocketImpl.java:350)
	at java.net.AbstractPlainSocketImpl.connectToAddress(AbstractPlainSocketImpl.java:206)
	at java.net.AbstractPlainSocketImpl.connect(AbstractPlainSocketImpl.java:188)
	at java.net.PlainSocketImpl.connect(PlainSocketImpl.java:172)
	at java.net.SocksSocketImpl.connect(SocksSocketImpl.java:392)
	at java.net.Socket.connect(Socket.java:589)
	at sun.net.NetworkClient.doConnect(NetworkClient.java:175)
	at sun.net.www.http.HttpClient.openServer(HttpClient.java:463)
	at sun.net.www.http.HttpClient.openServer(HttpClient.java:558)
	at sun.net.www.http.HttpClient.<init>(HttpClient.java:242)
	at sun.net.www.http.HttpClient.New(HttpClient.java:339)
	at sun.net.www.http.HttpClient.New(HttpClient.java:357)
	at sun.net.www.protocol.http.HttpURLConnection.getNewHttpClient(HttpURLConnection.java:1202)
	at sun.net.www.protocol.http.HttpURLConnection.plainConnect0(HttpURLConnection.java:1138)
	at sun.net.www.protocol.http.HttpURLConnection.plainConnect(HttpURLConnection.java:1032)
	at sun.net.www.protocol.http.HttpURLConnection.connect(HttpURLConnection.java:966)
	at com.alibaba.nacos.common.http.client.request.JdkHttpClientRequest.execute(JdkHttpClientRequest.java:112)
	at com.alibaba.nacos.common.http.client.NacosRestTemplate.execute(NacosRestTemplate.java:482)
	at com.alibaba.nacos.common.http.client.NacosRestTemplate.exchangeForm(NacosRestTemplate.java:427)
	at com.alibaba.nacos.client.naming.net.NamingProxy.callServer(NamingProxy.java:603)
	at com.alibaba.nacos.client.naming.net.NamingProxy.reqApi(NamingProxy.java:526)
	at com.alibaba.nacos.client.naming.net.NamingProxy.reqApi(NamingProxy.java:498)
	at com.alibaba.nacos.client.naming.net.NamingProxy.sendBeat(NamingProxy.java:433)
	at com.alibaba.nacos.client.naming.beat.BeatReactor$BeatTask.run(BeatReactor.java:167)
	at java.util.concurrent.Executors$RunnableAdapter.call(Executors.java:511)
	at java.util.concurrent.FutureTask.run(FutureTask.java:266)
	at java.util.concurrent.ScheduledThreadPoolExecutor$ScheduledFutureTask.access$201(ScheduledThreadPoolExecutor.java:180)
	at java.util.concurrent.ScheduledThreadPoolExecutor$ScheduledFutureTask.run(ScheduledThreadPoolExecutor.java:293)
	at java.util.concurrent.ThreadPoolExecutor.runWorker(ThreadPoolExecutor.java:1142)
	at java.util.concurrent.ThreadPoolExecutor$Worker.run(ThreadPoolExecutor.java:617)
	at java.lang.Thread.run(Thread.java:748)
2025-03-26 01:05:12,852 ERROR [com.alibaba.nacos.client.Worker.longPolling.fixed-192.168.128.130_8848-xczx][ServerHttpAgent.java:169] - [NACOS SocketTimeoutException httpPost] currentServerAddr: http://192.168.128.130:8848， err : connect timed out
2025-03-26 01:05:13,879 ERROR [com.alibaba.nacos.naming.beat.sender][NamingProxy.java:617] - [NA] failed to request
java.net.SocketTimeoutException: connect timed out
	at java.net.DualStackPlainSocketImpl.waitForConnect(Native Method)
	at java.net.DualStackPlainSocketImpl.socketConnect(DualStackPlainSocketImpl.java:85)
	at java.net.AbstractPlainSocketImpl.doConnect(AbstractPlainSocketImpl.java:350)
	at java.net.AbstractPlainSocketImpl.connectToAddress(AbstractPlainSocketImpl.java:206)
	at java.net.AbstractPlainSocketImpl.connect(AbstractPlainSocketImpl.java:188)
	at java.net.PlainSocketImpl.connect(PlainSocketImpl.java:172)
	at java.net.SocksSocketImpl.connect(SocksSocketImpl.java:392)
	at java.net.Socket.connect(Socket.java:589)
	at sun.net.NetworkClient.doConnect(NetworkClient.java:175)
	at sun.net.www.http.HttpClient.openServer(HttpClient.java:463)
	at sun.net.www.http.HttpClient.openServer(HttpClient.java:558)
	at sun.net.www.http.HttpClient.<init>(HttpClient.java:242)
	at sun.net.www.http.HttpClient.New(HttpClient.java:339)
	at sun.net.www.http.HttpClient.New(HttpClient.java:357)
	at sun.net.www.protocol.http.HttpURLConnection.getNewHttpClient(HttpURLConnection.java:1202)
	at sun.net.www.protocol.http.HttpURLConnection.plainConnect0(HttpURLConnection.java:1138)
	at sun.net.www.protocol.http.HttpURLConnection.plainConnect(HttpURLConnection.java:1032)
	at sun.net.www.protocol.http.HttpURLConnection.connect(HttpURLConnection.java:966)
	at com.alibaba.nacos.common.http.client.request.JdkHttpClientRequest.execute(JdkHttpClientRequest.java:112)
	at com.alibaba.nacos.common.http.client.NacosRestTemplate.execute(NacosRestTemplate.java:482)
	at com.alibaba.nacos.common.http.client.NacosRestTemplate.exchangeForm(NacosRestTemplate.java:427)
	at com.alibaba.nacos.client.naming.net.NamingProxy.callServer(NamingProxy.java:603)
	at com.alibaba.nacos.client.naming.net.NamingProxy.reqApi(NamingProxy.java:526)
	at com.alibaba.nacos.client.naming.net.NamingProxy.reqApi(NamingProxy.java:498)
	at com.alibaba.nacos.client.naming.net.NamingProxy.sendBeat(NamingProxy.java:433)
	at com.alibaba.nacos.client.naming.beat.BeatReactor$BeatTask.run(BeatReactor.java:167)
	at java.util.concurrent.Executors$RunnableAdapter.call(Executors.java:511)
	at java.util.concurrent.FutureTask.run(FutureTask.java:266)
	at java.util.concurrent.ScheduledThreadPoolExecutor$ScheduledFutureTask.access$201(ScheduledThreadPoolExecutor.java:180)
	at java.util.concurrent.ScheduledThreadPoolExecutor$ScheduledFutureTask.run(ScheduledThreadPoolExecutor.java:293)
	at java.util.concurrent.ThreadPoolExecutor.runWorker(ThreadPoolExecutor.java:1142)
	at java.util.concurrent.ThreadPoolExecutor$Worker.run(ThreadPoolExecutor.java:617)
	at java.lang.Thread.run(Thread.java:748)
2025-03-26 01:05:15,856 ERROR [com.alibaba.nacos.client.Worker.longPolling.fixed-192.168.128.130_8848-xczx][ServerHttpAgent.java:169] - [NACOS SocketTimeoutException httpPost] currentServerAddr: http://192.168.128.130:8848， err : connect timed out
2025-03-26 01:05:16,884 ERROR [com.alibaba.nacos.naming.beat.sender][NamingProxy.java:617] - [NA] failed to request
java.net.SocketTimeoutException: connect timed out
	at java.net.DualStackPlainSocketImpl.waitForConnect(Native Method)
	at java.net.DualStackPlainSocketImpl.socketConnect(DualStackPlainSocketImpl.java:85)
	at java.net.AbstractPlainSocketImpl.doConnect(AbstractPlainSocketImpl.java:350)
	at java.net.AbstractPlainSocketImpl.connectToAddress(AbstractPlainSocketImpl.java:206)
	at java.net.AbstractPlainSocketImpl.connect(AbstractPlainSocketImpl.java:188)
	at java.net.PlainSocketImpl.connect(PlainSocketImpl.java:172)
	at java.net.SocksSocketImpl.connect(SocksSocketImpl.java:392)
	at java.net.Socket.connect(Socket.java:589)
	at sun.net.NetworkClient.doConnect(NetworkClient.java:175)
	at sun.net.www.http.HttpClient.openServer(HttpClient.java:463)
	at sun.net.www.http.HttpClient.openServer(HttpClient.java:558)
	at sun.net.www.http.HttpClient.<init>(HttpClient.java:242)
	at sun.net.www.http.HttpClient.New(HttpClient.java:339)
	at sun.net.www.http.HttpClient.New(HttpClient.java:357)
	at sun.net.www.protocol.http.HttpURLConnection.getNewHttpClient(HttpURLConnection.java:1202)
	at sun.net.www.protocol.http.HttpURLConnection.plainConnect0(HttpURLConnection.java:1138)
	at sun.net.www.protocol.http.HttpURLConnection.plainConnect(HttpURLConnection.java:1032)
	at sun.net.www.protocol.http.HttpURLConnection.connect(HttpURLConnection.java:966)
	at com.alibaba.nacos.common.http.client.request.JdkHttpClientRequest.execute(JdkHttpClientRequest.java:112)
	at com.alibaba.nacos.common.http.client.NacosRestTemplate.execute(NacosRestTemplate.java:482)
	at com.alibaba.nacos.common.http.client.NacosRestTemplate.exchangeForm(NacosRestTemplate.java:427)
	at com.alibaba.nacos.client.naming.net.NamingProxy.callServer(NamingProxy.java:603)
	at com.alibaba.nacos.client.naming.net.NamingProxy.reqApi(NamingProxy.java:526)
	at com.alibaba.nacos.client.naming.net.NamingProxy.reqApi(NamingProxy.java:498)
	at com.alibaba.nacos.client.naming.net.NamingProxy.sendBeat(NamingProxy.java:433)
	at com.alibaba.nacos.client.naming.beat.BeatReactor$BeatTask.run(BeatReactor.java:167)
	at java.util.concurrent.Executors$RunnableAdapter.call(Executors.java:511)
	at java.util.concurrent.FutureTask.run(FutureTask.java:266)
	at java.util.concurrent.ScheduledThreadPoolExecutor$ScheduledFutureTask.access$201(ScheduledThreadPoolExecutor.java:180)
	at java.util.concurrent.ScheduledThreadPoolExecutor$ScheduledFutureTask.run(ScheduledThreadPoolExecutor.java:293)
	at java.util.concurrent.ThreadPoolExecutor.runWorker(ThreadPoolExecutor.java:1142)
	at java.util.concurrent.ThreadPoolExecutor$Worker.run(ThreadPoolExecutor.java:617)
	at java.lang.Thread.run(Thread.java:748)
2025-03-26 01:05:16,886 ERROR [com.alibaba.nacos.naming.beat.sender][NamingProxy.java:552] - request: /nacos/v1/ns/instance/beat failed, servers: [192.168.128.130:8848], code: 500, msg: connect timed out
2025-03-26 01:05:16,886 ERROR [com.alibaba.nacos.naming.beat.sender][BeatReactor.java:198] - [CLIENT-BEAT] failed to send beat: {"port":63045,"ip":"10.65.24.129","weight":1.0,"serviceName":"group001@@system-service","cluster":"DEFAULT","metadata":{"preserved.register.source":"SPRING_CLOUD"},"scheduled":false,"period":5000,"stopped":false}, code: 500, msg: failed to req API:/nacos/v1/ns/instance/beat after all servers([192.168.128.130:8848]) tried: java.net.SocketTimeoutException: connect timed out
2025-03-26 01:05:18,864 ERROR [com.alibaba.nacos.client.Worker.longPolling.fixed-192.168.128.130_8848-xczx][ServerHttpAgent.java:169] - [NACOS SocketTimeoutException httpPost] currentServerAddr: http://192.168.128.130:8848， err : connect timed out
2025-03-26 01:05:18,864 ERROR [com.alibaba.nacos.client.Worker.longPolling.fixed-192.168.128.130_8848-xczx][ClientWorker.java:393] - [fixed-192.168.128.130_8848-xczx] [check-update] get changed dataId exception
java.net.ConnectException: [NACOS HTTP-POST] The maximum number of tolerable server reconnection errors has been reached
	at com.alibaba.nacos.client.config.http.ServerHttpAgent.httpPost(ServerHttpAgent.java:181)
	at com.alibaba.nacos.client.config.http.MetricsHttpAgent.httpPost(MetricsHttpAgent.java:67)
	at com.alibaba.nacos.client.config.impl.ClientWorker.checkUpdateConfigStr(ClientWorker.java:380)
	at com.alibaba.nacos.client.config.impl.ClientWorker.checkUpdateDataIds(ClientWorker.java:347)
	at com.alibaba.nacos.client.config.impl.ClientWorker$LongPollingRunnable.run(ClientWorker.java:535)
	at java.util.concurrent.Executors$RunnableAdapter.call(Executors.java:511)
	at java.util.concurrent.FutureTask.run(FutureTask.java:266)
	at java.util.concurrent.ScheduledThreadPoolExecutor$ScheduledFutureTask.access$201(ScheduledThreadPoolExecutor.java:180)
	at java.util.concurrent.ScheduledThreadPoolExecutor$ScheduledFutureTask.run(ScheduledThreadPoolExecutor.java:293)
	at java.util.concurrent.ThreadPoolExecutor.runWorker(ThreadPoolExecutor.java:1142)
	at java.util.concurrent.ThreadPoolExecutor$Worker.run(ThreadPoolExecutor.java:617)
	at java.lang.Thread.run(Thread.java:748)
2025-03-26 01:05:18,867 ERROR [com.alibaba.nacos.client.Worker.longPolling.fixed-192.168.128.130_8848-xczx][ClientWorker.java:580] - longPolling error : 
java.net.ConnectException: [NACOS HTTP-POST] The maximum number of tolerable server reconnection errors has been reached
	at com.alibaba.nacos.client.config.http.ServerHttpAgent.httpPost(ServerHttpAgent.java:181)
	at com.alibaba.nacos.client.config.http.MetricsHttpAgent.httpPost(MetricsHttpAgent.java:67)
	at com.alibaba.nacos.client.config.impl.ClientWorker.checkUpdateConfigStr(ClientWorker.java:380)
	at com.alibaba.nacos.client.config.impl.ClientWorker.checkUpdateDataIds(ClientWorker.java:347)
	at com.alibaba.nacos.client.config.impl.ClientWorker$LongPollingRunnable.run(ClientWorker.java:535)
	at java.util.concurrent.Executors$RunnableAdapter.call(Executors.java:511)
	at java.util.concurrent.FutureTask.run(FutureTask.java:266)
	at java.util.concurrent.ScheduledThreadPoolExecutor$ScheduledFutureTask.access$201(ScheduledThreadPoolExecutor.java:180)
	at java.util.concurrent.ScheduledThreadPoolExecutor$ScheduledFutureTask.run(ScheduledThreadPoolExecutor.java:293)
	at java.util.concurrent.ThreadPoolExecutor.runWorker(ThreadPoolExecutor.java:1142)
	at java.util.concurrent.ThreadPoolExecutor$Worker.run(ThreadPoolExecutor.java:617)
	at java.lang.Thread.run(Thread.java:748)
2025-03-26 01:05:20,910 ERROR [com.alibaba.nacos.client.naming.updater][NamingProxy.java:617] - [NA] failed to request
java.net.SocketTimeoutException: connect timed out
	at java.net.DualStackPlainSocketImpl.waitForConnect(Native Method)
	at java.net.DualStackPlainSocketImpl.socketConnect(DualStackPlainSocketImpl.java:85)
	at java.net.AbstractPlainSocketImpl.doConnect(AbstractPlainSocketImpl.java:350)
	at java.net.AbstractPlainSocketImpl.connectToAddress(AbstractPlainSocketImpl.java:206)
	at java.net.AbstractPlainSocketImpl.connect(AbstractPlainSocketImpl.java:188)
	at java.net.PlainSocketImpl.connect(PlainSocketImpl.java:172)
	at java.net.SocksSocketImpl.connect(SocksSocketImpl.java:392)
	at java.net.Socket.connect(Socket.java:589)
	at sun.net.NetworkClient.doConnect(NetworkClient.java:175)
	at sun.net.www.http.HttpClient.openServer(HttpClient.java:463)
	at sun.net.www.http.HttpClient.openServer(HttpClient.java:558)
	at sun.net.www.http.HttpClient.<init>(HttpClient.java:242)
	at sun.net.www.http.HttpClient.New(HttpClient.java:339)
	at sun.net.www.http.HttpClient.New(HttpClient.java:357)
	at sun.net.www.protocol.http.HttpURLConnection.getNewHttpClient(HttpURLConnection.java:1202)
	at sun.net.www.protocol.http.HttpURLConnection.plainConnect0(HttpURLConnection.java:1138)
	at sun.net.www.protocol.http.HttpURLConnection.plainConnect(HttpURLConnection.java:1032)
	at sun.net.www.protocol.http.HttpURLConnection.connect(HttpURLConnection.java:966)
	at com.alibaba.nacos.common.http.client.request.JdkHttpClientRequest.execute(JdkHttpClientRequest.java:112)
	at com.alibaba.nacos.common.http.client.NacosRestTemplate.execute(NacosRestTemplate.java:482)
	at com.alibaba.nacos.common.http.client.NacosRestTemplate.exchangeForm(NacosRestTemplate.java:427)
	at com.alibaba.nacos.client.naming.net.NamingProxy.callServer(NamingProxy.java:603)
	at com.alibaba.nacos.client.naming.net.NamingProxy.reqApi(NamingProxy.java:526)
	at com.alibaba.nacos.client.naming.net.NamingProxy.reqApi(NamingProxy.java:498)
	at com.alibaba.nacos.client.naming.net.NamingProxy.reqApi(NamingProxy.java:493)
	at com.alibaba.nacos.client.naming.net.NamingProxy.queryList(NamingProxy.java:407)
	at com.alibaba.nacos.client.naming.core.HostReactor.updateService(HostReactor.java:382)
	at com.alibaba.nacos.client.naming.core.HostReactor$UpdateTask.run(HostReactor.java:464)
	at java.util.concurrent.Executors$RunnableAdapter.call(Executors.java:511)
	at java.util.concurrent.FutureTask.run(FutureTask.java:266)
	at java.util.concurrent.ScheduledThreadPoolExecutor$ScheduledFutureTask.access$201(ScheduledThreadPoolExecutor.java:180)
	at java.util.concurrent.ScheduledThreadPoolExecutor$ScheduledFutureTask.run(ScheduledThreadPoolExecutor.java:293)
	at java.util.concurrent.ThreadPoolExecutor.runWorker(ThreadPoolExecutor.java:1142)
	at java.util.concurrent.ThreadPoolExecutor$Worker.run(ThreadPoolExecutor.java:617)
	at java.lang.Thread.run(Thread.java:748)
2025-03-26 01:05:23,891 ERROR [com.alibaba.nacos.client.Worker.longPolling.fixed-192.168.128.130_8848-xczx][ServerHttpAgent.java:169] - [NACOS SocketTimeoutException httpPost] currentServerAddr: http://192.168.128.130:8848， err : connect timed out
2025-03-26 01:05:23,922 ERROR [com.alibaba.nacos.client.naming.updater][NamingProxy.java:617] - [NA] failed to request
java.net.SocketTimeoutException: connect timed out
	at java.net.DualStackPlainSocketImpl.waitForConnect(Native Method)
	at java.net.DualStackPlainSocketImpl.socketConnect(DualStackPlainSocketImpl.java:85)
	at java.net.AbstractPlainSocketImpl.doConnect(AbstractPlainSocketImpl.java:350)
	at java.net.AbstractPlainSocketImpl.connectToAddress(AbstractPlainSocketImpl.java:206)
	at java.net.AbstractPlainSocketImpl.connect(AbstractPlainSocketImpl.java:188)
	at java.net.PlainSocketImpl.connect(PlainSocketImpl.java:172)
	at java.net.SocksSocketImpl.connect(SocksSocketImpl.java:392)
	at java.net.Socket.connect(Socket.java:589)
	at sun.net.NetworkClient.doConnect(NetworkClient.java:175)
	at sun.net.www.http.HttpClient.openServer(HttpClient.java:463)
	at sun.net.www.http.HttpClient.openServer(HttpClient.java:558)
	at sun.net.www.http.HttpClient.<init>(HttpClient.java:242)
	at sun.net.www.http.HttpClient.New(HttpClient.java:339)
	at sun.net.www.http.HttpClient.New(HttpClient.java:357)
	at sun.net.www.protocol.http.HttpURLConnection.getNewHttpClient(HttpURLConnection.java:1202)
	at sun.net.www.protocol.http.HttpURLConnection.plainConnect0(HttpURLConnection.java:1138)
	at sun.net.www.protocol.http.HttpURLConnection.plainConnect(HttpURLConnection.java:1032)
	at sun.net.www.protocol.http.HttpURLConnection.connect(HttpURLConnection.java:966)
	at com.alibaba.nacos.common.http.client.request.JdkHttpClientRequest.execute(JdkHttpClientRequest.java:112)
	at com.alibaba.nacos.common.http.client.NacosRestTemplate.execute(NacosRestTemplate.java:482)
	at com.alibaba.nacos.common.http.client.NacosRestTemplate.exchangeForm(NacosRestTemplate.java:427)
	at com.alibaba.nacos.client.naming.net.NamingProxy.callServer(NamingProxy.java:603)
	at com.alibaba.nacos.client.naming.net.NamingProxy.reqApi(NamingProxy.java:526)
	at com.alibaba.nacos.client.naming.net.NamingProxy.reqApi(NamingProxy.java:498)
	at com.alibaba.nacos.client.naming.net.NamingProxy.reqApi(NamingProxy.java:493)
	at com.alibaba.nacos.client.naming.net.NamingProxy.queryList(NamingProxy.java:407)
	at com.alibaba.nacos.client.naming.core.HostReactor.updateService(HostReactor.java:382)
	at com.alibaba.nacos.client.naming.core.HostReactor$UpdateTask.run(HostReactor.java:464)
	at java.util.concurrent.Executors$RunnableAdapter.call(Executors.java:511)
	at java.util.concurrent.FutureTask.run(FutureTask.java:266)
	at java.util.concurrent.ScheduledThreadPoolExecutor$ScheduledFutureTask.access$201(ScheduledThreadPoolExecutor.java:180)
	at java.util.concurrent.ScheduledThreadPoolExecutor$ScheduledFutureTask.run(ScheduledThreadPoolExecutor.java:293)
	at java.util.concurrent.ThreadPoolExecutor.runWorker(ThreadPoolExecutor.java:1142)
	at java.util.concurrent.ThreadPoolExecutor$Worker.run(ThreadPoolExecutor.java:617)
	at java.lang.Thread.run(Thread.java:748)
2025-03-26 01:05:24,903 ERROR [com.alibaba.nacos.naming.beat.sender][NamingProxy.java:617] - [NA] failed to request
java.net.SocketTimeoutException: connect timed out
	at java.net.DualStackPlainSocketImpl.waitForConnect(Native Method)
	at java.net.DualStackPlainSocketImpl.socketConnect(DualStackPlainSocketImpl.java:85)
	at java.net.AbstractPlainSocketImpl.doConnect(AbstractPlainSocketImpl.java:350)
	at java.net.AbstractPlainSocketImpl.connectToAddress(AbstractPlainSocketImpl.java:206)
	at java.net.AbstractPlainSocketImpl.connect(AbstractPlainSocketImpl.java:188)
	at java.net.PlainSocketImpl.connect(PlainSocketImpl.java:172)
	at java.net.SocksSocketImpl.connect(SocksSocketImpl.java:392)
	at java.net.Socket.connect(Socket.java:589)
	at sun.net.NetworkClient.doConnect(NetworkClient.java:175)
	at sun.net.www.http.HttpClient.openServer(HttpClient.java:463)
	at sun.net.www.http.HttpClient.openServer(HttpClient.java:558)
	at sun.net.www.http.HttpClient.<init>(HttpClient.java:242)
	at sun.net.www.http.HttpClient.New(HttpClient.java:339)
	at sun.net.www.http.HttpClient.New(HttpClient.java:357)
	at sun.net.www.protocol.http.HttpURLConnection.getNewHttpClient(HttpURLConnection.java:1202)
	at sun.net.www.protocol.http.HttpURLConnection.plainConnect0(HttpURLConnection.java:1138)
	at sun.net.www.protocol.http.HttpURLConnection.plainConnect(HttpURLConnection.java:1032)
	at sun.net.www.protocol.http.HttpURLConnection.connect(HttpURLConnection.java:966)
	at com.alibaba.nacos.common.http.client.request.JdkHttpClientRequest.execute(JdkHttpClientRequest.java:112)
	at com.alibaba.nacos.common.http.client.NacosRestTemplate.execute(NacosRestTemplate.java:482)
	at com.alibaba.nacos.common.http.client.NacosRestTemplate.exchangeForm(NacosRestTemplate.java:427)
	at com.alibaba.nacos.client.naming.net.NamingProxy.callServer(NamingProxy.java:603)
	at com.alibaba.nacos.client.naming.net.NamingProxy.reqApi(NamingProxy.java:526)
	at com.alibaba.nacos.client.naming.net.NamingProxy.reqApi(NamingProxy.java:498)
	at com.alibaba.nacos.client.naming.net.NamingProxy.sendBeat(NamingProxy.java:433)
	at com.alibaba.nacos.client.naming.beat.BeatReactor$BeatTask.run(BeatReactor.java:167)
	at java.util.concurrent.Executors$RunnableAdapter.call(Executors.java:511)
	at java.util.concurrent.FutureTask.run(FutureTask.java:266)
	at java.util.concurrent.ScheduledThreadPoolExecutor$ScheduledFutureTask.access$201(ScheduledThreadPoolExecutor.java:180)
	at java.util.concurrent.ScheduledThreadPoolExecutor$ScheduledFutureTask.run(ScheduledThreadPoolExecutor.java:293)
	at java.util.concurrent.ThreadPoolExecutor.runWorker(ThreadPoolExecutor.java:1142)
	at java.util.concurrent.ThreadPoolExecutor$Worker.run(ThreadPoolExecutor.java:617)
	at java.lang.Thread.run(Thread.java:748)
2025-03-26 01:05:26,898 ERROR [com.alibaba.nacos.client.Worker.longPolling.fixed-192.168.128.130_8848-xczx][ServerHttpAgent.java:169] - [NACOS SocketTimeoutException httpPost] currentServerAddr: http://192.168.128.130:8848， err : connect timed out
2025-03-26 01:05:26,930 ERROR [com.alibaba.nacos.client.naming.updater][NamingProxy.java:617] - [NA] failed to request
java.net.SocketTimeoutException: connect timed out
	at java.net.DualStackPlainSocketImpl.waitForConnect(Native Method)
	at java.net.DualStackPlainSocketImpl.socketConnect(DualStackPlainSocketImpl.java:85)
	at java.net.AbstractPlainSocketImpl.doConnect(AbstractPlainSocketImpl.java:350)
	at java.net.AbstractPlainSocketImpl.connectToAddress(AbstractPlainSocketImpl.java:206)
	at java.net.AbstractPlainSocketImpl.connect(AbstractPlainSocketImpl.java:188)
	at java.net.PlainSocketImpl.connect(PlainSocketImpl.java:172)
	at java.net.SocksSocketImpl.connect(SocksSocketImpl.java:392)
	at java.net.Socket.connect(Socket.java:589)
	at sun.net.NetworkClient.doConnect(NetworkClient.java:175)
	at sun.net.www.http.HttpClient.openServer(HttpClient.java:463)
	at sun.net.www.http.HttpClient.openServer(HttpClient.java:558)
	at sun.net.www.http.HttpClient.<init>(HttpClient.java:242)
	at sun.net.www.http.HttpClient.New(HttpClient.java:339)
	at sun.net.www.http.HttpClient.New(HttpClient.java:357)
	at sun.net.www.protocol.http.HttpURLConnection.getNewHttpClient(HttpURLConnection.java:1202)
	at sun.net.www.protocol.http.HttpURLConnection.plainConnect0(HttpURLConnection.java:1138)
	at sun.net.www.protocol.http.HttpURLConnection.plainConnect(HttpURLConnection.java:1032)
	at sun.net.www.protocol.http.HttpURLConnection.connect(HttpURLConnection.java:966)
	at com.alibaba.nacos.common.http.client.request.JdkHttpClientRequest.execute(JdkHttpClientRequest.java:112)
	at com.alibaba.nacos.common.http.client.NacosRestTemplate.execute(NacosRestTemplate.java:482)
	at com.alibaba.nacos.common.http.client.NacosRestTemplate.exchangeForm(NacosRestTemplate.java:427)
	at com.alibaba.nacos.client.naming.net.NamingProxy.callServer(NamingProxy.java:603)
	at com.alibaba.nacos.client.naming.net.NamingProxy.reqApi(NamingProxy.java:526)
	at com.alibaba.nacos.client.naming.net.NamingProxy.reqApi(NamingProxy.java:498)
	at com.alibaba.nacos.client.naming.net.NamingProxy.reqApi(NamingProxy.java:493)
	at com.alibaba.nacos.client.naming.net.NamingProxy.queryList(NamingProxy.java:407)
	at com.alibaba.nacos.client.naming.core.HostReactor.updateService(HostReactor.java:382)
	at com.alibaba.nacos.client.naming.core.HostReactor$UpdateTask.run(HostReactor.java:464)
	at java.util.concurrent.Executors$RunnableAdapter.call(Executors.java:511)
	at java.util.concurrent.FutureTask.run(FutureTask.java:266)
	at java.util.concurrent.ScheduledThreadPoolExecutor$ScheduledFutureTask.access$201(ScheduledThreadPoolExecutor.java:180)
	at java.util.concurrent.ScheduledThreadPoolExecutor$ScheduledFutureTask.run(ScheduledThreadPoolExecutor.java:293)
	at java.util.concurrent.ThreadPoolExecutor.runWorker(ThreadPoolExecutor.java:1142)
	at java.util.concurrent.ThreadPoolExecutor$Worker.run(ThreadPoolExecutor.java:617)
	at java.lang.Thread.run(Thread.java:748)
2025-03-26 01:05:26,930 ERROR [com.alibaba.nacos.client.naming.updater][NamingProxy.java:552] - request: /nacos/v1/ns/instance/list failed, servers: [192.168.128.130:8848], code: 500, msg: connect timed out
2025-03-26 01:05:27,908 ERROR [com.alibaba.nacos.naming.beat.sender][NamingProxy.java:617] - [NA] failed to request
java.net.SocketTimeoutException: connect timed out
	at java.net.DualStackPlainSocketImpl.waitForConnect(Native Method)
	at java.net.DualStackPlainSocketImpl.socketConnect(DualStackPlainSocketImpl.java:85)
	at java.net.AbstractPlainSocketImpl.doConnect(AbstractPlainSocketImpl.java:350)
	at java.net.AbstractPlainSocketImpl.connectToAddress(AbstractPlainSocketImpl.java:206)
	at java.net.AbstractPlainSocketImpl.connect(AbstractPlainSocketImpl.java:188)
	at java.net.PlainSocketImpl.connect(PlainSocketImpl.java:172)
	at java.net.SocksSocketImpl.connect(SocksSocketImpl.java:392)
	at java.net.Socket.connect(Socket.java:589)
	at sun.net.NetworkClient.doConnect(NetworkClient.java:175)
	at sun.net.www.http.HttpClient.openServer(HttpClient.java:463)
	at sun.net.www.http.HttpClient.openServer(HttpClient.java:558)
	at sun.net.www.http.HttpClient.<init>(HttpClient.java:242)
	at sun.net.www.http.HttpClient.New(HttpClient.java:339)
	at sun.net.www.http.HttpClient.New(HttpClient.java:357)
	at sun.net.www.protocol.http.HttpURLConnection.getNewHttpClient(HttpURLConnection.java:1202)
	at sun.net.www.protocol.http.HttpURLConnection.plainConnect0(HttpURLConnection.java:1138)
	at sun.net.www.protocol.http.HttpURLConnection.plainConnect(HttpURLConnection.java:1032)
	at sun.net.www.protocol.http.HttpURLConnection.connect(HttpURLConnection.java:966)
	at com.alibaba.nacos.common.http.client.request.JdkHttpClientRequest.execute(JdkHttpClientRequest.java:112)
	at com.alibaba.nacos.common.http.client.NacosRestTemplate.execute(NacosRestTemplate.java:482)
	at com.alibaba.nacos.common.http.client.NacosRestTemplate.exchangeForm(NacosRestTemplate.java:427)
	at com.alibaba.nacos.client.naming.net.NamingProxy.callServer(NamingProxy.java:603)
	at com.alibaba.nacos.client.naming.net.NamingProxy.reqApi(NamingProxy.java:526)
	at com.alibaba.nacos.client.naming.net.NamingProxy.reqApi(NamingProxy.java:498)
	at com.alibaba.nacos.client.naming.net.NamingProxy.sendBeat(NamingProxy.java:433)
	at com.alibaba.nacos.client.naming.beat.BeatReactor$BeatTask.run(BeatReactor.java:167)
	at java.util.concurrent.Executors$RunnableAdapter.call(Executors.java:511)
	at java.util.concurrent.FutureTask.run(FutureTask.java:266)
	at java.util.concurrent.ScheduledThreadPoolExecutor$ScheduledFutureTask.access$201(ScheduledThreadPoolExecutor.java:180)
	at java.util.concurrent.ScheduledThreadPoolExecutor$ScheduledFutureTask.run(ScheduledThreadPoolExecutor.java:293)
	at java.util.concurrent.ThreadPoolExecutor.runWorker(ThreadPoolExecutor.java:1142)
	at java.util.concurrent.ThreadPoolExecutor$Worker.run(ThreadPoolExecutor.java:617)
	at java.lang.Thread.run(Thread.java:748)
2025-03-26 01:05:29,906 ERROR [com.alibaba.nacos.client.Worker.longPolling.fixed-192.168.128.130_8848-xczx][ServerHttpAgent.java:169] - [NACOS SocketTimeoutException httpPost] currentServerAddr: http://192.168.128.130:8848， err : connect timed out
2025-03-26 01:05:30,917 ERROR [com.alibaba.nacos.naming.beat.sender][NamingProxy.java:617] - [NA] failed to request
java.net.SocketTimeoutException: connect timed out
	at java.net.DualStackPlainSocketImpl.waitForConnect(Native Method)
	at java.net.DualStackPlainSocketImpl.socketConnect(DualStackPlainSocketImpl.java:85)
	at java.net.AbstractPlainSocketImpl.doConnect(AbstractPlainSocketImpl.java:350)
	at java.net.AbstractPlainSocketImpl.connectToAddress(AbstractPlainSocketImpl.java:206)
	at java.net.AbstractPlainSocketImpl.connect(AbstractPlainSocketImpl.java:188)
	at java.net.PlainSocketImpl.connect(PlainSocketImpl.java:172)
	at java.net.SocksSocketImpl.connect(SocksSocketImpl.java:392)
	at java.net.Socket.connect(Socket.java:589)
	at sun.net.NetworkClient.doConnect(NetworkClient.java:175)
	at sun.net.www.http.HttpClient.openServer(HttpClient.java:463)
	at sun.net.www.http.HttpClient.openServer(HttpClient.java:558)
	at sun.net.www.http.HttpClient.<init>(HttpClient.java:242)
	at sun.net.www.http.HttpClient.New(HttpClient.java:339)
	at sun.net.www.http.HttpClient.New(HttpClient.java:357)
	at sun.net.www.protocol.http.HttpURLConnection.getNewHttpClient(HttpURLConnection.java:1202)
	at sun.net.www.protocol.http.HttpURLConnection.plainConnect0(HttpURLConnection.java:1138)
	at sun.net.www.protocol.http.HttpURLConnection.plainConnect(HttpURLConnection.java:1032)
	at sun.net.www.protocol.http.HttpURLConnection.connect(HttpURLConnection.java:966)
	at com.alibaba.nacos.common.http.client.request.JdkHttpClientRequest.execute(JdkHttpClientRequest.java:112)
	at com.alibaba.nacos.common.http.client.NacosRestTemplate.execute(NacosRestTemplate.java:482)
	at com.alibaba.nacos.common.http.client.NacosRestTemplate.exchangeForm(NacosRestTemplate.java:427)
	at com.alibaba.nacos.client.naming.net.NamingProxy.callServer(NamingProxy.java:603)
	at com.alibaba.nacos.client.naming.net.NamingProxy.reqApi(NamingProxy.java:526)
	at com.alibaba.nacos.client.naming.net.NamingProxy.reqApi(NamingProxy.java:498)
	at com.alibaba.nacos.client.naming.net.NamingProxy.sendBeat(NamingProxy.java:433)
	at com.alibaba.nacos.client.naming.beat.BeatReactor$BeatTask.run(BeatReactor.java:167)
	at java.util.concurrent.Executors$RunnableAdapter.call(Executors.java:511)
	at java.util.concurrent.FutureTask.run(FutureTask.java:266)
	at java.util.concurrent.ScheduledThreadPoolExecutor$ScheduledFutureTask.access$201(ScheduledThreadPoolExecutor.java:180)
	at java.util.concurrent.ScheduledThreadPoolExecutor$ScheduledFutureTask.run(ScheduledThreadPoolExecutor.java:293)
	at java.util.concurrent.ThreadPoolExecutor.runWorker(ThreadPoolExecutor.java:1142)
	at java.util.concurrent.ThreadPoolExecutor$Worker.run(ThreadPoolExecutor.java:617)
	at java.lang.Thread.run(Thread.java:748)
2025-03-26 01:05:30,918 ERROR [com.alibaba.nacos.naming.beat.sender][NamingProxy.java:552] - request: /nacos/v1/ns/instance/beat failed, servers: [192.168.128.130:8848], code: 500, msg: connect timed out
2025-03-26 01:05:30,918 ERROR [com.alibaba.nacos.naming.beat.sender][BeatReactor.java:198] - [CLIENT-BEAT] failed to send beat: {"port":63045,"ip":"10.65.24.129","weight":1.0,"serviceName":"group001@@system-service","cluster":"DEFAULT","metadata":{"preserved.register.source":"SPRING_CLOUD"},"scheduled":false,"period":5000,"stopped":false}, code: 500, msg: failed to req API:/nacos/v1/ns/instance/beat after all servers([192.168.128.130:8848]) tried: java.net.SocketTimeoutException: connect timed out
2025-03-26 01:05:32,912 ERROR [com.alibaba.nacos.client.Worker.longPolling.fixed-192.168.128.130_8848-xczx][ServerHttpAgent.java:169] - [NACOS SocketTimeoutException httpPost] currentServerAddr: http://192.168.128.130:8848， err : connect timed out
2025-03-26 01:05:32,912 ERROR [com.alibaba.nacos.client.Worker.longPolling.fixed-192.168.128.130_8848-xczx][ClientWorker.java:393] - [fixed-192.168.128.130_8848-xczx] [check-update] get changed dataId exception
java.net.ConnectException: [NACOS HTTP-POST] The maximum number of tolerable server reconnection errors has been reached
	at com.alibaba.nacos.client.config.http.ServerHttpAgent.httpPost(ServerHttpAgent.java:181)
	at com.alibaba.nacos.client.config.http.MetricsHttpAgent.httpPost(MetricsHttpAgent.java:67)
	at com.alibaba.nacos.client.config.impl.ClientWorker.checkUpdateConfigStr(ClientWorker.java:380)
	at com.alibaba.nacos.client.config.impl.ClientWorker.checkUpdateDataIds(ClientWorker.java:347)
	at com.alibaba.nacos.client.config.impl.ClientWorker$LongPollingRunnable.run(ClientWorker.java:535)
	at java.util.concurrent.Executors$RunnableAdapter.call(Executors.java:511)
	at java.util.concurrent.FutureTask.run(FutureTask.java:266)
	at java.util.concurrent.ScheduledThreadPoolExecutor$ScheduledFutureTask.access$201(ScheduledThreadPoolExecutor.java:180)
	at java.util.concurrent.ScheduledThreadPoolExecutor$ScheduledFutureTask.run(ScheduledThreadPoolExecutor.java:293)
	at java.util.concurrent.ThreadPoolExecutor.runWorker(ThreadPoolExecutor.java:1142)
	at java.util.concurrent.ThreadPoolExecutor$Worker.run(ThreadPoolExecutor.java:617)
	at java.lang.Thread.run(Thread.java:748)
2025-03-26 01:05:32,913 ERROR [com.alibaba.nacos.client.Worker.longPolling.fixed-192.168.128.130_8848-xczx][ClientWorker.java:580] - longPolling error : 
java.net.ConnectException: [NACOS HTTP-POST] The maximum number of tolerable server reconnection errors has been reached
	at com.alibaba.nacos.client.config.http.ServerHttpAgent.httpPost(ServerHttpAgent.java:181)
	at com.alibaba.nacos.client.config.http.MetricsHttpAgent.httpPost(MetricsHttpAgent.java:67)
	at com.alibaba.nacos.client.config.impl.ClientWorker.checkUpdateConfigStr(ClientWorker.java:380)
	at com.alibaba.nacos.client.config.impl.ClientWorker.checkUpdateDataIds(ClientWorker.java:347)
	at com.alibaba.nacos.client.config.impl.ClientWorker$LongPollingRunnable.run(ClientWorker.java:535)
	at java.util.concurrent.Executors$RunnableAdapter.call(Executors.java:511)
	at java.util.concurrent.FutureTask.run(FutureTask.java:266)
	at java.util.concurrent.ScheduledThreadPoolExecutor$ScheduledFutureTask.access$201(ScheduledThreadPoolExecutor.java:180)
	at java.util.concurrent.ScheduledThreadPoolExecutor$ScheduledFutureTask.run(ScheduledThreadPoolExecutor.java:293)
	at java.util.concurrent.ThreadPoolExecutor.runWorker(ThreadPoolExecutor.java:1142)
	at java.util.concurrent.ThreadPoolExecutor$Worker.run(ThreadPoolExecutor.java:617)
	at java.lang.Thread.run(Thread.java:748)
2025-03-26 01:05:37,932 ERROR [com.alibaba.nacos.client.Worker.longPolling.fixed-192.168.128.130_8848-xczx][ServerHttpAgent.java:169] - [NACOS SocketTimeoutException httpPost] currentServerAddr: http://192.168.128.130:8848， err : connect timed out
2025-03-26 01:05:38,925 ERROR [com.alibaba.nacos.naming.beat.sender][NamingProxy.java:617] - [NA] failed to request
java.net.SocketTimeoutException: connect timed out
	at java.net.DualStackPlainSocketImpl.waitForConnect(Native Method)
	at java.net.DualStackPlainSocketImpl.socketConnect(DualStackPlainSocketImpl.java:85)
	at java.net.AbstractPlainSocketImpl.doConnect(AbstractPlainSocketImpl.java:350)
	at java.net.AbstractPlainSocketImpl.connectToAddress(AbstractPlainSocketImpl.java:206)
	at java.net.AbstractPlainSocketImpl.connect(AbstractPlainSocketImpl.java:188)
	at java.net.PlainSocketImpl.connect(PlainSocketImpl.java:172)
	at java.net.SocksSocketImpl.connect(SocksSocketImpl.java:392)
	at java.net.Socket.connect(Socket.java:589)
	at sun.net.NetworkClient.doConnect(NetworkClient.java:175)
	at sun.net.www.http.HttpClient.openServer(HttpClient.java:463)
	at sun.net.www.http.HttpClient.openServer(HttpClient.java:558)
	at sun.net.www.http.HttpClient.<init>(HttpClient.java:242)
	at sun.net.www.http.HttpClient.New(HttpClient.java:339)
	at sun.net.www.http.HttpClient.New(HttpClient.java:357)
	at sun.net.www.protocol.http.HttpURLConnection.getNewHttpClient(HttpURLConnection.java:1202)
	at sun.net.www.protocol.http.HttpURLConnection.plainConnect0(HttpURLConnection.java:1138)
	at sun.net.www.protocol.http.HttpURLConnection.plainConnect(HttpURLConnection.java:1032)
	at sun.net.www.protocol.http.HttpURLConnection.connect(HttpURLConnection.java:966)
	at com.alibaba.nacos.common.http.client.request.JdkHttpClientRequest.execute(JdkHttpClientRequest.java:112)
	at com.alibaba.nacos.common.http.client.NacosRestTemplate.execute(NacosRestTemplate.java:482)
	at com.alibaba.nacos.common.http.client.NacosRestTemplate.exchangeForm(NacosRestTemplate.java:427)
	at com.alibaba.nacos.client.naming.net.NamingProxy.callServer(NamingProxy.java:603)
	at com.alibaba.nacos.client.naming.net.NamingProxy.reqApi(NamingProxy.java:526)
	at com.alibaba.nacos.client.naming.net.NamingProxy.reqApi(NamingProxy.java:498)
	at com.alibaba.nacos.client.naming.net.NamingProxy.sendBeat(NamingProxy.java:433)
	at com.alibaba.nacos.client.naming.beat.BeatReactor$BeatTask.run(BeatReactor.java:167)
	at java.util.concurrent.Executors$RunnableAdapter.call(Executors.java:511)
	at java.util.concurrent.FutureTask.run(FutureTask.java:266)
	at java.util.concurrent.ScheduledThreadPoolExecutor$ScheduledFutureTask.access$201(ScheduledThreadPoolExecutor.java:180)
	at java.util.concurrent.ScheduledThreadPoolExecutor$ScheduledFutureTask.run(ScheduledThreadPoolExecutor.java:293)
	at java.util.concurrent.ThreadPoolExecutor.runWorker(ThreadPoolExecutor.java:1142)
	at java.util.concurrent.ThreadPoolExecutor$Worker.run(ThreadPoolExecutor.java:617)
	at java.lang.Thread.run(Thread.java:748)
2025-03-26 01:05:40,934 ERROR [com.alibaba.nacos.client.Worker.longPolling.fixed-192.168.128.130_8848-xczx][ServerHttpAgent.java:169] - [NACOS SocketTimeoutException httpPost] currentServerAddr: http://192.168.128.130:8848， err : connect timed out
2025-03-26 01:05:41,934 ERROR [com.alibaba.nacos.naming.beat.sender][NamingProxy.java:617] - [NA] failed to request
java.net.SocketTimeoutException: connect timed out
	at java.net.DualStackPlainSocketImpl.waitForConnect(Native Method)
	at java.net.DualStackPlainSocketImpl.socketConnect(DualStackPlainSocketImpl.java:85)
	at java.net.AbstractPlainSocketImpl.doConnect(AbstractPlainSocketImpl.java:350)
	at java.net.AbstractPlainSocketImpl.connectToAddress(AbstractPlainSocketImpl.java:206)
	at java.net.AbstractPlainSocketImpl.connect(AbstractPlainSocketImpl.java:188)
	at java.net.PlainSocketImpl.connect(PlainSocketImpl.java:172)
	at java.net.SocksSocketImpl.connect(SocksSocketImpl.java:392)
	at java.net.Socket.connect(Socket.java:589)
	at sun.net.NetworkClient.doConnect(NetworkClient.java:175)
	at sun.net.www.http.HttpClient.openServer(HttpClient.java:463)
	at sun.net.www.http.HttpClient.openServer(HttpClient.java:558)
	at sun.net.www.http.HttpClient.<init>(HttpClient.java:242)
	at sun.net.www.http.HttpClient.New(HttpClient.java:339)
	at sun.net.www.http.HttpClient.New(HttpClient.java:357)
	at sun.net.www.protocol.http.HttpURLConnection.getNewHttpClient(HttpURLConnection.java:1202)
	at sun.net.www.protocol.http.HttpURLConnection.plainConnect0(HttpURLConnection.java:1138)
	at sun.net.www.protocol.http.HttpURLConnection.plainConnect(HttpURLConnection.java:1032)
	at sun.net.www.protocol.http.HttpURLConnection.connect(HttpURLConnection.java:966)
	at com.alibaba.nacos.common.http.client.request.JdkHttpClientRequest.execute(JdkHttpClientRequest.java:112)
	at com.alibaba.nacos.common.http.client.NacosRestTemplate.execute(NacosRestTemplate.java:482)
	at com.alibaba.nacos.common.http.client.NacosRestTemplate.exchangeForm(NacosRestTemplate.java:427)
	at com.alibaba.nacos.client.naming.net.NamingProxy.callServer(NamingProxy.java:603)
	at com.alibaba.nacos.client.naming.net.NamingProxy.reqApi(NamingProxy.java:526)
	at com.alibaba.nacos.client.naming.net.NamingProxy.reqApi(NamingProxy.java:498)
	at com.alibaba.nacos.client.naming.net.NamingProxy.sendBeat(NamingProxy.java:433)
	at com.alibaba.nacos.client.naming.beat.BeatReactor$BeatTask.run(BeatReactor.java:167)
	at java.util.concurrent.Executors$RunnableAdapter.call(Executors.java:511)
	at java.util.concurrent.FutureTask.run(FutureTask.java:266)
	at java.util.concurrent.ScheduledThreadPoolExecutor$ScheduledFutureTask.access$201(ScheduledThreadPoolExecutor.java:180)
	at java.util.concurrent.ScheduledThreadPoolExecutor$ScheduledFutureTask.run(ScheduledThreadPoolExecutor.java:293)
	at java.util.concurrent.ThreadPoolExecutor.runWorker(ThreadPoolExecutor.java:1142)
	at java.util.concurrent.ThreadPoolExecutor$Worker.run(ThreadPoolExecutor.java:617)
	at java.lang.Thread.run(Thread.java:748)
2025-03-26 01:05:43,941 ERROR [com.alibaba.nacos.client.Worker.longPolling.fixed-192.168.128.130_8848-xczx][ServerHttpAgent.java:169] - [NACOS SocketTimeoutException httpPost] currentServerAddr: http://192.168.128.130:8848， err : connect timed out
2025-03-26 01:05:44,939 ERROR [com.alibaba.nacos.naming.beat.sender][NamingProxy.java:617] - [NA] failed to request
java.net.SocketTimeoutException: connect timed out
	at java.net.DualStackPlainSocketImpl.waitForConnect(Native Method)
	at java.net.DualStackPlainSocketImpl.socketConnect(DualStackPlainSocketImpl.java:85)
	at java.net.AbstractPlainSocketImpl.doConnect(AbstractPlainSocketImpl.java:350)
	at java.net.AbstractPlainSocketImpl.connectToAddress(AbstractPlainSocketImpl.java:206)
	at java.net.AbstractPlainSocketImpl.connect(AbstractPlainSocketImpl.java:188)
	at java.net.PlainSocketImpl.connect(PlainSocketImpl.java:172)
	at java.net.SocksSocketImpl.connect(SocksSocketImpl.java:392)
	at java.net.Socket.connect(Socket.java:589)
	at sun.net.NetworkClient.doConnect(NetworkClient.java:175)
	at sun.net.www.http.HttpClient.openServer(HttpClient.java:463)
	at sun.net.www.http.HttpClient.openServer(HttpClient.java:558)
	at sun.net.www.http.HttpClient.<init>(HttpClient.java:242)
	at sun.net.www.http.HttpClient.New(HttpClient.java:339)
	at sun.net.www.http.HttpClient.New(HttpClient.java:357)
	at sun.net.www.protocol.http.HttpURLConnection.getNewHttpClient(HttpURLConnection.java:1202)
	at sun.net.www.protocol.http.HttpURLConnection.plainConnect0(HttpURLConnection.java:1138)
	at sun.net.www.protocol.http.HttpURLConnection.plainConnect(HttpURLConnection.java:1032)
	at sun.net.www.protocol.http.HttpURLConnection.connect(HttpURLConnection.java:966)
	at com.alibaba.nacos.common.http.client.request.JdkHttpClientRequest.execute(JdkHttpClientRequest.java:112)
	at com.alibaba.nacos.common.http.client.NacosRestTemplate.execute(NacosRestTemplate.java:482)
	at com.alibaba.nacos.common.http.client.NacosRestTemplate.exchangeForm(NacosRestTemplate.java:427)
	at com.alibaba.nacos.client.naming.net.NamingProxy.callServer(NamingProxy.java:603)
	at com.alibaba.nacos.client.naming.net.NamingProxy.reqApi(NamingProxy.java:526)
	at com.alibaba.nacos.client.naming.net.NamingProxy.reqApi(NamingProxy.java:498)
	at com.alibaba.nacos.client.naming.net.NamingProxy.sendBeat(NamingProxy.java:433)
	at com.alibaba.nacos.client.naming.beat.BeatReactor$BeatTask.run(BeatReactor.java:167)
	at java.util.concurrent.Executors$RunnableAdapter.call(Executors.java:511)
	at java.util.concurrent.FutureTask.run(FutureTask.java:266)
	at java.util.concurrent.ScheduledThreadPoolExecutor$ScheduledFutureTask.access$201(ScheduledThreadPoolExecutor.java:180)
	at java.util.concurrent.ScheduledThreadPoolExecutor$ScheduledFutureTask.run(ScheduledThreadPoolExecutor.java:293)
	at java.util.concurrent.ThreadPoolExecutor.runWorker(ThreadPoolExecutor.java:1142)
	at java.util.concurrent.ThreadPoolExecutor$Worker.run(ThreadPoolExecutor.java:617)
	at java.lang.Thread.run(Thread.java:748)
2025-03-26 01:05:44,940 ERROR [com.alibaba.nacos.naming.beat.sender][NamingProxy.java:552] - request: /nacos/v1/ns/instance/beat failed, servers: [192.168.128.130:8848], code: 500, msg: connect timed out
2025-03-26 01:05:44,940 ERROR [com.alibaba.nacos.naming.beat.sender][BeatReactor.java:198] - [CLIENT-BEAT] failed to send beat: {"port":63045,"ip":"10.65.24.129","weight":1.0,"serviceName":"group001@@system-service","cluster":"DEFAULT","metadata":{"preserved.register.source":"SPRING_CLOUD"},"scheduled":false,"period":5000,"stopped":false}, code: 500, msg: failed to req API:/nacos/v1/ns/instance/beat after all servers([192.168.128.130:8848]) tried: java.net.SocketTimeoutException: connect timed out
