2025-01-04 23:16:58,501 ERROR [com.alibaba.nacos.naming.beat.sender][NamingProxy.java:617] - [NA] failed to request
java.net.SocketTimeoutException: connect timed out
	at java.net.DualStackPlainSocketImpl.waitForConnect(Native Method)
	at java.net.DualStackPlainSocketImpl.socketConnect(DualStackPlainSocketImpl.java:85)
	at java.net.AbstractPlainSocketImpl.doConnect(AbstractPlainSocketImpl.java:350)
	at java.net.AbstractPlainSocketImpl.connectToAddress(AbstractPlainSocketImpl.java:206)
	at java.net.AbstractPlainSocketImpl.connect(AbstractPlainSocketImpl.java:188)
	at java.net.PlainSocketImpl.connect(PlainSocketImpl.java:172)
	at java.net.SocksSocketImpl.connect(SocksSocketImpl.java:392)
	at java.net.Socket.connect(Socket.java:589)
	at sun.net.NetworkClient.doConnect(NetworkClient.java:175)
	at sun.net.www.http.HttpClient.openServer(HttpClient.java:463)
	at sun.net.www.http.HttpClient.openServer(HttpClient.java:558)
	at sun.net.www.http.HttpClient.<init>(HttpClient.java:242)
	at sun.net.www.http.HttpClient.New(HttpClient.java:339)
	at sun.net.www.http.HttpClient.New(HttpClient.java:357)
	at sun.net.www.protocol.http.HttpURLConnection.getNewHttpClient(HttpURLConnection.java:1202)
	at sun.net.www.protocol.http.HttpURLConnection.plainConnect0(HttpURLConnection.java:1138)
	at sun.net.www.protocol.http.HttpURLConnection.plainConnect(HttpURLConnection.java:1032)
	at sun.net.www.protocol.http.HttpURLConnection.connect(HttpURLConnection.java:966)
	at com.alibaba.nacos.common.http.client.request.JdkHttpClientRequest.execute(JdkHttpClientRequest.java:112)
	at com.alibaba.nacos.common.http.client.NacosRestTemplate.execute(NacosRestTemplate.java:482)
	at com.alibaba.nacos.common.http.client.NacosRestTemplate.exchangeForm(NacosRestTemplate.java:427)
	at com.alibaba.nacos.client.naming.net.NamingProxy.callServer(NamingProxy.java:603)
	at com.alibaba.nacos.client.naming.net.NamingProxy.reqApi(NamingProxy.java:526)
	at com.alibaba.nacos.client.naming.net.NamingProxy.reqApi(NamingProxy.java:498)
	at com.alibaba.nacos.client.naming.net.NamingProxy.sendBeat(NamingProxy.java:433)
	at com.alibaba.nacos.client.naming.beat.BeatReactor$BeatTask.run(BeatReactor.java:167)
	at java.util.concurrent.Executors$RunnableAdapter.call(Executors.java:511)
	at java.util.concurrent.FutureTask.run(FutureTask.java:266)
	at java.util.concurrent.ScheduledThreadPoolExecutor$ScheduledFutureTask.access$201(ScheduledThreadPoolExecutor.java:180)
	at java.util.concurrent.ScheduledThreadPoolExecutor$ScheduledFutureTask.run(ScheduledThreadPoolExecutor.java:293)
	at java.util.concurrent.ThreadPoolExecutor.runWorker(ThreadPoolExecutor.java:1142)
	at java.util.concurrent.ThreadPoolExecutor$Worker.run(ThreadPoolExecutor.java:617)
	at java.lang.Thread.run(Thread.java:748)
2025-01-04 23:16:58,531 ERROR [com.alibaba.nacos.naming.beat.sender][NamingProxy.java:617] - [NA] failed to request
java.net.SocketException: Network is unreachable: connect
	at java.net.DualStackPlainSocketImpl.waitForConnect(Native Method)
	at java.net.DualStackPlainSocketImpl.socketConnect(DualStackPlainSocketImpl.java:85)
	at java.net.AbstractPlainSocketImpl.doConnect(AbstractPlainSocketImpl.java:350)
	at java.net.AbstractPlainSocketImpl.connectToAddress(AbstractPlainSocketImpl.java:206)
	at java.net.AbstractPlainSocketImpl.connect(AbstractPlainSocketImpl.java:188)
	at java.net.PlainSocketImpl.connect(PlainSocketImpl.java:172)
	at java.net.SocksSocketImpl.connect(SocksSocketImpl.java:392)
	at java.net.Socket.connect(Socket.java:589)
	at sun.net.NetworkClient.doConnect(NetworkClient.java:175)
	at sun.net.www.http.HttpClient.openServer(HttpClient.java:463)
	at sun.net.www.http.HttpClient.openServer(HttpClient.java:558)
	at sun.net.www.http.HttpClient.<init>(HttpClient.java:242)
	at sun.net.www.http.HttpClient.New(HttpClient.java:339)
	at sun.net.www.http.HttpClient.New(HttpClient.java:357)
	at sun.net.www.protocol.http.HttpURLConnection.getNewHttpClient(HttpURLConnection.java:1202)
	at sun.net.www.protocol.http.HttpURLConnection.plainConnect0(HttpURLConnection.java:1138)
	at sun.net.www.protocol.http.HttpURLConnection.plainConnect(HttpURLConnection.java:1032)
	at sun.net.www.protocol.http.HttpURLConnection.connect(HttpURLConnection.java:966)
	at com.alibaba.nacos.common.http.client.request.JdkHttpClientRequest.execute(JdkHttpClientRequest.java:112)
	at com.alibaba.nacos.common.http.client.NacosRestTemplate.execute(NacosRestTemplate.java:482)
	at com.alibaba.nacos.common.http.client.NacosRestTemplate.exchangeForm(NacosRestTemplate.java:427)
	at com.alibaba.nacos.client.naming.net.NamingProxy.callServer(NamingProxy.java:603)
	at com.alibaba.nacos.client.naming.net.NamingProxy.reqApi(NamingProxy.java:526)
	at com.alibaba.nacos.client.naming.net.NamingProxy.reqApi(NamingProxy.java:498)
	at com.alibaba.nacos.client.naming.net.NamingProxy.sendBeat(NamingProxy.java:433)
	at com.alibaba.nacos.client.naming.beat.BeatReactor$BeatTask.run(BeatReactor.java:167)
	at java.util.concurrent.Executors$RunnableAdapter.call(Executors.java:511)
	at java.util.concurrent.FutureTask.run(FutureTask.java:266)
	at java.util.concurrent.ScheduledThreadPoolExecutor$ScheduledFutureTask.access$201(ScheduledThreadPoolExecutor.java:180)
	at java.util.concurrent.ScheduledThreadPoolExecutor$ScheduledFutureTask.run(ScheduledThreadPoolExecutor.java:293)
	at java.util.concurrent.ThreadPoolExecutor.runWorker(ThreadPoolExecutor.java:1142)
	at java.util.concurrent.ThreadPoolExecutor$Worker.run(ThreadPoolExecutor.java:617)
	at java.lang.Thread.run(Thread.java:748)
2025-01-04 23:16:58,533 ERROR [com.alibaba.nacos.naming.beat.sender][NamingProxy.java:552] - request: /nacos/v1/ns/instance/beat failed, servers: [192.168.128.130:8848], code: 500, msg: Network is unreachable: connect
2025-01-04 23:16:58,534 ERROR [com.alibaba.nacos.naming.beat.sender][BeatReactor.java:198] - [CLIENT-BEAT] failed to send beat: {"port":63045,"ip":"10.65.50.166","weight":1.0,"serviceName":"group001@@system-service","cluster":"DEFAULT","metadata":{"preserved.register.source":"SPRING_CLOUD"},"scheduled":false,"period":5000,"stopped":false}, code: 500, msg: failed to req API:/nacos/v1/ns/instance/beat after all servers([192.168.128.130:8848]) tried: java.net.SocketException: Network is unreachable: connect
2025-01-04 23:16:59,190 ERROR [com.alibaba.nacos.client.Worker.longPolling.fixed-192.168.128.130_8848-xczx][ServerHttpAgent.java:172] - [NACOS Exception httpPost] currentServerAddr: http://192.168.128.130:8848
java.net.SocketException: Software caused connection abort: connect
	at java.net.DualStackPlainSocketImpl.waitForConnect(Native Method)
	at java.net.DualStackPlainSocketImpl.socketConnect(DualStackPlainSocketImpl.java:85)
	at java.net.AbstractPlainSocketImpl.doConnect(AbstractPlainSocketImpl.java:350)
	at java.net.AbstractPlainSocketImpl.connectToAddress(AbstractPlainSocketImpl.java:206)
	at java.net.AbstractPlainSocketImpl.connect(AbstractPlainSocketImpl.java:188)
	at java.net.PlainSocketImpl.connect(PlainSocketImpl.java:172)
	at java.net.SocksSocketImpl.connect(SocksSocketImpl.java:392)
	at java.net.Socket.connect(Socket.java:589)
	at sun.net.NetworkClient.doConnect(NetworkClient.java:175)
	at sun.net.www.http.HttpClient.openServer(HttpClient.java:463)
	at sun.net.www.http.HttpClient.openServer(HttpClient.java:558)
	at sun.net.www.http.HttpClient.<init>(HttpClient.java:242)
	at sun.net.www.http.HttpClient.New(HttpClient.java:339)
	at sun.net.www.http.HttpClient.New(HttpClient.java:357)
	at sun.net.www.protocol.http.HttpURLConnection.getNewHttpClient(HttpURLConnection.java:1202)
	at sun.net.www.protocol.http.HttpURLConnection.plainConnect0(HttpURLConnection.java:1138)
	at sun.net.www.protocol.http.HttpURLConnection.plainConnect(HttpURLConnection.java:1032)
	at sun.net.www.protocol.http.HttpURLConnection.connect(HttpURLConnection.java:966)
	at sun.net.www.protocol.http.HttpURLConnection.getOutputStream0(HttpURLConnection.java:1316)
	at sun.net.www.protocol.http.HttpURLConnection.getOutputStream(HttpURLConnection.java:1291)
	at com.alibaba.nacos.common.http.client.request.JdkHttpClientRequest.execute(JdkHttpClientRequest.java:106)
	at com.alibaba.nacos.common.http.client.InterceptingHttpClientRequest.execute(InterceptingHttpClientRequest.java:53)
	at com.alibaba.nacos.common.http.client.NacosRestTemplate.execute(NacosRestTemplate.java:482)
	at com.alibaba.nacos.common.http.client.NacosRestTemplate.postForm(NacosRestTemplate.java:407)
	at com.alibaba.nacos.client.config.http.ServerHttpAgent.httpPost(ServerHttpAgent.java:155)
	at com.alibaba.nacos.client.config.http.MetricsHttpAgent.httpPost(MetricsHttpAgent.java:67)
	at com.alibaba.nacos.client.config.impl.ClientWorker.checkUpdateConfigStr(ClientWorker.java:380)
	at com.alibaba.nacos.client.config.impl.ClientWorker.checkUpdateDataIds(ClientWorker.java:347)
	at com.alibaba.nacos.client.config.impl.ClientWorker$LongPollingRunnable.run(ClientWorker.java:535)
	at java.util.concurrent.Executors$RunnableAdapter.call(Executors.java:511)
	at java.util.concurrent.FutureTask.run(FutureTask.java:266)
	at java.util.concurrent.ScheduledThreadPoolExecutor$ScheduledFutureTask.access$201(ScheduledThreadPoolExecutor.java:180)
	at java.util.concurrent.ScheduledThreadPoolExecutor$ScheduledFutureTask.run(ScheduledThreadPoolExecutor.java:293)
	at java.util.concurrent.ThreadPoolExecutor.runWorker(ThreadPoolExecutor.java:1142)
	at java.util.concurrent.ThreadPoolExecutor$Worker.run(ThreadPoolExecutor.java:617)
	at java.lang.Thread.run(Thread.java:748)
2025-01-04 23:16:59,190 ERROR [com.alibaba.nacos.client.Worker.longPolling.fixed-192.168.128.130_8848-xczx][ClientWorker.java:393] - [fixed-192.168.128.130_8848-xczx] [check-update] get changed dataId exception
java.net.SocketException: Software caused connection abort: connect
	at java.net.DualStackPlainSocketImpl.waitForConnect(Native Method)
	at java.net.DualStackPlainSocketImpl.socketConnect(DualStackPlainSocketImpl.java:85)
	at java.net.AbstractPlainSocketImpl.doConnect(AbstractPlainSocketImpl.java:350)
	at java.net.AbstractPlainSocketImpl.connectToAddress(AbstractPlainSocketImpl.java:206)
	at java.net.AbstractPlainSocketImpl.connect(AbstractPlainSocketImpl.java:188)
	at java.net.PlainSocketImpl.connect(PlainSocketImpl.java:172)
	at java.net.SocksSocketImpl.connect(SocksSocketImpl.java:392)
	at java.net.Socket.connect(Socket.java:589)
	at sun.net.NetworkClient.doConnect(NetworkClient.java:175)
	at sun.net.www.http.HttpClient.openServer(HttpClient.java:463)
	at sun.net.www.http.HttpClient.openServer(HttpClient.java:558)
	at sun.net.www.http.HttpClient.<init>(HttpClient.java:242)
	at sun.net.www.http.HttpClient.New(HttpClient.java:339)
	at sun.net.www.http.HttpClient.New(HttpClient.java:357)
	at sun.net.www.protocol.http.HttpURLConnection.getNewHttpClient(HttpURLConnection.java:1202)
	at sun.net.www.protocol.http.HttpURLConnection.plainConnect0(HttpURLConnection.java:1138)
	at sun.net.www.protocol.http.HttpURLConnection.plainConnect(HttpURLConnection.java:1032)
	at sun.net.www.protocol.http.HttpURLConnection.connect(HttpURLConnection.java:966)
	at sun.net.www.protocol.http.HttpURLConnection.getOutputStream0(HttpURLConnection.java:1316)
	at sun.net.www.protocol.http.HttpURLConnection.getOutputStream(HttpURLConnection.java:1291)
	at com.alibaba.nacos.common.http.client.request.JdkHttpClientRequest.execute(JdkHttpClientRequest.java:106)
	at com.alibaba.nacos.common.http.client.InterceptingHttpClientRequest.execute(InterceptingHttpClientRequest.java:53)
	at com.alibaba.nacos.common.http.client.NacosRestTemplate.execute(NacosRestTemplate.java:482)
	at com.alibaba.nacos.common.http.client.NacosRestTemplate.postForm(NacosRestTemplate.java:407)
	at com.alibaba.nacos.client.config.http.ServerHttpAgent.httpPost(ServerHttpAgent.java:155)
	at com.alibaba.nacos.client.config.http.MetricsHttpAgent.httpPost(MetricsHttpAgent.java:67)
	at com.alibaba.nacos.client.config.impl.ClientWorker.checkUpdateConfigStr(ClientWorker.java:380)
	at com.alibaba.nacos.client.config.impl.ClientWorker.checkUpdateDataIds(ClientWorker.java:347)
	at com.alibaba.nacos.client.config.impl.ClientWorker$LongPollingRunnable.run(ClientWorker.java:535)
	at java.util.concurrent.Executors$RunnableAdapter.call(Executors.java:511)
	at java.util.concurrent.FutureTask.run(FutureTask.java:266)
	at java.util.concurrent.ScheduledThreadPoolExecutor$ScheduledFutureTask.access$201(ScheduledThreadPoolExecutor.java:180)
	at java.util.concurrent.ScheduledThreadPoolExecutor$ScheduledFutureTask.run(ScheduledThreadPoolExecutor.java:293)
	at java.util.concurrent.ThreadPoolExecutor.runWorker(ThreadPoolExecutor.java:1142)
	at java.util.concurrent.ThreadPoolExecutor$Worker.run(ThreadPoolExecutor.java:617)
	at java.lang.Thread.run(Thread.java:748)
2025-01-04 23:16:59,192 ERROR [com.alibaba.nacos.client.Worker.longPolling.fixed-192.168.128.130_8848-xczx][ClientWorker.java:580] - longPolling error : 
java.net.SocketException: Software caused connection abort: connect
	at java.net.DualStackPlainSocketImpl.waitForConnect(Native Method)
	at java.net.DualStackPlainSocketImpl.socketConnect(DualStackPlainSocketImpl.java:85)
	at java.net.AbstractPlainSocketImpl.doConnect(AbstractPlainSocketImpl.java:350)
	at java.net.AbstractPlainSocketImpl.connectToAddress(AbstractPlainSocketImpl.java:206)
	at java.net.AbstractPlainSocketImpl.connect(AbstractPlainSocketImpl.java:188)
	at java.net.PlainSocketImpl.connect(PlainSocketImpl.java:172)
	at java.net.SocksSocketImpl.connect(SocksSocketImpl.java:392)
	at java.net.Socket.connect(Socket.java:589)
	at sun.net.NetworkClient.doConnect(NetworkClient.java:175)
	at sun.net.www.http.HttpClient.openServer(HttpClient.java:463)
	at sun.net.www.http.HttpClient.openServer(HttpClient.java:558)
	at sun.net.www.http.HttpClient.<init>(HttpClient.java:242)
	at sun.net.www.http.HttpClient.New(HttpClient.java:339)
	at sun.net.www.http.HttpClient.New(HttpClient.java:357)
	at sun.net.www.protocol.http.HttpURLConnection.getNewHttpClient(HttpURLConnection.java:1202)
	at sun.net.www.protocol.http.HttpURLConnection.plainConnect0(HttpURLConnection.java:1138)
	at sun.net.www.protocol.http.HttpURLConnection.plainConnect(HttpURLConnection.java:1032)
	at sun.net.www.protocol.http.HttpURLConnection.connect(HttpURLConnection.java:966)
	at sun.net.www.protocol.http.HttpURLConnection.getOutputStream0(HttpURLConnection.java:1316)
	at sun.net.www.protocol.http.HttpURLConnection.getOutputStream(HttpURLConnection.java:1291)
	at com.alibaba.nacos.common.http.client.request.JdkHttpClientRequest.execute(JdkHttpClientRequest.java:106)
	at com.alibaba.nacos.common.http.client.InterceptingHttpClientRequest.execute(InterceptingHttpClientRequest.java:53)
	at com.alibaba.nacos.common.http.client.NacosRestTemplate.execute(NacosRestTemplate.java:482)
	at com.alibaba.nacos.common.http.client.NacosRestTemplate.postForm(NacosRestTemplate.java:407)
	at com.alibaba.nacos.client.config.http.ServerHttpAgent.httpPost(ServerHttpAgent.java:155)
	at com.alibaba.nacos.client.config.http.MetricsHttpAgent.httpPost(MetricsHttpAgent.java:67)
	at com.alibaba.nacos.client.config.impl.ClientWorker.checkUpdateConfigStr(ClientWorker.java:380)
	at com.alibaba.nacos.client.config.impl.ClientWorker.checkUpdateDataIds(ClientWorker.java:347)
	at com.alibaba.nacos.client.config.impl.ClientWorker$LongPollingRunnable.run(ClientWorker.java:535)
	at java.util.concurrent.Executors$RunnableAdapter.call(Executors.java:511)
	at java.util.concurrent.FutureTask.run(FutureTask.java:266)
	at java.util.concurrent.ScheduledThreadPoolExecutor$ScheduledFutureTask.access$201(ScheduledThreadPoolExecutor.java:180)
	at java.util.concurrent.ScheduledThreadPoolExecutor$ScheduledFutureTask.run(ScheduledThreadPoolExecutor.java:293)
	at java.util.concurrent.ThreadPoolExecutor.runWorker(ThreadPoolExecutor.java:1142)
	at java.util.concurrent.ThreadPoolExecutor$Worker.run(ThreadPoolExecutor.java:617)
	at java.lang.Thread.run(Thread.java:748)
2025-01-04 23:17:01,239 ERROR [com.alibaba.nacos.client.Worker.longPolling.fixed-192.168.128.130_8848-xczx][ServerHttpAgent.java:172] - [NACOS Exception httpPost] currentServerAddr: http://192.168.128.130:8848
java.net.NoRouteToHostException: No route to host: connect
	at java.net.DualStackPlainSocketImpl.waitForConnect(Native Method)
	at java.net.DualStackPlainSocketImpl.socketConnect(DualStackPlainSocketImpl.java:85)
	at java.net.AbstractPlainSocketImpl.doConnect(AbstractPlainSocketImpl.java:350)
	at java.net.AbstractPlainSocketImpl.connectToAddress(AbstractPlainSocketImpl.java:206)
	at java.net.AbstractPlainSocketImpl.connect(AbstractPlainSocketImpl.java:188)
	at java.net.PlainSocketImpl.connect(PlainSocketImpl.java:172)
	at java.net.SocksSocketImpl.connect(SocksSocketImpl.java:392)
	at java.net.Socket.connect(Socket.java:589)
	at sun.net.NetworkClient.doConnect(NetworkClient.java:175)
	at sun.net.www.http.HttpClient.openServer(HttpClient.java:463)
	at sun.net.www.http.HttpClient.openServer(HttpClient.java:558)
	at sun.net.www.http.HttpClient.<init>(HttpClient.java:242)
	at sun.net.www.http.HttpClient.New(HttpClient.java:339)
	at sun.net.www.http.HttpClient.New(HttpClient.java:357)
	at sun.net.www.protocol.http.HttpURLConnection.getNewHttpClient(HttpURLConnection.java:1202)
	at sun.net.www.protocol.http.HttpURLConnection.plainConnect0(HttpURLConnection.java:1138)
	at sun.net.www.protocol.http.HttpURLConnection.plainConnect(HttpURLConnection.java:1032)
	at sun.net.www.protocol.http.HttpURLConnection.connect(HttpURLConnection.java:966)
	at sun.net.www.protocol.http.HttpURLConnection.getOutputStream0(HttpURLConnection.java:1316)
	at sun.net.www.protocol.http.HttpURLConnection.getOutputStream(HttpURLConnection.java:1291)
	at com.alibaba.nacos.common.http.client.request.JdkHttpClientRequest.execute(JdkHttpClientRequest.java:106)
	at com.alibaba.nacos.common.http.client.InterceptingHttpClientRequest.execute(InterceptingHttpClientRequest.java:53)
	at com.alibaba.nacos.common.http.client.NacosRestTemplate.execute(NacosRestTemplate.java:482)
	at com.alibaba.nacos.common.http.client.NacosRestTemplate.postForm(NacosRestTemplate.java:407)
	at com.alibaba.nacos.client.config.http.ServerHttpAgent.httpPost(ServerHttpAgent.java:155)
	at com.alibaba.nacos.client.config.http.MetricsHttpAgent.httpPost(MetricsHttpAgent.java:67)
	at com.alibaba.nacos.client.config.impl.ClientWorker.checkUpdateConfigStr(ClientWorker.java:380)
	at com.alibaba.nacos.client.config.impl.ClientWorker.checkUpdateDataIds(ClientWorker.java:347)
	at com.alibaba.nacos.client.config.impl.ClientWorker$LongPollingRunnable.run(ClientWorker.java:535)
	at java.util.concurrent.Executors$RunnableAdapter.call(Executors.java:511)
	at java.util.concurrent.FutureTask.run(FutureTask.java:266)
	at java.util.concurrent.ScheduledThreadPoolExecutor$ScheduledFutureTask.access$201(ScheduledThreadPoolExecutor.java:180)
	at java.util.concurrent.ScheduledThreadPoolExecutor$ScheduledFutureTask.run(ScheduledThreadPoolExecutor.java:293)
	at java.util.concurrent.ThreadPoolExecutor.runWorker(ThreadPoolExecutor.java:1142)
	at java.util.concurrent.ThreadPoolExecutor$Worker.run(ThreadPoolExecutor.java:617)
	at java.lang.Thread.run(Thread.java:748)
2025-01-04 23:17:01,241 ERROR [com.alibaba.nacos.client.Worker.longPolling.fixed-192.168.128.130_8848-xczx][ClientWorker.java:393] - [fixed-192.168.128.130_8848-xczx] [check-update] get changed dataId exception
java.net.NoRouteToHostException: No route to host: connect
	at java.net.DualStackPlainSocketImpl.waitForConnect(Native Method)
	at java.net.DualStackPlainSocketImpl.socketConnect(DualStackPlainSocketImpl.java:85)
	at java.net.AbstractPlainSocketImpl.doConnect(AbstractPlainSocketImpl.java:350)
	at java.net.AbstractPlainSocketImpl.connectToAddress(AbstractPlainSocketImpl.java:206)
	at java.net.AbstractPlainSocketImpl.connect(AbstractPlainSocketImpl.java:188)
	at java.net.PlainSocketImpl.connect(PlainSocketImpl.java:172)
	at java.net.SocksSocketImpl.connect(SocksSocketImpl.java:392)
	at java.net.Socket.connect(Socket.java:589)
	at sun.net.NetworkClient.doConnect(NetworkClient.java:175)
	at sun.net.www.http.HttpClient.openServer(HttpClient.java:463)
	at sun.net.www.http.HttpClient.openServer(HttpClient.java:558)
	at sun.net.www.http.HttpClient.<init>(HttpClient.java:242)
	at sun.net.www.http.HttpClient.New(HttpClient.java:339)
	at sun.net.www.http.HttpClient.New(HttpClient.java:357)
	at sun.net.www.protocol.http.HttpURLConnection.getNewHttpClient(HttpURLConnection.java:1202)
	at sun.net.www.protocol.http.HttpURLConnection.plainConnect0(HttpURLConnection.java:1138)
	at sun.net.www.protocol.http.HttpURLConnection.plainConnect(HttpURLConnection.java:1032)
	at sun.net.www.protocol.http.HttpURLConnection.connect(HttpURLConnection.java:966)
	at sun.net.www.protocol.http.HttpURLConnection.getOutputStream0(HttpURLConnection.java:1316)
	at sun.net.www.protocol.http.HttpURLConnection.getOutputStream(HttpURLConnection.java:1291)
	at com.alibaba.nacos.common.http.client.request.JdkHttpClientRequest.execute(JdkHttpClientRequest.java:106)
	at com.alibaba.nacos.common.http.client.InterceptingHttpClientRequest.execute(InterceptingHttpClientRequest.java:53)
	at com.alibaba.nacos.common.http.client.NacosRestTemplate.execute(NacosRestTemplate.java:482)
	at com.alibaba.nacos.common.http.client.NacosRestTemplate.postForm(NacosRestTemplate.java:407)
	at com.alibaba.nacos.client.config.http.ServerHttpAgent.httpPost(ServerHttpAgent.java:155)
	at com.alibaba.nacos.client.config.http.MetricsHttpAgent.httpPost(MetricsHttpAgent.java:67)
	at com.alibaba.nacos.client.config.impl.ClientWorker.checkUpdateConfigStr(ClientWorker.java:380)
	at com.alibaba.nacos.client.config.impl.ClientWorker.checkUpdateDataIds(ClientWorker.java:347)
	at com.alibaba.nacos.client.config.impl.ClientWorker$LongPollingRunnable.run(ClientWorker.java:535)
	at java.util.concurrent.Executors$RunnableAdapter.call(Executors.java:511)
	at java.util.concurrent.FutureTask.run(FutureTask.java:266)
	at java.util.concurrent.ScheduledThreadPoolExecutor$ScheduledFutureTask.access$201(ScheduledThreadPoolExecutor.java:180)
	at java.util.concurrent.ScheduledThreadPoolExecutor$ScheduledFutureTask.run(ScheduledThreadPoolExecutor.java:293)
	at java.util.concurrent.ThreadPoolExecutor.runWorker(ThreadPoolExecutor.java:1142)
	at java.util.concurrent.ThreadPoolExecutor$Worker.run(ThreadPoolExecutor.java:617)
	at java.lang.Thread.run(Thread.java:748)
2025-01-04 23:17:03,660 ERROR [com.alibaba.nacos.client.Worker.longPolling.fixed-192.168.128.130_8848-xczx][ClientWorker.java:580] - longPolling error : 
java.net.NoRouteToHostException: No route to host: connect
	at java.net.DualStackPlainSocketImpl.waitForConnect(Native Method)
	at java.net.DualStackPlainSocketImpl.socketConnect(DualStackPlainSocketImpl.java:85)
	at java.net.AbstractPlainSocketImpl.doConnect(AbstractPlainSocketImpl.java:350)
	at java.net.AbstractPlainSocketImpl.connectToAddress(AbstractPlainSocketImpl.java:206)
	at java.net.AbstractPlainSocketImpl.connect(AbstractPlainSocketImpl.java:188)
	at java.net.PlainSocketImpl.connect(PlainSocketImpl.java:172)
	at java.net.SocksSocketImpl.connect(SocksSocketImpl.java:392)
	at java.net.Socket.connect(Socket.java:589)
	at sun.net.NetworkClient.doConnect(NetworkClient.java:175)
	at sun.net.www.http.HttpClient.openServer(HttpClient.java:463)
	at sun.net.www.http.HttpClient.openServer(HttpClient.java:558)
	at sun.net.www.http.HttpClient.<init>(HttpClient.java:242)
	at sun.net.www.http.HttpClient.New(HttpClient.java:339)
	at sun.net.www.http.HttpClient.New(HttpClient.java:357)
	at sun.net.www.protocol.http.HttpURLConnection.getNewHttpClient(HttpURLConnection.java:1202)
	at sun.net.www.protocol.http.HttpURLConnection.plainConnect0(HttpURLConnection.java:1138)
	at sun.net.www.protocol.http.HttpURLConnection.plainConnect(HttpURLConnection.java:1032)
	at sun.net.www.protocol.http.HttpURLConnection.connect(HttpURLConnection.java:966)
	at sun.net.www.protocol.http.HttpURLConnection.getOutputStream0(HttpURLConnection.java:1316)
	at sun.net.www.protocol.http.HttpURLConnection.getOutputStream(HttpURLConnection.java:1291)
	at com.alibaba.nacos.common.http.client.request.JdkHttpClientRequest.execute(JdkHttpClientRequest.java:106)
	at com.alibaba.nacos.common.http.client.InterceptingHttpClientRequest.execute(InterceptingHttpClientRequest.java:53)
	at com.alibaba.nacos.common.http.client.NacosRestTemplate.execute(NacosRestTemplate.java:482)
	at com.alibaba.nacos.common.http.client.NacosRestTemplate.postForm(NacosRestTemplate.java:407)
	at com.alibaba.nacos.client.config.http.ServerHttpAgent.httpPost(ServerHttpAgent.java:155)
	at com.alibaba.nacos.client.config.http.MetricsHttpAgent.httpPost(MetricsHttpAgent.java:67)
	at com.alibaba.nacos.client.config.impl.ClientWorker.checkUpdateConfigStr(ClientWorker.java:380)
	at com.alibaba.nacos.client.config.impl.ClientWorker.checkUpdateDataIds(ClientWorker.java:347)
	at com.alibaba.nacos.client.config.impl.ClientWorker$LongPollingRunnable.run(ClientWorker.java:535)
	at java.util.concurrent.Executors$RunnableAdapter.call(Executors.java:511)
	at java.util.concurrent.FutureTask.run(FutureTask.java:266)
	at java.util.concurrent.ScheduledThreadPoolExecutor$ScheduledFutureTask.access$201(ScheduledThreadPoolExecutor.java:180)
	at java.util.concurrent.ScheduledThreadPoolExecutor$ScheduledFutureTask.run(ScheduledThreadPoolExecutor.java:293)
	at java.util.concurrent.ThreadPoolExecutor.runWorker(ThreadPoolExecutor.java:1142)
	at java.util.concurrent.ThreadPoolExecutor$Worker.run(ThreadPoolExecutor.java:617)
	at java.lang.Thread.run(Thread.java:748)
2025-01-04 23:17:06,672 ERROR [com.alibaba.nacos.naming.beat.sender][NamingProxy.java:617] - [NA] failed to request
java.net.SocketTimeoutException: connect timed out
	at java.net.DualStackPlainSocketImpl.waitForConnect(Native Method)
	at java.net.DualStackPlainSocketImpl.socketConnect(DualStackPlainSocketImpl.java:85)
	at java.net.AbstractPlainSocketImpl.doConnect(AbstractPlainSocketImpl.java:350)
	at java.net.AbstractPlainSocketImpl.connectToAddress(AbstractPlainSocketImpl.java:206)
	at java.net.AbstractPlainSocketImpl.connect(AbstractPlainSocketImpl.java:188)
	at java.net.PlainSocketImpl.connect(PlainSocketImpl.java:172)
	at java.net.SocksSocketImpl.connect(SocksSocketImpl.java:392)
	at java.net.Socket.connect(Socket.java:589)
	at sun.net.NetworkClient.doConnect(NetworkClient.java:175)
	at sun.net.www.http.HttpClient.openServer(HttpClient.java:463)
	at sun.net.www.http.HttpClient.openServer(HttpClient.java:558)
	at sun.net.www.http.HttpClient.<init>(HttpClient.java:242)
	at sun.net.www.http.HttpClient.New(HttpClient.java:339)
	at sun.net.www.http.HttpClient.New(HttpClient.java:357)
	at sun.net.www.protocol.http.HttpURLConnection.getNewHttpClient(HttpURLConnection.java:1202)
	at sun.net.www.protocol.http.HttpURLConnection.plainConnect0(HttpURLConnection.java:1138)
	at sun.net.www.protocol.http.HttpURLConnection.plainConnect(HttpURLConnection.java:1032)
	at sun.net.www.protocol.http.HttpURLConnection.connect(HttpURLConnection.java:966)
	at com.alibaba.nacos.common.http.client.request.JdkHttpClientRequest.execute(JdkHttpClientRequest.java:112)
	at com.alibaba.nacos.common.http.client.NacosRestTemplate.execute(NacosRestTemplate.java:482)
	at com.alibaba.nacos.common.http.client.NacosRestTemplate.exchangeForm(NacosRestTemplate.java:427)
	at com.alibaba.nacos.client.naming.net.NamingProxy.callServer(NamingProxy.java:603)
	at com.alibaba.nacos.client.naming.net.NamingProxy.reqApi(NamingProxy.java:526)
	at com.alibaba.nacos.client.naming.net.NamingProxy.reqApi(NamingProxy.java:498)
	at com.alibaba.nacos.client.naming.net.NamingProxy.sendBeat(NamingProxy.java:433)
	at com.alibaba.nacos.client.naming.beat.BeatReactor$BeatTask.run(BeatReactor.java:167)
	at java.util.concurrent.Executors$RunnableAdapter.call(Executors.java:511)
	at java.util.concurrent.FutureTask.run(FutureTask.java:266)
	at java.util.concurrent.ScheduledThreadPoolExecutor$ScheduledFutureTask.access$201(ScheduledThreadPoolExecutor.java:180)
	at java.util.concurrent.ScheduledThreadPoolExecutor$ScheduledFutureTask.run(ScheduledThreadPoolExecutor.java:293)
	at java.util.concurrent.ThreadPoolExecutor.runWorker(ThreadPoolExecutor.java:1142)
	at java.util.concurrent.ThreadPoolExecutor$Worker.run(ThreadPoolExecutor.java:617)
	at java.lang.Thread.run(Thread.java:748)
2025-01-04 23:17:06,672 ERROR [com.alibaba.nacos.client.naming.updater][NamingProxy.java:617] - [NA] failed to request
java.net.SocketTimeoutException: connect timed out
	at java.net.DualStackPlainSocketImpl.waitForConnect(Native Method)
	at java.net.DualStackPlainSocketImpl.socketConnect(DualStackPlainSocketImpl.java:85)
	at java.net.AbstractPlainSocketImpl.doConnect(AbstractPlainSocketImpl.java:350)
	at java.net.AbstractPlainSocketImpl.connectToAddress(AbstractPlainSocketImpl.java:206)
	at java.net.AbstractPlainSocketImpl.connect(AbstractPlainSocketImpl.java:188)
	at java.net.PlainSocketImpl.connect(PlainSocketImpl.java:172)
	at java.net.SocksSocketImpl.connect(SocksSocketImpl.java:392)
	at java.net.Socket.connect(Socket.java:589)
	at sun.net.NetworkClient.doConnect(NetworkClient.java:175)
	at sun.net.www.http.HttpClient.openServer(HttpClient.java:463)
	at sun.net.www.http.HttpClient.openServer(HttpClient.java:558)
	at sun.net.www.http.HttpClient.<init>(HttpClient.java:242)
	at sun.net.www.http.HttpClient.New(HttpClient.java:339)
	at sun.net.www.http.HttpClient.New(HttpClient.java:357)
	at sun.net.www.protocol.http.HttpURLConnection.getNewHttpClient(HttpURLConnection.java:1202)
	at sun.net.www.protocol.http.HttpURLConnection.plainConnect0(HttpURLConnection.java:1138)
	at sun.net.www.protocol.http.HttpURLConnection.plainConnect(HttpURLConnection.java:1032)
	at sun.net.www.protocol.http.HttpURLConnection.connect(HttpURLConnection.java:966)
	at com.alibaba.nacos.common.http.client.request.JdkHttpClientRequest.execute(JdkHttpClientRequest.java:112)
	at com.alibaba.nacos.common.http.client.NacosRestTemplate.execute(NacosRestTemplate.java:482)
	at com.alibaba.nacos.common.http.client.NacosRestTemplate.exchangeForm(NacosRestTemplate.java:427)
	at com.alibaba.nacos.client.naming.net.NamingProxy.callServer(NamingProxy.java:603)
	at com.alibaba.nacos.client.naming.net.NamingProxy.reqApi(NamingProxy.java:526)
	at com.alibaba.nacos.client.naming.net.NamingProxy.reqApi(NamingProxy.java:498)
	at com.alibaba.nacos.client.naming.net.NamingProxy.reqApi(NamingProxy.java:493)
	at com.alibaba.nacos.client.naming.net.NamingProxy.queryList(NamingProxy.java:407)
	at com.alibaba.nacos.client.naming.core.HostReactor.updateService(HostReactor.java:382)
	at com.alibaba.nacos.client.naming.core.HostReactor$UpdateTask.run(HostReactor.java:464)
	at java.util.concurrent.Executors$RunnableAdapter.call(Executors.java:511)
	at java.util.concurrent.FutureTask.run(FutureTask.java:266)
	at java.util.concurrent.ScheduledThreadPoolExecutor$ScheduledFutureTask.access$201(ScheduledThreadPoolExecutor.java:180)
	at java.util.concurrent.ScheduledThreadPoolExecutor$ScheduledFutureTask.run(ScheduledThreadPoolExecutor.java:293)
	at java.util.concurrent.ThreadPoolExecutor.runWorker(ThreadPoolExecutor.java:1142)
	at java.util.concurrent.ThreadPoolExecutor$Worker.run(ThreadPoolExecutor.java:617)
	at java.lang.Thread.run(Thread.java:748)
2025-01-04 23:17:08,675 ERROR [com.alibaba.nacos.client.Worker.longPolling.fixed-192.168.128.130_8848-xczx][ServerHttpAgent.java:169] - [NACOS SocketTimeoutException httpPost] currentServerAddr: http://192.168.128.130:8848， err : connect timed out
2025-01-04 23:17:09,992 ERROR [com.alibaba.nacos.naming.beat.sender][NamingProxy.java:617] - [NA] failed to request
java.net.SocketTimeoutException: connect timed out
	at java.net.DualStackPlainSocketImpl.waitForConnect(Native Method)
	at java.net.DualStackPlainSocketImpl.socketConnect(DualStackPlainSocketImpl.java:85)
	at java.net.AbstractPlainSocketImpl.doConnect(AbstractPlainSocketImpl.java:350)
	at java.net.AbstractPlainSocketImpl.connectToAddress(AbstractPlainSocketImpl.java:206)
	at java.net.AbstractPlainSocketImpl.connect(AbstractPlainSocketImpl.java:188)
	at java.net.PlainSocketImpl.connect(PlainSocketImpl.java:172)
	at java.net.SocksSocketImpl.connect(SocksSocketImpl.java:392)
	at java.net.Socket.connect(Socket.java:589)
	at sun.net.NetworkClient.doConnect(NetworkClient.java:175)
	at sun.net.www.http.HttpClient.openServer(HttpClient.java:463)
	at sun.net.www.http.HttpClient.openServer(HttpClient.java:558)
	at sun.net.www.http.HttpClient.<init>(HttpClient.java:242)
	at sun.net.www.http.HttpClient.New(HttpClient.java:339)
	at sun.net.www.http.HttpClient.New(HttpClient.java:357)
	at sun.net.www.protocol.http.HttpURLConnection.getNewHttpClient(HttpURLConnection.java:1202)
	at sun.net.www.protocol.http.HttpURLConnection.plainConnect0(HttpURLConnection.java:1138)
	at sun.net.www.protocol.http.HttpURLConnection.plainConnect(HttpURLConnection.java:1032)
	at sun.net.www.protocol.http.HttpURLConnection.connect(HttpURLConnection.java:966)
	at com.alibaba.nacos.common.http.client.request.JdkHttpClientRequest.execute(JdkHttpClientRequest.java:112)
	at com.alibaba.nacos.common.http.client.NacosRestTemplate.execute(NacosRestTemplate.java:482)
	at com.alibaba.nacos.common.http.client.NacosRestTemplate.exchangeForm(NacosRestTemplate.java:427)
	at com.alibaba.nacos.client.naming.net.NamingProxy.callServer(NamingProxy.java:603)
	at com.alibaba.nacos.client.naming.net.NamingProxy.reqApi(NamingProxy.java:526)
	at com.alibaba.nacos.client.naming.net.NamingProxy.reqApi(NamingProxy.java:498)
	at com.alibaba.nacos.client.naming.net.NamingProxy.sendBeat(NamingProxy.java:433)
	at com.alibaba.nacos.client.naming.beat.BeatReactor$BeatTask.run(BeatReactor.java:167)
	at java.util.concurrent.Executors$RunnableAdapter.call(Executors.java:511)
	at java.util.concurrent.FutureTask.run(FutureTask.java:266)
	at java.util.concurrent.ScheduledThreadPoolExecutor$ScheduledFutureTask.access$201(ScheduledThreadPoolExecutor.java:180)
	at java.util.concurrent.ScheduledThreadPoolExecutor$ScheduledFutureTask.run(ScheduledThreadPoolExecutor.java:293)
	at java.util.concurrent.ThreadPoolExecutor.runWorker(ThreadPoolExecutor.java:1142)
	at java.util.concurrent.ThreadPoolExecutor$Worker.run(ThreadPoolExecutor.java:617)
	at java.lang.Thread.run(Thread.java:748)
2025-01-04 23:17:09,992 ERROR [com.alibaba.nacos.client.naming.updater][NamingProxy.java:617] - [NA] failed to request
java.net.SocketTimeoutException: connect timed out
	at java.net.DualStackPlainSocketImpl.waitForConnect(Native Method)
	at java.net.DualStackPlainSocketImpl.socketConnect(DualStackPlainSocketImpl.java:85)
	at java.net.AbstractPlainSocketImpl.doConnect(AbstractPlainSocketImpl.java:350)
	at java.net.AbstractPlainSocketImpl.connectToAddress(AbstractPlainSocketImpl.java:206)
	at java.net.AbstractPlainSocketImpl.connect(AbstractPlainSocketImpl.java:188)
	at java.net.PlainSocketImpl.connect(PlainSocketImpl.java:172)
	at java.net.SocksSocketImpl.connect(SocksSocketImpl.java:392)
	at java.net.Socket.connect(Socket.java:589)
	at sun.net.NetworkClient.doConnect(NetworkClient.java:175)
	at sun.net.www.http.HttpClient.openServer(HttpClient.java:463)
	at sun.net.www.http.HttpClient.openServer(HttpClient.java:558)
	at sun.net.www.http.HttpClient.<init>(HttpClient.java:242)
	at sun.net.www.http.HttpClient.New(HttpClient.java:339)
	at sun.net.www.http.HttpClient.New(HttpClient.java:357)
	at sun.net.www.protocol.http.HttpURLConnection.getNewHttpClient(HttpURLConnection.java:1202)
	at sun.net.www.protocol.http.HttpURLConnection.plainConnect0(HttpURLConnection.java:1138)
	at sun.net.www.protocol.http.HttpURLConnection.plainConnect(HttpURLConnection.java:1032)
	at sun.net.www.protocol.http.HttpURLConnection.connect(HttpURLConnection.java:966)
	at com.alibaba.nacos.common.http.client.request.JdkHttpClientRequest.execute(JdkHttpClientRequest.java:112)
	at com.alibaba.nacos.common.http.client.NacosRestTemplate.execute(NacosRestTemplate.java:482)
	at com.alibaba.nacos.common.http.client.NacosRestTemplate.exchangeForm(NacosRestTemplate.java:427)
	at com.alibaba.nacos.client.naming.net.NamingProxy.callServer(NamingProxy.java:603)
	at com.alibaba.nacos.client.naming.net.NamingProxy.reqApi(NamingProxy.java:526)
	at com.alibaba.nacos.client.naming.net.NamingProxy.reqApi(NamingProxy.java:498)
	at com.alibaba.nacos.client.naming.net.NamingProxy.reqApi(NamingProxy.java:493)
	at com.alibaba.nacos.client.naming.net.NamingProxy.queryList(NamingProxy.java:407)
	at com.alibaba.nacos.client.naming.core.HostReactor.updateService(HostReactor.java:382)
	at com.alibaba.nacos.client.naming.core.HostReactor$UpdateTask.run(HostReactor.java:464)
	at java.util.concurrent.Executors$RunnableAdapter.call(Executors.java:511)
	at java.util.concurrent.FutureTask.run(FutureTask.java:266)
	at java.util.concurrent.ScheduledThreadPoolExecutor$ScheduledFutureTask.access$201(ScheduledThreadPoolExecutor.java:180)
	at java.util.concurrent.ScheduledThreadPoolExecutor$ScheduledFutureTask.run(ScheduledThreadPoolExecutor.java:293)
	at java.util.concurrent.ThreadPoolExecutor.runWorker(ThreadPoolExecutor.java:1142)
	at java.util.concurrent.ThreadPoolExecutor$Worker.run(ThreadPoolExecutor.java:617)
	at java.lang.Thread.run(Thread.java:748)
2025-01-04 23:17:11,685 ERROR [com.alibaba.nacos.client.Worker.longPolling.fixed-192.168.128.130_8848-xczx][ServerHttpAgent.java:169] - [NACOS SocketTimeoutException httpPost] currentServerAddr: http://192.168.128.130:8848， err : connect timed out
2025-01-04 23:17:13,001 ERROR [com.alibaba.nacos.naming.beat.sender][NamingProxy.java:617] - [NA] failed to request
java.net.SocketTimeoutException: connect timed out
	at java.net.DualStackPlainSocketImpl.waitForConnect(Native Method)
	at java.net.DualStackPlainSocketImpl.socketConnect(DualStackPlainSocketImpl.java:85)
	at java.net.AbstractPlainSocketImpl.doConnect(AbstractPlainSocketImpl.java:350)
	at java.net.AbstractPlainSocketImpl.connectToAddress(AbstractPlainSocketImpl.java:206)
	at java.net.AbstractPlainSocketImpl.connect(AbstractPlainSocketImpl.java:188)
	at java.net.PlainSocketImpl.connect(PlainSocketImpl.java:172)
	at java.net.SocksSocketImpl.connect(SocksSocketImpl.java:392)
	at java.net.Socket.connect(Socket.java:589)
	at sun.net.NetworkClient.doConnect(NetworkClient.java:175)
	at sun.net.www.http.HttpClient.openServer(HttpClient.java:463)
	at sun.net.www.http.HttpClient.openServer(HttpClient.java:558)
	at sun.net.www.http.HttpClient.<init>(HttpClient.java:242)
	at sun.net.www.http.HttpClient.New(HttpClient.java:339)
	at sun.net.www.http.HttpClient.New(HttpClient.java:357)
	at sun.net.www.protocol.http.HttpURLConnection.getNewHttpClient(HttpURLConnection.java:1202)
	at sun.net.www.protocol.http.HttpURLConnection.plainConnect0(HttpURLConnection.java:1138)
	at sun.net.www.protocol.http.HttpURLConnection.plainConnect(HttpURLConnection.java:1032)
	at sun.net.www.protocol.http.HttpURLConnection.connect(HttpURLConnection.java:966)
	at com.alibaba.nacos.common.http.client.request.JdkHttpClientRequest.execute(JdkHttpClientRequest.java:112)
	at com.alibaba.nacos.common.http.client.NacosRestTemplate.execute(NacosRestTemplate.java:482)
	at com.alibaba.nacos.common.http.client.NacosRestTemplate.exchangeForm(NacosRestTemplate.java:427)
	at com.alibaba.nacos.client.naming.net.NamingProxy.callServer(NamingProxy.java:603)
	at com.alibaba.nacos.client.naming.net.NamingProxy.reqApi(NamingProxy.java:526)
	at com.alibaba.nacos.client.naming.net.NamingProxy.reqApi(NamingProxy.java:498)
	at com.alibaba.nacos.client.naming.net.NamingProxy.sendBeat(NamingProxy.java:433)
	at com.alibaba.nacos.client.naming.beat.BeatReactor$BeatTask.run(BeatReactor.java:167)
	at java.util.concurrent.Executors$RunnableAdapter.call(Executors.java:511)
	at java.util.concurrent.FutureTask.run(FutureTask.java:266)
	at java.util.concurrent.ScheduledThreadPoolExecutor$ScheduledFutureTask.access$201(ScheduledThreadPoolExecutor.java:180)
	at java.util.concurrent.ScheduledThreadPoolExecutor$ScheduledFutureTask.run(ScheduledThreadPoolExecutor.java:293)
	at java.util.concurrent.ThreadPoolExecutor.runWorker(ThreadPoolExecutor.java:1142)
	at java.util.concurrent.ThreadPoolExecutor$Worker.run(ThreadPoolExecutor.java:617)
	at java.lang.Thread.run(Thread.java:748)
2025-01-04 23:17:13,001 ERROR [com.alibaba.nacos.client.naming.updater][NamingProxy.java:617] - [NA] failed to request
java.net.SocketTimeoutException: connect timed out
	at java.net.DualStackPlainSocketImpl.waitForConnect(Native Method)
	at java.net.DualStackPlainSocketImpl.socketConnect(DualStackPlainSocketImpl.java:85)
	at java.net.AbstractPlainSocketImpl.doConnect(AbstractPlainSocketImpl.java:350)
	at java.net.AbstractPlainSocketImpl.connectToAddress(AbstractPlainSocketImpl.java:206)
	at java.net.AbstractPlainSocketImpl.connect(AbstractPlainSocketImpl.java:188)
	at java.net.PlainSocketImpl.connect(PlainSocketImpl.java:172)
	at java.net.SocksSocketImpl.connect(SocksSocketImpl.java:392)
	at java.net.Socket.connect(Socket.java:589)
	at sun.net.NetworkClient.doConnect(NetworkClient.java:175)
	at sun.net.www.http.HttpClient.openServer(HttpClient.java:463)
	at sun.net.www.http.HttpClient.openServer(HttpClient.java:558)
	at sun.net.www.http.HttpClient.<init>(HttpClient.java:242)
	at sun.net.www.http.HttpClient.New(HttpClient.java:339)
	at sun.net.www.http.HttpClient.New(HttpClient.java:357)
	at sun.net.www.protocol.http.HttpURLConnection.getNewHttpClient(HttpURLConnection.java:1202)
	at sun.net.www.protocol.http.HttpURLConnection.plainConnect0(HttpURLConnection.java:1138)
	at sun.net.www.protocol.http.HttpURLConnection.plainConnect(HttpURLConnection.java:1032)
	at sun.net.www.protocol.http.HttpURLConnection.connect(HttpURLConnection.java:966)
	at com.alibaba.nacos.common.http.client.request.JdkHttpClientRequest.execute(JdkHttpClientRequest.java:112)
	at com.alibaba.nacos.common.http.client.NacosRestTemplate.execute(NacosRestTemplate.java:482)
	at com.alibaba.nacos.common.http.client.NacosRestTemplate.exchangeForm(NacosRestTemplate.java:427)
	at com.alibaba.nacos.client.naming.net.NamingProxy.callServer(NamingProxy.java:603)
	at com.alibaba.nacos.client.naming.net.NamingProxy.reqApi(NamingProxy.java:526)
	at com.alibaba.nacos.client.naming.net.NamingProxy.reqApi(NamingProxy.java:498)
	at com.alibaba.nacos.client.naming.net.NamingProxy.reqApi(NamingProxy.java:493)
	at com.alibaba.nacos.client.naming.net.NamingProxy.queryList(NamingProxy.java:407)
	at com.alibaba.nacos.client.naming.core.HostReactor.updateService(HostReactor.java:382)
	at com.alibaba.nacos.client.naming.core.HostReactor$UpdateTask.run(HostReactor.java:464)
	at java.util.concurrent.Executors$RunnableAdapter.call(Executors.java:511)
	at java.util.concurrent.FutureTask.run(FutureTask.java:266)
	at java.util.concurrent.ScheduledThreadPoolExecutor$ScheduledFutureTask.access$201(ScheduledThreadPoolExecutor.java:180)
	at java.util.concurrent.ScheduledThreadPoolExecutor$ScheduledFutureTask.run(ScheduledThreadPoolExecutor.java:293)
	at java.util.concurrent.ThreadPoolExecutor.runWorker(ThreadPoolExecutor.java:1142)
	at java.util.concurrent.ThreadPoolExecutor$Worker.run(ThreadPoolExecutor.java:617)
	at java.lang.Thread.run(Thread.java:748)
2025-01-04 23:17:13,003 ERROR [com.alibaba.nacos.client.naming.updater][NamingProxy.java:552] - request: /nacos/v1/ns/instance/list failed, servers: [192.168.128.130:8848], code: 500, msg: connect timed out
2025-01-04 23:17:13,003 ERROR [com.alibaba.nacos.naming.beat.sender][NamingProxy.java:552] - request: /nacos/v1/ns/instance/beat failed, servers: [192.168.128.130:8848], code: 500, msg: connect timed out
2025-01-04 23:17:13,003 ERROR [com.alibaba.nacos.naming.beat.sender][BeatReactor.java:198] - [CLIENT-BEAT] failed to send beat: {"port":63045,"ip":"10.65.50.166","weight":1.0,"serviceName":"group001@@system-service","cluster":"DEFAULT","metadata":{"preserved.register.source":"SPRING_CLOUD"},"scheduled":false,"period":5000,"stopped":false}, code: 500, msg: failed to req API:/nacos/v1/ns/instance/beat after all servers([192.168.128.130:8848]) tried: java.net.SocketTimeoutException: connect timed out
2025-01-04 23:17:42,152 ERROR [com.alibaba.nacos.client.naming.updater][NamingProxy.java:617] - [NA] failed to request
java.net.SocketTimeoutException: connect timed out
	at java.net.DualStackPlainSocketImpl.waitForConnect(Native Method)
	at java.net.DualStackPlainSocketImpl.socketConnect(DualStackPlainSocketImpl.java:85)
	at java.net.AbstractPlainSocketImpl.doConnect(AbstractPlainSocketImpl.java:350)
	at java.net.AbstractPlainSocketImpl.connectToAddress(AbstractPlainSocketImpl.java:206)
	at java.net.AbstractPlainSocketImpl.connect(AbstractPlainSocketImpl.java:188)
	at java.net.PlainSocketImpl.connect(PlainSocketImpl.java:172)
	at java.net.SocksSocketImpl.connect(SocksSocketImpl.java:392)
	at java.net.Socket.connect(Socket.java:589)
	at sun.net.NetworkClient.doConnect(NetworkClient.java:175)
	at sun.net.www.http.HttpClient.openServer(HttpClient.java:463)
	at sun.net.www.http.HttpClient.openServer(HttpClient.java:558)
	at sun.net.www.http.HttpClient.<init>(HttpClient.java:242)
	at sun.net.www.http.HttpClient.New(HttpClient.java:339)
	at sun.net.www.http.HttpClient.New(HttpClient.java:357)
	at sun.net.www.protocol.http.HttpURLConnection.getNewHttpClient(HttpURLConnection.java:1202)
	at sun.net.www.protocol.http.HttpURLConnection.plainConnect0(HttpURLConnection.java:1138)
	at sun.net.www.protocol.http.HttpURLConnection.plainConnect(HttpURLConnection.java:1032)
	at sun.net.www.protocol.http.HttpURLConnection.connect(HttpURLConnection.java:966)
	at com.alibaba.nacos.common.http.client.request.JdkHttpClientRequest.execute(JdkHttpClientRequest.java:112)
	at com.alibaba.nacos.common.http.client.NacosRestTemplate.execute(NacosRestTemplate.java:482)
	at com.alibaba.nacos.common.http.client.NacosRestTemplate.exchangeForm(NacosRestTemplate.java:427)
	at com.alibaba.nacos.client.naming.net.NamingProxy.callServer(NamingProxy.java:603)
	at com.alibaba.nacos.client.naming.net.NamingProxy.reqApi(NamingProxy.java:526)
	at com.alibaba.nacos.client.naming.net.NamingProxy.reqApi(NamingProxy.java:498)
	at com.alibaba.nacos.client.naming.net.NamingProxy.reqApi(NamingProxy.java:493)
	at com.alibaba.nacos.client.naming.net.NamingProxy.queryList(NamingProxy.java:407)
	at com.alibaba.nacos.client.naming.core.HostReactor.updateService(HostReactor.java:382)
	at com.alibaba.nacos.client.naming.core.HostReactor$UpdateTask.run(HostReactor.java:464)
	at java.util.concurrent.Executors$RunnableAdapter.call(Executors.java:511)
	at java.util.concurrent.FutureTask.run(FutureTask.java:266)
	at java.util.concurrent.ScheduledThreadPoolExecutor$ScheduledFutureTask.access$201(ScheduledThreadPoolExecutor.java:180)
	at java.util.concurrent.ScheduledThreadPoolExecutor$ScheduledFutureTask.run(ScheduledThreadPoolExecutor.java:293)
	at java.util.concurrent.ThreadPoolExecutor.runWorker(ThreadPoolExecutor.java:1142)
	at java.util.concurrent.ThreadPoolExecutor$Worker.run(ThreadPoolExecutor.java:617)
	at java.lang.Thread.run(Thread.java:748)
2025-01-04 23:17:45,155 ERROR [com.alibaba.nacos.client.naming.updater][NamingProxy.java:617] - [NA] failed to request
java.net.SocketTimeoutException: connect timed out
	at java.net.DualStackPlainSocketImpl.waitForConnect(Native Method)
	at java.net.DualStackPlainSocketImpl.socketConnect(DualStackPlainSocketImpl.java:85)
	at java.net.AbstractPlainSocketImpl.doConnect(AbstractPlainSocketImpl.java:350)
	at java.net.AbstractPlainSocketImpl.connectToAddress(AbstractPlainSocketImpl.java:206)
	at java.net.AbstractPlainSocketImpl.connect(AbstractPlainSocketImpl.java:188)
	at java.net.PlainSocketImpl.connect(PlainSocketImpl.java:172)
	at java.net.SocksSocketImpl.connect(SocksSocketImpl.java:392)
	at java.net.Socket.connect(Socket.java:589)
	at sun.net.NetworkClient.doConnect(NetworkClient.java:175)
	at sun.net.www.http.HttpClient.openServer(HttpClient.java:463)
	at sun.net.www.http.HttpClient.openServer(HttpClient.java:558)
	at sun.net.www.http.HttpClient.<init>(HttpClient.java:242)
	at sun.net.www.http.HttpClient.New(HttpClient.java:339)
	at sun.net.www.http.HttpClient.New(HttpClient.java:357)
	at sun.net.www.protocol.http.HttpURLConnection.getNewHttpClient(HttpURLConnection.java:1202)
	at sun.net.www.protocol.http.HttpURLConnection.plainConnect0(HttpURLConnection.java:1138)
	at sun.net.www.protocol.http.HttpURLConnection.plainConnect(HttpURLConnection.java:1032)
	at sun.net.www.protocol.http.HttpURLConnection.connect(HttpURLConnection.java:966)
	at com.alibaba.nacos.common.http.client.request.JdkHttpClientRequest.execute(JdkHttpClientRequest.java:112)
	at com.alibaba.nacos.common.http.client.NacosRestTemplate.execute(NacosRestTemplate.java:482)
	at com.alibaba.nacos.common.http.client.NacosRestTemplate.exchangeForm(NacosRestTemplate.java:427)
	at com.alibaba.nacos.client.naming.net.NamingProxy.callServer(NamingProxy.java:603)
	at com.alibaba.nacos.client.naming.net.NamingProxy.reqApi(NamingProxy.java:526)
	at com.alibaba.nacos.client.naming.net.NamingProxy.reqApi(NamingProxy.java:498)
	at com.alibaba.nacos.client.naming.net.NamingProxy.reqApi(NamingProxy.java:493)
	at com.alibaba.nacos.client.naming.net.NamingProxy.queryList(NamingProxy.java:407)
	at com.alibaba.nacos.client.naming.core.HostReactor.updateService(HostReactor.java:382)
	at com.alibaba.nacos.client.naming.core.HostReactor$UpdateTask.run(HostReactor.java:464)
	at java.util.concurrent.Executors$RunnableAdapter.call(Executors.java:511)
	at java.util.concurrent.FutureTask.run(FutureTask.java:266)
	at java.util.concurrent.ScheduledThreadPoolExecutor$ScheduledFutureTask.access$201(ScheduledThreadPoolExecutor.java:180)
	at java.util.concurrent.ScheduledThreadPoolExecutor$ScheduledFutureTask.run(ScheduledThreadPoolExecutor.java:293)
	at java.util.concurrent.ThreadPoolExecutor.runWorker(ThreadPoolExecutor.java:1142)
	at java.util.concurrent.ThreadPoolExecutor$Worker.run(ThreadPoolExecutor.java:617)
	at java.lang.Thread.run(Thread.java:748)
2025-01-04 23:20:44,467 ERROR [com.alibaba.nacos.naming.beat.sender][NamingProxy.java:617] - [NA] failed to request
java.net.SocketTimeoutException: connect timed out
	at java.net.DualStackPlainSocketImpl.waitForConnect(Native Method)
	at java.net.DualStackPlainSocketImpl.socketConnect(DualStackPlainSocketImpl.java:85)
	at java.net.AbstractPlainSocketImpl.doConnect(AbstractPlainSocketImpl.java:350)
	at java.net.AbstractPlainSocketImpl.connectToAddress(AbstractPlainSocketImpl.java:206)
	at java.net.AbstractPlainSocketImpl.connect(AbstractPlainSocketImpl.java:188)
	at java.net.PlainSocketImpl.connect(PlainSocketImpl.java:172)
	at java.net.SocksSocketImpl.connect(SocksSocketImpl.java:392)
	at java.net.Socket.connect(Socket.java:589)
	at sun.net.NetworkClient.doConnect(NetworkClient.java:175)
	at sun.net.www.http.HttpClient.openServer(HttpClient.java:463)
	at sun.net.www.http.HttpClient.openServer(HttpClient.java:558)
	at sun.net.www.http.HttpClient.<init>(HttpClient.java:242)
	at sun.net.www.http.HttpClient.New(HttpClient.java:339)
	at sun.net.www.http.HttpClient.New(HttpClient.java:357)
	at sun.net.www.protocol.http.HttpURLConnection.getNewHttpClient(HttpURLConnection.java:1202)
	at sun.net.www.protocol.http.HttpURLConnection.plainConnect0(HttpURLConnection.java:1138)
	at sun.net.www.protocol.http.HttpURLConnection.plainConnect(HttpURLConnection.java:1032)
	at sun.net.www.protocol.http.HttpURLConnection.connect(HttpURLConnection.java:966)
	at com.alibaba.nacos.common.http.client.request.JdkHttpClientRequest.execute(JdkHttpClientRequest.java:112)
	at com.alibaba.nacos.common.http.client.NacosRestTemplate.execute(NacosRestTemplate.java:482)
	at com.alibaba.nacos.common.http.client.NacosRestTemplate.exchangeForm(NacosRestTemplate.java:427)
	at com.alibaba.nacos.client.naming.net.NamingProxy.callServer(NamingProxy.java:603)
	at com.alibaba.nacos.client.naming.net.NamingProxy.reqApi(NamingProxy.java:526)
	at com.alibaba.nacos.client.naming.net.NamingProxy.reqApi(NamingProxy.java:498)
	at com.alibaba.nacos.client.naming.net.NamingProxy.sendBeat(NamingProxy.java:433)
	at com.alibaba.nacos.client.naming.beat.BeatReactor$BeatTask.run(BeatReactor.java:167)
	at java.util.concurrent.Executors$RunnableAdapter.call(Executors.java:511)
	at java.util.concurrent.FutureTask.run(FutureTask.java:266)
	at java.util.concurrent.ScheduledThreadPoolExecutor$ScheduledFutureTask.access$201(ScheduledThreadPoolExecutor.java:180)
	at java.util.concurrent.ScheduledThreadPoolExecutor$ScheduledFutureTask.run(ScheduledThreadPoolExecutor.java:293)
	at java.util.concurrent.ThreadPoolExecutor.runWorker(ThreadPoolExecutor.java:1142)
	at java.util.concurrent.ThreadPoolExecutor$Worker.run(ThreadPoolExecutor.java:617)
	at java.lang.Thread.run(Thread.java:748)
2025-01-04 23:20:47,478 ERROR [com.alibaba.nacos.naming.beat.sender][NamingProxy.java:617] - [NA] failed to request
java.net.SocketTimeoutException: connect timed out
	at java.net.DualStackPlainSocketImpl.waitForConnect(Native Method)
	at java.net.DualStackPlainSocketImpl.socketConnect(DualStackPlainSocketImpl.java:85)
	at java.net.AbstractPlainSocketImpl.doConnect(AbstractPlainSocketImpl.java:350)
	at java.net.AbstractPlainSocketImpl.connectToAddress(AbstractPlainSocketImpl.java:206)
	at java.net.AbstractPlainSocketImpl.connect(AbstractPlainSocketImpl.java:188)
	at java.net.PlainSocketImpl.connect(PlainSocketImpl.java:172)
	at java.net.SocksSocketImpl.connect(SocksSocketImpl.java:392)
	at java.net.Socket.connect(Socket.java:589)
	at sun.net.NetworkClient.doConnect(NetworkClient.java:175)
	at sun.net.www.http.HttpClient.openServer(HttpClient.java:463)
	at sun.net.www.http.HttpClient.openServer(HttpClient.java:558)
	at sun.net.www.http.HttpClient.<init>(HttpClient.java:242)
	at sun.net.www.http.HttpClient.New(HttpClient.java:339)
	at sun.net.www.http.HttpClient.New(HttpClient.java:357)
	at sun.net.www.protocol.http.HttpURLConnection.getNewHttpClient(HttpURLConnection.java:1202)
	at sun.net.www.protocol.http.HttpURLConnection.plainConnect0(HttpURLConnection.java:1138)
	at sun.net.www.protocol.http.HttpURLConnection.plainConnect(HttpURLConnection.java:1032)
	at sun.net.www.protocol.http.HttpURLConnection.connect(HttpURLConnection.java:966)
	at com.alibaba.nacos.common.http.client.request.JdkHttpClientRequest.execute(JdkHttpClientRequest.java:112)
	at com.alibaba.nacos.common.http.client.NacosRestTemplate.execute(NacosRestTemplate.java:482)
	at com.alibaba.nacos.common.http.client.NacosRestTemplate.exchangeForm(NacosRestTemplate.java:427)
	at com.alibaba.nacos.client.naming.net.NamingProxy.callServer(NamingProxy.java:603)
	at com.alibaba.nacos.client.naming.net.NamingProxy.reqApi(NamingProxy.java:526)
	at com.alibaba.nacos.client.naming.net.NamingProxy.reqApi(NamingProxy.java:498)
	at com.alibaba.nacos.client.naming.net.NamingProxy.sendBeat(NamingProxy.java:433)
	at com.alibaba.nacos.client.naming.beat.BeatReactor$BeatTask.run(BeatReactor.java:167)
	at java.util.concurrent.Executors$RunnableAdapter.call(Executors.java:511)
	at java.util.concurrent.FutureTask.run(FutureTask.java:266)
	at java.util.concurrent.ScheduledThreadPoolExecutor$ScheduledFutureTask.access$201(ScheduledThreadPoolExecutor.java:180)
	at java.util.concurrent.ScheduledThreadPoolExecutor$ScheduledFutureTask.run(ScheduledThreadPoolExecutor.java:293)
	at java.util.concurrent.ThreadPoolExecutor.runWorker(ThreadPoolExecutor.java:1142)
	at java.util.concurrent.ThreadPoolExecutor$Worker.run(ThreadPoolExecutor.java:617)
	at java.lang.Thread.run(Thread.java:748)
2025-01-04 23:55:49,061 ERROR [com.alibaba.nacos.naming.beat.sender][NamingProxy.java:617] - [NA] failed to request
java.net.ConnectException: Connection refused: connect
	at java.net.DualStackPlainSocketImpl.waitForConnect(Native Method)
	at java.net.DualStackPlainSocketImpl.socketConnect(DualStackPlainSocketImpl.java:85)
	at java.net.AbstractPlainSocketImpl.doConnect(AbstractPlainSocketImpl.java:350)
	at java.net.AbstractPlainSocketImpl.connectToAddress(AbstractPlainSocketImpl.java:206)
	at java.net.AbstractPlainSocketImpl.connect(AbstractPlainSocketImpl.java:188)
	at java.net.PlainSocketImpl.connect(PlainSocketImpl.java:172)
	at java.net.SocksSocketImpl.connect(SocksSocketImpl.java:392)
	at java.net.Socket.connect(Socket.java:589)
	at sun.net.NetworkClient.doConnect(NetworkClient.java:175)
	at sun.net.www.http.HttpClient.openServer(HttpClient.java:463)
	at sun.net.www.http.HttpClient.openServer(HttpClient.java:558)
	at sun.net.www.http.HttpClient.parseHTTP(HttpClient.java:698)
	at sun.net.www.protocol.http.HttpURLConnection.getInputStream0(HttpURLConnection.java:1569)
	at sun.net.www.protocol.http.HttpURLConnection.getInputStream(HttpURLConnection.java:1474)
	at java.net.HttpURLConnection.getResponseCode(HttpURLConnection.java:480)
	at com.alibaba.nacos.common.http.client.response.JdkHttpClientResponse.getStatusCode(JdkHttpClientResponse.java:79)
	at com.alibaba.nacos.common.http.client.handler.AbstractResponseHandler.handle(AbstractResponseHandler.java:43)
	at com.alibaba.nacos.common.http.client.NacosRestTemplate.execute(NacosRestTemplate.java:483)
	at com.alibaba.nacos.common.http.client.NacosRestTemplate.exchangeForm(NacosRestTemplate.java:427)
	at com.alibaba.nacos.client.naming.net.NamingProxy.callServer(NamingProxy.java:603)
	at com.alibaba.nacos.client.naming.net.NamingProxy.reqApi(NamingProxy.java:526)
	at com.alibaba.nacos.client.naming.net.NamingProxy.reqApi(NamingProxy.java:498)
	at com.alibaba.nacos.client.naming.net.NamingProxy.sendBeat(NamingProxy.java:433)
	at com.alibaba.nacos.client.naming.beat.BeatReactor$BeatTask.run(BeatReactor.java:167)
	at java.util.concurrent.Executors$RunnableAdapter.call(Executors.java:511)
	at java.util.concurrent.FutureTask.run(FutureTask.java:266)
	at java.util.concurrent.ScheduledThreadPoolExecutor$ScheduledFutureTask.access$201(ScheduledThreadPoolExecutor.java:180)
	at java.util.concurrent.ScheduledThreadPoolExecutor$ScheduledFutureTask.run(ScheduledThreadPoolExecutor.java:293)
	at java.util.concurrent.ThreadPoolExecutor.runWorker(ThreadPoolExecutor.java:1142)
	at java.util.concurrent.ThreadPoolExecutor$Worker.run(ThreadPoolExecutor.java:617)
	at java.lang.Thread.run(Thread.java:748)
2025-01-04 23:55:51,112 ERROR [com.alibaba.nacos.naming.beat.sender][NamingProxy.java:617] - [NA] failed to request
java.net.ConnectException: Connection refused: connect
	at java.net.DualStackPlainSocketImpl.waitForConnect(Native Method)
	at java.net.DualStackPlainSocketImpl.socketConnect(DualStackPlainSocketImpl.java:85)
	at java.net.AbstractPlainSocketImpl.doConnect(AbstractPlainSocketImpl.java:350)
	at java.net.AbstractPlainSocketImpl.connectToAddress(AbstractPlainSocketImpl.java:206)
	at java.net.AbstractPlainSocketImpl.connect(AbstractPlainSocketImpl.java:188)
	at java.net.PlainSocketImpl.connect(PlainSocketImpl.java:172)
	at java.net.SocksSocketImpl.connect(SocksSocketImpl.java:392)
	at java.net.Socket.connect(Socket.java:589)
	at sun.net.NetworkClient.doConnect(NetworkClient.java:175)
	at sun.net.www.http.HttpClient.openServer(HttpClient.java:463)
	at sun.net.www.http.HttpClient.openServer(HttpClient.java:558)
	at sun.net.www.http.HttpClient.<init>(HttpClient.java:242)
	at sun.net.www.http.HttpClient.New(HttpClient.java:339)
	at sun.net.www.http.HttpClient.New(HttpClient.java:357)
	at sun.net.www.protocol.http.HttpURLConnection.getNewHttpClient(HttpURLConnection.java:1202)
	at sun.net.www.protocol.http.HttpURLConnection.plainConnect0(HttpURLConnection.java:1138)
	at sun.net.www.protocol.http.HttpURLConnection.plainConnect(HttpURLConnection.java:1032)
	at sun.net.www.protocol.http.HttpURLConnection.connect(HttpURLConnection.java:966)
	at com.alibaba.nacos.common.http.client.request.JdkHttpClientRequest.execute(JdkHttpClientRequest.java:112)
	at com.alibaba.nacos.common.http.client.NacosRestTemplate.execute(NacosRestTemplate.java:482)
	at com.alibaba.nacos.common.http.client.NacosRestTemplate.exchangeForm(NacosRestTemplate.java:427)
	at com.alibaba.nacos.client.naming.net.NamingProxy.callServer(NamingProxy.java:603)
	at com.alibaba.nacos.client.naming.net.NamingProxy.reqApi(NamingProxy.java:526)
	at com.alibaba.nacos.client.naming.net.NamingProxy.reqApi(NamingProxy.java:498)
	at com.alibaba.nacos.client.naming.net.NamingProxy.sendBeat(NamingProxy.java:433)
	at com.alibaba.nacos.client.naming.beat.BeatReactor$BeatTask.run(BeatReactor.java:167)
	at java.util.concurrent.Executors$RunnableAdapter.call(Executors.java:511)
	at java.util.concurrent.FutureTask.run(FutureTask.java:266)
	at java.util.concurrent.ScheduledThreadPoolExecutor$ScheduledFutureTask.access$201(ScheduledThreadPoolExecutor.java:180)
	at java.util.concurrent.ScheduledThreadPoolExecutor$ScheduledFutureTask.run(ScheduledThreadPoolExecutor.java:293)
	at java.util.concurrent.ThreadPoolExecutor.runWorker(ThreadPoolExecutor.java:1142)
	at java.util.concurrent.ThreadPoolExecutor$Worker.run(ThreadPoolExecutor.java:617)
	at java.lang.Thread.run(Thread.java:748)
2025-01-04 23:55:51,284 ERROR [com.alibaba.nacos.client.Worker.longPolling.fixed-192.168.128.130_8848-xczx][ServerHttpAgent.java:166] - [NACOS ConnectException httpPost] currentServerAddr: http://192.168.128.130:8848, err : Connection refused: connect
2025-01-04 23:55:53,154 ERROR [com.alibaba.nacos.naming.beat.sender][NamingProxy.java:617] - [NA] failed to request
java.net.ConnectException: Connection refused: connect
	at java.net.DualStackPlainSocketImpl.waitForConnect(Native Method)
	at java.net.DualStackPlainSocketImpl.socketConnect(DualStackPlainSocketImpl.java:85)
	at java.net.AbstractPlainSocketImpl.doConnect(AbstractPlainSocketImpl.java:350)
	at java.net.AbstractPlainSocketImpl.connectToAddress(AbstractPlainSocketImpl.java:206)
	at java.net.AbstractPlainSocketImpl.connect(AbstractPlainSocketImpl.java:188)
	at java.net.PlainSocketImpl.connect(PlainSocketImpl.java:172)
	at java.net.SocksSocketImpl.connect(SocksSocketImpl.java:392)
	at java.net.Socket.connect(Socket.java:589)
	at sun.net.NetworkClient.doConnect(NetworkClient.java:175)
	at sun.net.www.http.HttpClient.openServer(HttpClient.java:463)
	at sun.net.www.http.HttpClient.openServer(HttpClient.java:558)
	at sun.net.www.http.HttpClient.<init>(HttpClient.java:242)
	at sun.net.www.http.HttpClient.New(HttpClient.java:339)
	at sun.net.www.http.HttpClient.New(HttpClient.java:357)
	at sun.net.www.protocol.http.HttpURLConnection.getNewHttpClient(HttpURLConnection.java:1202)
	at sun.net.www.protocol.http.HttpURLConnection.plainConnect0(HttpURLConnection.java:1138)
	at sun.net.www.protocol.http.HttpURLConnection.plainConnect(HttpURLConnection.java:1032)
	at sun.net.www.protocol.http.HttpURLConnection.connect(HttpURLConnection.java:966)
	at com.alibaba.nacos.common.http.client.request.JdkHttpClientRequest.execute(JdkHttpClientRequest.java:112)
	at com.alibaba.nacos.common.http.client.NacosRestTemplate.execute(NacosRestTemplate.java:482)
	at com.alibaba.nacos.common.http.client.NacosRestTemplate.exchangeForm(NacosRestTemplate.java:427)
	at com.alibaba.nacos.client.naming.net.NamingProxy.callServer(NamingProxy.java:603)
	at com.alibaba.nacos.client.naming.net.NamingProxy.reqApi(NamingProxy.java:526)
	at com.alibaba.nacos.client.naming.net.NamingProxy.reqApi(NamingProxy.java:498)
	at com.alibaba.nacos.client.naming.net.NamingProxy.sendBeat(NamingProxy.java:433)
	at com.alibaba.nacos.client.naming.beat.BeatReactor$BeatTask.run(BeatReactor.java:167)
	at java.util.concurrent.Executors$RunnableAdapter.call(Executors.java:511)
	at java.util.concurrent.FutureTask.run(FutureTask.java:266)
	at java.util.concurrent.ScheduledThreadPoolExecutor$ScheduledFutureTask.access$201(ScheduledThreadPoolExecutor.java:180)
	at java.util.concurrent.ScheduledThreadPoolExecutor$ScheduledFutureTask.run(ScheduledThreadPoolExecutor.java:293)
	at java.util.concurrent.ThreadPoolExecutor.runWorker(ThreadPoolExecutor.java:1142)
	at java.util.concurrent.ThreadPoolExecutor$Worker.run(ThreadPoolExecutor.java:617)
	at java.lang.Thread.run(Thread.java:748)
2025-01-04 23:55:53,156 ERROR [com.alibaba.nacos.naming.beat.sender][NamingProxy.java:552] - request: /nacos/v1/ns/instance/beat failed, servers: [192.168.128.130:8848], code: 500, msg: Connection refused: connect
2025-01-04 23:55:53,156 ERROR [com.alibaba.nacos.naming.beat.sender][BeatReactor.java:198] - [CLIENT-BEAT] failed to send beat: {"port":63045,"ip":"10.65.50.166","weight":1.0,"serviceName":"group001@@system-service","cluster":"DEFAULT","metadata":{"preserved.register.source":"SPRING_CLOUD"},"scheduled":false,"period":5000,"stopped":false}, code: 500, msg: failed to req API:/nacos/v1/ns/instance/beat after all servers([192.168.128.130:8848]) tried: java.net.ConnectException: Connection refused: connect
2025-01-04 23:55:53,324 ERROR [com.alibaba.nacos.client.Worker.longPolling.fixed-192.168.128.130_8848-xczx][ServerHttpAgent.java:166] - [NACOS ConnectException httpPost] currentServerAddr: http://192.168.128.130:8848, err : Connection refused: connect
2025-01-04 23:55:55,368 ERROR [com.alibaba.nacos.client.Worker.longPolling.fixed-192.168.128.130_8848-xczx][ServerHttpAgent.java:166] - [NACOS ConnectException httpPost] currentServerAddr: http://192.168.128.130:8848, err : Connection refused: connect
2025-01-04 23:55:56,401 ERROR [com.alibaba.nacos.client.naming.updater][NamingProxy.java:617] - [NA] failed to request
java.net.ConnectException: Connection refused: connect
	at java.net.DualStackPlainSocketImpl.waitForConnect(Native Method)
	at java.net.DualStackPlainSocketImpl.socketConnect(DualStackPlainSocketImpl.java:85)
	at java.net.AbstractPlainSocketImpl.doConnect(AbstractPlainSocketImpl.java:350)
	at java.net.AbstractPlainSocketImpl.connectToAddress(AbstractPlainSocketImpl.java:206)
	at java.net.AbstractPlainSocketImpl.connect(AbstractPlainSocketImpl.java:188)
	at java.net.PlainSocketImpl.connect(PlainSocketImpl.java:172)
	at java.net.SocksSocketImpl.connect(SocksSocketImpl.java:392)
	at java.net.Socket.connect(Socket.java:589)
	at sun.net.NetworkClient.doConnect(NetworkClient.java:175)
	at sun.net.www.http.HttpClient.openServer(HttpClient.java:463)
	at sun.net.www.http.HttpClient.openServer(HttpClient.java:558)
	at sun.net.www.http.HttpClient.<init>(HttpClient.java:242)
	at sun.net.www.http.HttpClient.New(HttpClient.java:339)
	at sun.net.www.http.HttpClient.New(HttpClient.java:357)
	at sun.net.www.protocol.http.HttpURLConnection.getNewHttpClient(HttpURLConnection.java:1202)
	at sun.net.www.protocol.http.HttpURLConnection.plainConnect0(HttpURLConnection.java:1138)
	at sun.net.www.protocol.http.HttpURLConnection.plainConnect(HttpURLConnection.java:1032)
	at sun.net.www.protocol.http.HttpURLConnection.connect(HttpURLConnection.java:966)
	at com.alibaba.nacos.common.http.client.request.JdkHttpClientRequest.execute(JdkHttpClientRequest.java:112)
	at com.alibaba.nacos.common.http.client.NacosRestTemplate.execute(NacosRestTemplate.java:482)
	at com.alibaba.nacos.common.http.client.NacosRestTemplate.exchangeForm(NacosRestTemplate.java:427)
	at com.alibaba.nacos.client.naming.net.NamingProxy.callServer(NamingProxy.java:603)
	at com.alibaba.nacos.client.naming.net.NamingProxy.reqApi(NamingProxy.java:526)
	at com.alibaba.nacos.client.naming.net.NamingProxy.reqApi(NamingProxy.java:498)
	at com.alibaba.nacos.client.naming.net.NamingProxy.reqApi(NamingProxy.java:493)
	at com.alibaba.nacos.client.naming.net.NamingProxy.queryList(NamingProxy.java:407)
	at com.alibaba.nacos.client.naming.core.HostReactor.updateService(HostReactor.java:382)
	at com.alibaba.nacos.client.naming.core.HostReactor$UpdateTask.run(HostReactor.java:464)
	at java.util.concurrent.Executors$RunnableAdapter.call(Executors.java:511)
	at java.util.concurrent.FutureTask.run(FutureTask.java:266)
	at java.util.concurrent.ScheduledThreadPoolExecutor$ScheduledFutureTask.access$201(ScheduledThreadPoolExecutor.java:180)
	at java.util.concurrent.ScheduledThreadPoolExecutor$ScheduledFutureTask.run(ScheduledThreadPoolExecutor.java:293)
	at java.util.concurrent.ThreadPoolExecutor.runWorker(ThreadPoolExecutor.java:1142)
	at java.util.concurrent.ThreadPoolExecutor$Worker.run(ThreadPoolExecutor.java:617)
	at java.lang.Thread.run(Thread.java:748)
2025-01-04 23:55:57,416 ERROR [com.alibaba.nacos.client.Worker.longPolling.fixed-192.168.128.130_8848-xczx][ServerHttpAgent.java:166] - [NACOS ConnectException httpPost] currentServerAddr: http://192.168.128.130:8848, err : Connection refused: connect
2025-01-04 23:55:57,417 ERROR [com.alibaba.nacos.client.Worker.longPolling.fixed-192.168.128.130_8848-xczx][ClientWorker.java:393] - [fixed-192.168.128.130_8848-xczx] [check-update] get changed dataId exception
java.net.ConnectException: [NACOS HTTP-POST] The maximum number of tolerable server reconnection errors has been reached
	at com.alibaba.nacos.client.config.http.ServerHttpAgent.httpPost(ServerHttpAgent.java:181)
	at com.alibaba.nacos.client.config.http.MetricsHttpAgent.httpPost(MetricsHttpAgent.java:67)
	at com.alibaba.nacos.client.config.impl.ClientWorker.checkUpdateConfigStr(ClientWorker.java:380)
	at com.alibaba.nacos.client.config.impl.ClientWorker.checkUpdateDataIds(ClientWorker.java:347)
	at com.alibaba.nacos.client.config.impl.ClientWorker$LongPollingRunnable.run(ClientWorker.java:535)
	at java.util.concurrent.Executors$RunnableAdapter.call(Executors.java:511)
	at java.util.concurrent.FutureTask.run(FutureTask.java:266)
	at java.util.concurrent.ScheduledThreadPoolExecutor$ScheduledFutureTask.access$201(ScheduledThreadPoolExecutor.java:180)
	at java.util.concurrent.ScheduledThreadPoolExecutor$ScheduledFutureTask.run(ScheduledThreadPoolExecutor.java:293)
	at java.util.concurrent.ThreadPoolExecutor.runWorker(ThreadPoolExecutor.java:1142)
	at java.util.concurrent.ThreadPoolExecutor$Worker.run(ThreadPoolExecutor.java:617)
	at java.lang.Thread.run(Thread.java:748)
2025-01-04 23:55:57,417 ERROR [com.alibaba.nacos.client.Worker.longPolling.fixed-192.168.128.130_8848-xczx][ClientWorker.java:580] - longPolling error : 
java.net.ConnectException: [NACOS HTTP-POST] The maximum number of tolerable server reconnection errors has been reached
	at com.alibaba.nacos.client.config.http.ServerHttpAgent.httpPost(ServerHttpAgent.java:181)
	at com.alibaba.nacos.client.config.http.MetricsHttpAgent.httpPost(MetricsHttpAgent.java:67)
	at com.alibaba.nacos.client.config.impl.ClientWorker.checkUpdateConfigStr(ClientWorker.java:380)
	at com.alibaba.nacos.client.config.impl.ClientWorker.checkUpdateDataIds(ClientWorker.java:347)
	at com.alibaba.nacos.client.config.impl.ClientWorker$LongPollingRunnable.run(ClientWorker.java:535)
	at java.util.concurrent.Executors$RunnableAdapter.call(Executors.java:511)
	at java.util.concurrent.FutureTask.run(FutureTask.java:266)
	at java.util.concurrent.ScheduledThreadPoolExecutor$ScheduledFutureTask.access$201(ScheduledThreadPoolExecutor.java:180)
	at java.util.concurrent.ScheduledThreadPoolExecutor$ScheduledFutureTask.run(ScheduledThreadPoolExecutor.java:293)
	at java.util.concurrent.ThreadPoolExecutor.runWorker(ThreadPoolExecutor.java:1142)
	at java.util.concurrent.ThreadPoolExecutor$Worker.run(ThreadPoolExecutor.java:617)
	at java.lang.Thread.run(Thread.java:748)
2025-01-04 23:55:58,461 ERROR [com.alibaba.nacos.client.naming.updater][NamingProxy.java:617] - [NA] failed to request
java.net.ConnectException: Connection refused: connect
	at java.net.DualStackPlainSocketImpl.waitForConnect(Native Method)
	at java.net.DualStackPlainSocketImpl.socketConnect(DualStackPlainSocketImpl.java:85)
	at java.net.AbstractPlainSocketImpl.doConnect(AbstractPlainSocketImpl.java:350)
	at java.net.AbstractPlainSocketImpl.connectToAddress(AbstractPlainSocketImpl.java:206)
	at java.net.AbstractPlainSocketImpl.connect(AbstractPlainSocketImpl.java:188)
	at java.net.PlainSocketImpl.connect(PlainSocketImpl.java:172)
	at java.net.SocksSocketImpl.connect(SocksSocketImpl.java:392)
	at java.net.Socket.connect(Socket.java:589)
	at sun.net.NetworkClient.doConnect(NetworkClient.java:175)
	at sun.net.www.http.HttpClient.openServer(HttpClient.java:463)
	at sun.net.www.http.HttpClient.openServer(HttpClient.java:558)
	at sun.net.www.http.HttpClient.<init>(HttpClient.java:242)
	at sun.net.www.http.HttpClient.New(HttpClient.java:339)
	at sun.net.www.http.HttpClient.New(HttpClient.java:357)
	at sun.net.www.protocol.http.HttpURLConnection.getNewHttpClient(HttpURLConnection.java:1202)
	at sun.net.www.protocol.http.HttpURLConnection.plainConnect0(HttpURLConnection.java:1138)
	at sun.net.www.protocol.http.HttpURLConnection.plainConnect(HttpURLConnection.java:1032)
	at sun.net.www.protocol.http.HttpURLConnection.connect(HttpURLConnection.java:966)
	at com.alibaba.nacos.common.http.client.request.JdkHttpClientRequest.execute(JdkHttpClientRequest.java:112)
	at com.alibaba.nacos.common.http.client.NacosRestTemplate.execute(NacosRestTemplate.java:482)
	at com.alibaba.nacos.common.http.client.NacosRestTemplate.exchangeForm(NacosRestTemplate.java:427)
	at com.alibaba.nacos.client.naming.net.NamingProxy.callServer(NamingProxy.java:603)
	at com.alibaba.nacos.client.naming.net.NamingProxy.reqApi(NamingProxy.java:526)
	at com.alibaba.nacos.client.naming.net.NamingProxy.reqApi(NamingProxy.java:498)
	at com.alibaba.nacos.client.naming.net.NamingProxy.reqApi(NamingProxy.java:493)
	at com.alibaba.nacos.client.naming.net.NamingProxy.queryList(NamingProxy.java:407)
	at com.alibaba.nacos.client.naming.core.HostReactor.updateService(HostReactor.java:382)
	at com.alibaba.nacos.client.naming.core.HostReactor$UpdateTask.run(HostReactor.java:464)
	at java.util.concurrent.Executors$RunnableAdapter.call(Executors.java:511)
	at java.util.concurrent.FutureTask.run(FutureTask.java:266)
	at java.util.concurrent.ScheduledThreadPoolExecutor$ScheduledFutureTask.access$201(ScheduledThreadPoolExecutor.java:180)
	at java.util.concurrent.ScheduledThreadPoolExecutor$ScheduledFutureTask.run(ScheduledThreadPoolExecutor.java:293)
	at java.util.concurrent.ThreadPoolExecutor.runWorker(ThreadPoolExecutor.java:1142)
	at java.util.concurrent.ThreadPoolExecutor$Worker.run(ThreadPoolExecutor.java:617)
	at java.lang.Thread.run(Thread.java:748)
2025-01-04 23:56:00,208 ERROR [com.alibaba.nacos.naming.beat.sender][NamingProxy.java:617] - [NA] failed to request
java.net.ConnectException: Connection refused: connect
	at java.net.DualStackPlainSocketImpl.waitForConnect(Native Method)
	at java.net.DualStackPlainSocketImpl.socketConnect(DualStackPlainSocketImpl.java:85)
	at java.net.AbstractPlainSocketImpl.doConnect(AbstractPlainSocketImpl.java:350)
	at java.net.AbstractPlainSocketImpl.connectToAddress(AbstractPlainSocketImpl.java:206)
	at java.net.AbstractPlainSocketImpl.connect(AbstractPlainSocketImpl.java:188)
	at java.net.PlainSocketImpl.connect(PlainSocketImpl.java:172)
	at java.net.SocksSocketImpl.connect(SocksSocketImpl.java:392)
	at java.net.Socket.connect(Socket.java:589)
	at sun.net.NetworkClient.doConnect(NetworkClient.java:175)
	at sun.net.www.http.HttpClient.openServer(HttpClient.java:463)
	at sun.net.www.http.HttpClient.openServer(HttpClient.java:558)
	at sun.net.www.http.HttpClient.<init>(HttpClient.java:242)
	at sun.net.www.http.HttpClient.New(HttpClient.java:339)
	at sun.net.www.http.HttpClient.New(HttpClient.java:357)
	at sun.net.www.protocol.http.HttpURLConnection.getNewHttpClient(HttpURLConnection.java:1202)
	at sun.net.www.protocol.http.HttpURLConnection.plainConnect0(HttpURLConnection.java:1138)
	at sun.net.www.protocol.http.HttpURLConnection.plainConnect(HttpURLConnection.java:1032)
	at sun.net.www.protocol.http.HttpURLConnection.connect(HttpURLConnection.java:966)
	at com.alibaba.nacos.common.http.client.request.JdkHttpClientRequest.execute(JdkHttpClientRequest.java:112)
	at com.alibaba.nacos.common.http.client.NacosRestTemplate.execute(NacosRestTemplate.java:482)
	at com.alibaba.nacos.common.http.client.NacosRestTemplate.exchangeForm(NacosRestTemplate.java:427)
	at com.alibaba.nacos.client.naming.net.NamingProxy.callServer(NamingProxy.java:603)
	at com.alibaba.nacos.client.naming.net.NamingProxy.reqApi(NamingProxy.java:526)
	at com.alibaba.nacos.client.naming.net.NamingProxy.reqApi(NamingProxy.java:498)
	at com.alibaba.nacos.client.naming.net.NamingProxy.sendBeat(NamingProxy.java:433)
	at com.alibaba.nacos.client.naming.beat.BeatReactor$BeatTask.run(BeatReactor.java:167)
	at java.util.concurrent.Executors$RunnableAdapter.call(Executors.java:511)
	at java.util.concurrent.FutureTask.run(FutureTask.java:266)
	at java.util.concurrent.ScheduledThreadPoolExecutor$ScheduledFutureTask.access$201(ScheduledThreadPoolExecutor.java:180)
	at java.util.concurrent.ScheduledThreadPoolExecutor$ScheduledFutureTask.run(ScheduledThreadPoolExecutor.java:293)
	at java.util.concurrent.ThreadPoolExecutor.runWorker(ThreadPoolExecutor.java:1142)
	at java.util.concurrent.ThreadPoolExecutor$Worker.run(ThreadPoolExecutor.java:617)
	at java.lang.Thread.run(Thread.java:748)
2025-01-04 23:56:00,600 ERROR [com.alibaba.nacos.client.naming.updater][NamingProxy.java:617] - [NA] failed to request
java.net.ConnectException: Connection refused: connect
	at java.net.DualStackPlainSocketImpl.waitForConnect(Native Method)
	at java.net.DualStackPlainSocketImpl.socketConnect(DualStackPlainSocketImpl.java:85)
	at java.net.AbstractPlainSocketImpl.doConnect(AbstractPlainSocketImpl.java:350)
	at java.net.AbstractPlainSocketImpl.connectToAddress(AbstractPlainSocketImpl.java:206)
	at java.net.AbstractPlainSocketImpl.connect(AbstractPlainSocketImpl.java:188)
	at java.net.PlainSocketImpl.connect(PlainSocketImpl.java:172)
	at java.net.SocksSocketImpl.connect(SocksSocketImpl.java:392)
	at java.net.Socket.connect(Socket.java:589)
	at sun.net.NetworkClient.doConnect(NetworkClient.java:175)
	at sun.net.www.http.HttpClient.openServer(HttpClient.java:463)
	at sun.net.www.http.HttpClient.openServer(HttpClient.java:558)
	at sun.net.www.http.HttpClient.<init>(HttpClient.java:242)
	at sun.net.www.http.HttpClient.New(HttpClient.java:339)
	at sun.net.www.http.HttpClient.New(HttpClient.java:357)
	at sun.net.www.protocol.http.HttpURLConnection.getNewHttpClient(HttpURLConnection.java:1202)
	at sun.net.www.protocol.http.HttpURLConnection.plainConnect0(HttpURLConnection.java:1138)
	at sun.net.www.protocol.http.HttpURLConnection.plainConnect(HttpURLConnection.java:1032)
	at sun.net.www.protocol.http.HttpURLConnection.connect(HttpURLConnection.java:966)
	at com.alibaba.nacos.common.http.client.request.JdkHttpClientRequest.execute(JdkHttpClientRequest.java:112)
	at com.alibaba.nacos.common.http.client.NacosRestTemplate.execute(NacosRestTemplate.java:482)
	at com.alibaba.nacos.common.http.client.NacosRestTemplate.exchangeForm(NacosRestTemplate.java:427)
	at com.alibaba.nacos.client.naming.net.NamingProxy.callServer(NamingProxy.java:603)
	at com.alibaba.nacos.client.naming.net.NamingProxy.reqApi(NamingProxy.java:526)
	at com.alibaba.nacos.client.naming.net.NamingProxy.reqApi(NamingProxy.java:498)
	at com.alibaba.nacos.client.naming.net.NamingProxy.reqApi(NamingProxy.java:493)
	at com.alibaba.nacos.client.naming.net.NamingProxy.queryList(NamingProxy.java:407)
	at com.alibaba.nacos.client.naming.core.HostReactor.updateService(HostReactor.java:382)
	at com.alibaba.nacos.client.naming.core.HostReactor$UpdateTask.run(HostReactor.java:464)
	at java.util.concurrent.Executors$RunnableAdapter.call(Executors.java:511)
	at java.util.concurrent.FutureTask.run(FutureTask.java:266)
	at java.util.concurrent.ScheduledThreadPoolExecutor$ScheduledFutureTask.access$201(ScheduledThreadPoolExecutor.java:180)
	at java.util.concurrent.ScheduledThreadPoolExecutor$ScheduledFutureTask.run(ScheduledThreadPoolExecutor.java:293)
	at java.util.concurrent.ThreadPoolExecutor.runWorker(ThreadPoolExecutor.java:1142)
	at java.util.concurrent.ThreadPoolExecutor$Worker.run(ThreadPoolExecutor.java:617)
	at java.lang.Thread.run(Thread.java:748)
2025-01-04 23:56:00,601 ERROR [com.alibaba.nacos.client.naming.updater][NamingProxy.java:552] - request: /nacos/v1/ns/instance/list failed, servers: [192.168.128.130:8848], code: 500, msg: Connection refused: connect
2025-01-04 23:56:01,565 ERROR [com.alibaba.nacos.client.Worker.longPolling.fixed-192.168.128.130_8848-xczx][ServerHttpAgent.java:166] - [NACOS ConnectException httpPost] currentServerAddr: http://192.168.128.130:8848, err : Connection refused: connect
2025-01-04 23:56:02,255 ERROR [com.alibaba.nacos.naming.beat.sender][NamingProxy.java:617] - [NA] failed to request
java.net.ConnectException: Connection refused: connect
	at java.net.DualStackPlainSocketImpl.waitForConnect(Native Method)
	at java.net.DualStackPlainSocketImpl.socketConnect(DualStackPlainSocketImpl.java:85)
	at java.net.AbstractPlainSocketImpl.doConnect(AbstractPlainSocketImpl.java:350)
	at java.net.AbstractPlainSocketImpl.connectToAddress(AbstractPlainSocketImpl.java:206)
	at java.net.AbstractPlainSocketImpl.connect(AbstractPlainSocketImpl.java:188)
	at java.net.PlainSocketImpl.connect(PlainSocketImpl.java:172)
	at java.net.SocksSocketImpl.connect(SocksSocketImpl.java:392)
	at java.net.Socket.connect(Socket.java:589)
	at sun.net.NetworkClient.doConnect(NetworkClient.java:175)
	at sun.net.www.http.HttpClient.openServer(HttpClient.java:463)
	at sun.net.www.http.HttpClient.openServer(HttpClient.java:558)
	at sun.net.www.http.HttpClient.<init>(HttpClient.java:242)
	at sun.net.www.http.HttpClient.New(HttpClient.java:339)
	at sun.net.www.http.HttpClient.New(HttpClient.java:357)
	at sun.net.www.protocol.http.HttpURLConnection.getNewHttpClient(HttpURLConnection.java:1202)
	at sun.net.www.protocol.http.HttpURLConnection.plainConnect0(HttpURLConnection.java:1138)
	at sun.net.www.protocol.http.HttpURLConnection.plainConnect(HttpURLConnection.java:1032)
	at sun.net.www.protocol.http.HttpURLConnection.connect(HttpURLConnection.java:966)
	at com.alibaba.nacos.common.http.client.request.JdkHttpClientRequest.execute(JdkHttpClientRequest.java:112)
	at com.alibaba.nacos.common.http.client.NacosRestTemplate.execute(NacosRestTemplate.java:482)
	at com.alibaba.nacos.common.http.client.NacosRestTemplate.exchangeForm(NacosRestTemplate.java:427)
	at com.alibaba.nacos.client.naming.net.NamingProxy.callServer(NamingProxy.java:603)
	at com.alibaba.nacos.client.naming.net.NamingProxy.reqApi(NamingProxy.java:526)
	at com.alibaba.nacos.client.naming.net.NamingProxy.reqApi(NamingProxy.java:498)
	at com.alibaba.nacos.client.naming.net.NamingProxy.sendBeat(NamingProxy.java:433)
	at com.alibaba.nacos.client.naming.beat.BeatReactor$BeatTask.run(BeatReactor.java:167)
	at java.util.concurrent.Executors$RunnableAdapter.call(Executors.java:511)
	at java.util.concurrent.FutureTask.run(FutureTask.java:266)
	at java.util.concurrent.ScheduledThreadPoolExecutor$ScheduledFutureTask.access$201(ScheduledThreadPoolExecutor.java:180)
	at java.util.concurrent.ScheduledThreadPoolExecutor$ScheduledFutureTask.run(ScheduledThreadPoolExecutor.java:293)
	at java.util.concurrent.ThreadPoolExecutor.runWorker(ThreadPoolExecutor.java:1142)
	at java.util.concurrent.ThreadPoolExecutor$Worker.run(ThreadPoolExecutor.java:617)
	at java.lang.Thread.run(Thread.java:748)
2025-01-04 23:56:03,616 ERROR [com.alibaba.nacos.client.Worker.longPolling.fixed-192.168.128.130_8848-xczx][ServerHttpAgent.java:166] - [NACOS ConnectException httpPost] currentServerAddr: http://192.168.128.130:8848, err : Connection refused: connect
2025-01-04 23:56:04,308 ERROR [com.alibaba.nacos.naming.beat.sender][NamingProxy.java:617] - [NA] failed to request
java.net.ConnectException: Connection refused: connect
	at java.net.DualStackPlainSocketImpl.waitForConnect(Native Method)
	at java.net.DualStackPlainSocketImpl.socketConnect(DualStackPlainSocketImpl.java:85)
	at java.net.AbstractPlainSocketImpl.doConnect(AbstractPlainSocketImpl.java:350)
	at java.net.AbstractPlainSocketImpl.connectToAddress(AbstractPlainSocketImpl.java:206)
	at java.net.AbstractPlainSocketImpl.connect(AbstractPlainSocketImpl.java:188)
	at java.net.PlainSocketImpl.connect(PlainSocketImpl.java:172)
	at java.net.SocksSocketImpl.connect(SocksSocketImpl.java:392)
	at java.net.Socket.connect(Socket.java:589)
	at sun.net.NetworkClient.doConnect(NetworkClient.java:175)
	at sun.net.www.http.HttpClient.openServer(HttpClient.java:463)
	at sun.net.www.http.HttpClient.openServer(HttpClient.java:558)
	at sun.net.www.http.HttpClient.<init>(HttpClient.java:242)
	at sun.net.www.http.HttpClient.New(HttpClient.java:339)
	at sun.net.www.http.HttpClient.New(HttpClient.java:357)
	at sun.net.www.protocol.http.HttpURLConnection.getNewHttpClient(HttpURLConnection.java:1202)
	at sun.net.www.protocol.http.HttpURLConnection.plainConnect0(HttpURLConnection.java:1138)
	at sun.net.www.protocol.http.HttpURLConnection.plainConnect(HttpURLConnection.java:1032)
	at sun.net.www.protocol.http.HttpURLConnection.connect(HttpURLConnection.java:966)
	at com.alibaba.nacos.common.http.client.request.JdkHttpClientRequest.execute(JdkHttpClientRequest.java:112)
	at com.alibaba.nacos.common.http.client.NacosRestTemplate.execute(NacosRestTemplate.java:482)
	at com.alibaba.nacos.common.http.client.NacosRestTemplate.exchangeForm(NacosRestTemplate.java:427)
	at com.alibaba.nacos.client.naming.net.NamingProxy.callServer(NamingProxy.java:603)
	at com.alibaba.nacos.client.naming.net.NamingProxy.reqApi(NamingProxy.java:526)
	at com.alibaba.nacos.client.naming.net.NamingProxy.reqApi(NamingProxy.java:498)
	at com.alibaba.nacos.client.naming.net.NamingProxy.sendBeat(NamingProxy.java:433)
	at com.alibaba.nacos.client.naming.beat.BeatReactor$BeatTask.run(BeatReactor.java:167)
	at java.util.concurrent.Executors$RunnableAdapter.call(Executors.java:511)
	at java.util.concurrent.FutureTask.run(FutureTask.java:266)
	at java.util.concurrent.ScheduledThreadPoolExecutor$ScheduledFutureTask.access$201(ScheduledThreadPoolExecutor.java:180)
	at java.util.concurrent.ScheduledThreadPoolExecutor$ScheduledFutureTask.run(ScheduledThreadPoolExecutor.java:293)
	at java.util.concurrent.ThreadPoolExecutor.runWorker(ThreadPoolExecutor.java:1142)
	at java.util.concurrent.ThreadPoolExecutor$Worker.run(ThreadPoolExecutor.java:617)
	at java.lang.Thread.run(Thread.java:748)
2025-01-04 23:56:04,311 ERROR [com.alibaba.nacos.naming.beat.sender][NamingProxy.java:552] - request: /nacos/v1/ns/instance/beat failed, servers: [192.168.128.130:8848], code: 500, msg: Connection refused: connect
2025-01-04 23:56:04,311 ERROR [com.alibaba.nacos.naming.beat.sender][BeatReactor.java:198] - [CLIENT-BEAT] failed to send beat: {"port":63045,"ip":"10.65.50.166","weight":1.0,"serviceName":"group001@@system-service","cluster":"DEFAULT","metadata":{"preserved.register.source":"SPRING_CLOUD"},"scheduled":false,"period":5000,"stopped":false}, code: 500, msg: failed to req API:/nacos/v1/ns/instance/beat after all servers([192.168.128.130:8848]) tried: java.net.ConnectException: Connection refused: connect
2025-01-04 23:56:04,686 ERROR [com.alibaba.nacos.client.naming.updater][NamingProxy.java:617] - [NA] failed to request
java.net.ConnectException: Connection refused: connect
	at java.net.DualStackPlainSocketImpl.waitForConnect(Native Method)
	at java.net.DualStackPlainSocketImpl.socketConnect(DualStackPlainSocketImpl.java:85)
	at java.net.AbstractPlainSocketImpl.doConnect(AbstractPlainSocketImpl.java:350)
	at java.net.AbstractPlainSocketImpl.connectToAddress(AbstractPlainSocketImpl.java:206)
	at java.net.AbstractPlainSocketImpl.connect(AbstractPlainSocketImpl.java:188)
	at java.net.PlainSocketImpl.connect(PlainSocketImpl.java:172)
	at java.net.SocksSocketImpl.connect(SocksSocketImpl.java:392)
	at java.net.Socket.connect(Socket.java:589)
	at sun.net.NetworkClient.doConnect(NetworkClient.java:175)
	at sun.net.www.http.HttpClient.openServer(HttpClient.java:463)
	at sun.net.www.http.HttpClient.openServer(HttpClient.java:558)
	at sun.net.www.http.HttpClient.<init>(HttpClient.java:242)
	at sun.net.www.http.HttpClient.New(HttpClient.java:339)
	at sun.net.www.http.HttpClient.New(HttpClient.java:357)
	at sun.net.www.protocol.http.HttpURLConnection.getNewHttpClient(HttpURLConnection.java:1202)
	at sun.net.www.protocol.http.HttpURLConnection.plainConnect0(HttpURLConnection.java:1138)
	at sun.net.www.protocol.http.HttpURLConnection.plainConnect(HttpURLConnection.java:1032)
	at sun.net.www.protocol.http.HttpURLConnection.connect(HttpURLConnection.java:966)
	at com.alibaba.nacos.common.http.client.request.JdkHttpClientRequest.execute(JdkHttpClientRequest.java:112)
	at com.alibaba.nacos.common.http.client.NacosRestTemplate.execute(NacosRestTemplate.java:482)
	at com.alibaba.nacos.common.http.client.NacosRestTemplate.exchangeForm(NacosRestTemplate.java:427)
	at com.alibaba.nacos.client.naming.net.NamingProxy.callServer(NamingProxy.java:603)
	at com.alibaba.nacos.client.naming.net.NamingProxy.reqApi(NamingProxy.java:526)
	at com.alibaba.nacos.client.naming.net.NamingProxy.reqApi(NamingProxy.java:498)
	at com.alibaba.nacos.client.naming.net.NamingProxy.reqApi(NamingProxy.java:493)
	at com.alibaba.nacos.client.naming.net.NamingProxy.queryList(NamingProxy.java:407)
	at com.alibaba.nacos.client.naming.core.HostReactor.updateService(HostReactor.java:382)
	at com.alibaba.nacos.client.naming.core.HostReactor$UpdateTask.run(HostReactor.java:464)
	at java.util.concurrent.Executors$RunnableAdapter.call(Executors.java:511)
	at java.util.concurrent.FutureTask.run(FutureTask.java:266)
	at java.util.concurrent.ScheduledThreadPoolExecutor$ScheduledFutureTask.access$201(ScheduledThreadPoolExecutor.java:180)
	at java.util.concurrent.ScheduledThreadPoolExecutor$ScheduledFutureTask.run(ScheduledThreadPoolExecutor.java:293)
	at java.util.concurrent.ThreadPoolExecutor.runWorker(ThreadPoolExecutor.java:1142)
	at java.util.concurrent.ThreadPoolExecutor$Worker.run(ThreadPoolExecutor.java:617)
	at java.lang.Thread.run(Thread.java:748)
2025-01-04 23:56:05,701 ERROR [com.alibaba.nacos.client.Worker.longPolling.fixed-192.168.128.130_8848-xczx][ServerHttpAgent.java:166] - [NACOS ConnectException httpPost] currentServerAddr: http://192.168.128.130:8848, err : Connection refused: connect
2025-01-04 23:56:06,748 ERROR [com.alibaba.nacos.client.naming.updater][NamingProxy.java:617] - [NA] failed to request
java.net.ConnectException: Connection refused: connect
	at java.net.DualStackPlainSocketImpl.waitForConnect(Native Method)
	at java.net.DualStackPlainSocketImpl.socketConnect(DualStackPlainSocketImpl.java:85)
	at java.net.AbstractPlainSocketImpl.doConnect(AbstractPlainSocketImpl.java:350)
	at java.net.AbstractPlainSocketImpl.connectToAddress(AbstractPlainSocketImpl.java:206)
	at java.net.AbstractPlainSocketImpl.connect(AbstractPlainSocketImpl.java:188)
	at java.net.PlainSocketImpl.connect(PlainSocketImpl.java:172)
	at java.net.SocksSocketImpl.connect(SocksSocketImpl.java:392)
	at java.net.Socket.connect(Socket.java:589)
	at sun.net.NetworkClient.doConnect(NetworkClient.java:175)
	at sun.net.www.http.HttpClient.openServer(HttpClient.java:463)
	at sun.net.www.http.HttpClient.openServer(HttpClient.java:558)
	at sun.net.www.http.HttpClient.<init>(HttpClient.java:242)
	at sun.net.www.http.HttpClient.New(HttpClient.java:339)
	at sun.net.www.http.HttpClient.New(HttpClient.java:357)
	at sun.net.www.protocol.http.HttpURLConnection.getNewHttpClient(HttpURLConnection.java:1202)
	at sun.net.www.protocol.http.HttpURLConnection.plainConnect0(HttpURLConnection.java:1138)
	at sun.net.www.protocol.http.HttpURLConnection.plainConnect(HttpURLConnection.java:1032)
	at sun.net.www.protocol.http.HttpURLConnection.connect(HttpURLConnection.java:966)
	at com.alibaba.nacos.common.http.client.request.JdkHttpClientRequest.execute(JdkHttpClientRequest.java:112)
	at com.alibaba.nacos.common.http.client.NacosRestTemplate.execute(NacosRestTemplate.java:482)
	at com.alibaba.nacos.common.http.client.NacosRestTemplate.exchangeForm(NacosRestTemplate.java:427)
	at com.alibaba.nacos.client.naming.net.NamingProxy.callServer(NamingProxy.java:603)
	at com.alibaba.nacos.client.naming.net.NamingProxy.reqApi(NamingProxy.java:526)
	at com.alibaba.nacos.client.naming.net.NamingProxy.reqApi(NamingProxy.java:498)
	at com.alibaba.nacos.client.naming.net.NamingProxy.reqApi(NamingProxy.java:493)
	at com.alibaba.nacos.client.naming.net.NamingProxy.queryList(NamingProxy.java:407)
	at com.alibaba.nacos.client.naming.core.HostReactor.updateService(HostReactor.java:382)
	at com.alibaba.nacos.client.naming.core.HostReactor$UpdateTask.run(HostReactor.java:464)
	at java.util.concurrent.Executors$RunnableAdapter.call(Executors.java:511)
	at java.util.concurrent.FutureTask.run(FutureTask.java:266)
	at java.util.concurrent.ScheduledThreadPoolExecutor$ScheduledFutureTask.access$201(ScheduledThreadPoolExecutor.java:180)
	at java.util.concurrent.ScheduledThreadPoolExecutor$ScheduledFutureTask.run(ScheduledThreadPoolExecutor.java:293)
	at java.util.concurrent.ThreadPoolExecutor.runWorker(ThreadPoolExecutor.java:1142)
	at java.util.concurrent.ThreadPoolExecutor$Worker.run(ThreadPoolExecutor.java:617)
	at java.lang.Thread.run(Thread.java:748)
2025-01-04 23:56:07,766 ERROR [com.alibaba.nacos.client.Worker.longPolling.fixed-192.168.128.130_8848-xczx][ServerHttpAgent.java:166] - [NACOS ConnectException httpPost] currentServerAddr: http://192.168.128.130:8848, err : Connection refused: connect
2025-01-04 23:56:07,766 ERROR [com.alibaba.nacos.client.Worker.longPolling.fixed-192.168.128.130_8848-xczx][ClientWorker.java:393] - [fixed-192.168.128.130_8848-xczx] [check-update] get changed dataId exception
java.net.ConnectException: [NACOS HTTP-POST] The maximum number of tolerable server reconnection errors has been reached
	at com.alibaba.nacos.client.config.http.ServerHttpAgent.httpPost(ServerHttpAgent.java:181)
	at com.alibaba.nacos.client.config.http.MetricsHttpAgent.httpPost(MetricsHttpAgent.java:67)
	at com.alibaba.nacos.client.config.impl.ClientWorker.checkUpdateConfigStr(ClientWorker.java:380)
	at com.alibaba.nacos.client.config.impl.ClientWorker.checkUpdateDataIds(ClientWorker.java:347)
	at com.alibaba.nacos.client.config.impl.ClientWorker$LongPollingRunnable.run(ClientWorker.java:535)
	at java.util.concurrent.Executors$RunnableAdapter.call(Executors.java:511)
	at java.util.concurrent.FutureTask.run(FutureTask.java:266)
	at java.util.concurrent.ScheduledThreadPoolExecutor$ScheduledFutureTask.access$201(ScheduledThreadPoolExecutor.java:180)
	at java.util.concurrent.ScheduledThreadPoolExecutor$ScheduledFutureTask.run(ScheduledThreadPoolExecutor.java:293)
	at java.util.concurrent.ThreadPoolExecutor.runWorker(ThreadPoolExecutor.java:1142)
	at java.util.concurrent.ThreadPoolExecutor$Worker.run(ThreadPoolExecutor.java:617)
	at java.lang.Thread.run(Thread.java:748)
2025-01-04 23:56:07,766 ERROR [com.alibaba.nacos.client.Worker.longPolling.fixed-192.168.128.130_8848-xczx][ClientWorker.java:580] - longPolling error : 
java.net.ConnectException: [NACOS HTTP-POST] The maximum number of tolerable server reconnection errors has been reached
	at com.alibaba.nacos.client.config.http.ServerHttpAgent.httpPost(ServerHttpAgent.java:181)
	at com.alibaba.nacos.client.config.http.MetricsHttpAgent.httpPost(MetricsHttpAgent.java:67)
	at com.alibaba.nacos.client.config.impl.ClientWorker.checkUpdateConfigStr(ClientWorker.java:380)
	at com.alibaba.nacos.client.config.impl.ClientWorker.checkUpdateDataIds(ClientWorker.java:347)
	at com.alibaba.nacos.client.config.impl.ClientWorker$LongPollingRunnable.run(ClientWorker.java:535)
	at java.util.concurrent.Executors$RunnableAdapter.call(Executors.java:511)
	at java.util.concurrent.FutureTask.run(FutureTask.java:266)
	at java.util.concurrent.ScheduledThreadPoolExecutor$ScheduledFutureTask.access$201(ScheduledThreadPoolExecutor.java:180)
	at java.util.concurrent.ScheduledThreadPoolExecutor$ScheduledFutureTask.run(ScheduledThreadPoolExecutor.java:293)
	at java.util.concurrent.ThreadPoolExecutor.runWorker(ThreadPoolExecutor.java:1142)
	at java.util.concurrent.ThreadPoolExecutor$Worker.run(ThreadPoolExecutor.java:617)
	at java.lang.Thread.run(Thread.java:748)
2025-01-04 23:56:08,818 ERROR [com.alibaba.nacos.client.naming.updater][NamingProxy.java:617] - [NA] failed to request
java.net.ConnectException: Connection refused: connect
	at java.net.DualStackPlainSocketImpl.waitForConnect(Native Method)
	at java.net.DualStackPlainSocketImpl.socketConnect(DualStackPlainSocketImpl.java:85)
	at java.net.AbstractPlainSocketImpl.doConnect(AbstractPlainSocketImpl.java:350)
	at java.net.AbstractPlainSocketImpl.connectToAddress(AbstractPlainSocketImpl.java:206)
	at java.net.AbstractPlainSocketImpl.connect(AbstractPlainSocketImpl.java:188)
	at java.net.PlainSocketImpl.connect(PlainSocketImpl.java:172)
	at java.net.SocksSocketImpl.connect(SocksSocketImpl.java:392)
	at java.net.Socket.connect(Socket.java:589)
	at sun.net.NetworkClient.doConnect(NetworkClient.java:175)
	at sun.net.www.http.HttpClient.openServer(HttpClient.java:463)
	at sun.net.www.http.HttpClient.openServer(HttpClient.java:558)
	at sun.net.www.http.HttpClient.<init>(HttpClient.java:242)
	at sun.net.www.http.HttpClient.New(HttpClient.java:339)
	at sun.net.www.http.HttpClient.New(HttpClient.java:357)
	at sun.net.www.protocol.http.HttpURLConnection.getNewHttpClient(HttpURLConnection.java:1202)
	at sun.net.www.protocol.http.HttpURLConnection.plainConnect0(HttpURLConnection.java:1138)
	at sun.net.www.protocol.http.HttpURLConnection.plainConnect(HttpURLConnection.java:1032)
	at sun.net.www.protocol.http.HttpURLConnection.connect(HttpURLConnection.java:966)
	at com.alibaba.nacos.common.http.client.request.JdkHttpClientRequest.execute(JdkHttpClientRequest.java:112)
	at com.alibaba.nacos.common.http.client.NacosRestTemplate.execute(NacosRestTemplate.java:482)
	at com.alibaba.nacos.common.http.client.NacosRestTemplate.exchangeForm(NacosRestTemplate.java:427)
	at com.alibaba.nacos.client.naming.net.NamingProxy.callServer(NamingProxy.java:603)
	at com.alibaba.nacos.client.naming.net.NamingProxy.reqApi(NamingProxy.java:526)
	at com.alibaba.nacos.client.naming.net.NamingProxy.reqApi(NamingProxy.java:498)
	at com.alibaba.nacos.client.naming.net.NamingProxy.reqApi(NamingProxy.java:493)
	at com.alibaba.nacos.client.naming.net.NamingProxy.queryList(NamingProxy.java:407)
	at com.alibaba.nacos.client.naming.core.HostReactor.updateService(HostReactor.java:382)
	at com.alibaba.nacos.client.naming.core.HostReactor$UpdateTask.run(HostReactor.java:464)
	at java.util.concurrent.Executors$RunnableAdapter.call(Executors.java:511)
	at java.util.concurrent.FutureTask.run(FutureTask.java:266)
	at java.util.concurrent.ScheduledThreadPoolExecutor$ScheduledFutureTask.access$201(ScheduledThreadPoolExecutor.java:180)
	at java.util.concurrent.ScheduledThreadPoolExecutor$ScheduledFutureTask.run(ScheduledThreadPoolExecutor.java:293)
	at java.util.concurrent.ThreadPoolExecutor.runWorker(ThreadPoolExecutor.java:1142)
	at java.util.concurrent.ThreadPoolExecutor$Worker.run(ThreadPoolExecutor.java:617)
	at java.lang.Thread.run(Thread.java:748)
2025-01-04 23:56:08,819 ERROR [com.alibaba.nacos.client.naming.updater][NamingProxy.java:552] - request: /nacos/v1/ns/instance/list failed, servers: [192.168.128.130:8848], code: 500, msg: Connection refused: connect
2025-01-04 23:56:11,368 ERROR [com.alibaba.nacos.naming.beat.sender][NamingProxy.java:617] - [NA] failed to request
java.net.ConnectException: Connection refused: connect
	at java.net.DualStackPlainSocketImpl.waitForConnect(Native Method)
	at java.net.DualStackPlainSocketImpl.socketConnect(DualStackPlainSocketImpl.java:85)
	at java.net.AbstractPlainSocketImpl.doConnect(AbstractPlainSocketImpl.java:350)
	at java.net.AbstractPlainSocketImpl.connectToAddress(AbstractPlainSocketImpl.java:206)
	at java.net.AbstractPlainSocketImpl.connect(AbstractPlainSocketImpl.java:188)
	at java.net.PlainSocketImpl.connect(PlainSocketImpl.java:172)
	at java.net.SocksSocketImpl.connect(SocksSocketImpl.java:392)
	at java.net.Socket.connect(Socket.java:589)
	at sun.net.NetworkClient.doConnect(NetworkClient.java:175)
	at sun.net.www.http.HttpClient.openServer(HttpClient.java:463)
	at sun.net.www.http.HttpClient.openServer(HttpClient.java:558)
	at sun.net.www.http.HttpClient.<init>(HttpClient.java:242)
	at sun.net.www.http.HttpClient.New(HttpClient.java:339)
	at sun.net.www.http.HttpClient.New(HttpClient.java:357)
	at sun.net.www.protocol.http.HttpURLConnection.getNewHttpClient(HttpURLConnection.java:1202)
	at sun.net.www.protocol.http.HttpURLConnection.plainConnect0(HttpURLConnection.java:1138)
	at sun.net.www.protocol.http.HttpURLConnection.plainConnect(HttpURLConnection.java:1032)
	at sun.net.www.protocol.http.HttpURLConnection.connect(HttpURLConnection.java:966)
	at com.alibaba.nacos.common.http.client.request.JdkHttpClientRequest.execute(JdkHttpClientRequest.java:112)
	at com.alibaba.nacos.common.http.client.NacosRestTemplate.execute(NacosRestTemplate.java:482)
	at com.alibaba.nacos.common.http.client.NacosRestTemplate.exchangeForm(NacosRestTemplate.java:427)
	at com.alibaba.nacos.client.naming.net.NamingProxy.callServer(NamingProxy.java:603)
	at com.alibaba.nacos.client.naming.net.NamingProxy.reqApi(NamingProxy.java:526)
	at com.alibaba.nacos.client.naming.net.NamingProxy.reqApi(NamingProxy.java:498)
	at com.alibaba.nacos.client.naming.net.NamingProxy.sendBeat(NamingProxy.java:433)
	at com.alibaba.nacos.client.naming.beat.BeatReactor$BeatTask.run(BeatReactor.java:167)
	at java.util.concurrent.Executors$RunnableAdapter.call(Executors.java:511)
	at java.util.concurrent.FutureTask.run(FutureTask.java:266)
	at java.util.concurrent.ScheduledThreadPoolExecutor$ScheduledFutureTask.access$201(ScheduledThreadPoolExecutor.java:180)
	at java.util.concurrent.ScheduledThreadPoolExecutor$ScheduledFutureTask.run(ScheduledThreadPoolExecutor.java:293)
	at java.util.concurrent.ThreadPoolExecutor.runWorker(ThreadPoolExecutor.java:1142)
	at java.util.concurrent.ThreadPoolExecutor$Worker.run(ThreadPoolExecutor.java:617)
	at java.lang.Thread.run(Thread.java:748)
2025-01-04 23:56:11,842 ERROR [com.alibaba.nacos.client.Worker.longPolling.fixed-192.168.128.130_8848-xczx][ServerHttpAgent.java:166] - [NACOS ConnectException httpPost] currentServerAddr: http://192.168.128.130:8848, err : Connection refused: connect
2025-01-04 23:56:13,426 ERROR [com.alibaba.nacos.naming.beat.sender][NamingProxy.java:617] - [NA] failed to request
java.net.ConnectException: Connection refused: connect
	at java.net.DualStackPlainSocketImpl.waitForConnect(Native Method)
	at java.net.DualStackPlainSocketImpl.socketConnect(DualStackPlainSocketImpl.java:85)
	at java.net.AbstractPlainSocketImpl.doConnect(AbstractPlainSocketImpl.java:350)
	at java.net.AbstractPlainSocketImpl.connectToAddress(AbstractPlainSocketImpl.java:206)
	at java.net.AbstractPlainSocketImpl.connect(AbstractPlainSocketImpl.java:188)
	at java.net.PlainSocketImpl.connect(PlainSocketImpl.java:172)
	at java.net.SocksSocketImpl.connect(SocksSocketImpl.java:392)
	at java.net.Socket.connect(Socket.java:589)
	at sun.net.NetworkClient.doConnect(NetworkClient.java:175)
	at sun.net.www.http.HttpClient.openServer(HttpClient.java:463)
	at sun.net.www.http.HttpClient.openServer(HttpClient.java:558)
	at sun.net.www.http.HttpClient.<init>(HttpClient.java:242)
	at sun.net.www.http.HttpClient.New(HttpClient.java:339)
	at sun.net.www.http.HttpClient.New(HttpClient.java:357)
	at sun.net.www.protocol.http.HttpURLConnection.getNewHttpClient(HttpURLConnection.java:1202)
	at sun.net.www.protocol.http.HttpURLConnection.plainConnect0(HttpURLConnection.java:1138)
	at sun.net.www.protocol.http.HttpURLConnection.plainConnect(HttpURLConnection.java:1032)
	at sun.net.www.protocol.http.HttpURLConnection.connect(HttpURLConnection.java:966)
	at com.alibaba.nacos.common.http.client.request.JdkHttpClientRequest.execute(JdkHttpClientRequest.java:112)
	at com.alibaba.nacos.common.http.client.NacosRestTemplate.execute(NacosRestTemplate.java:482)
	at com.alibaba.nacos.common.http.client.NacosRestTemplate.exchangeForm(NacosRestTemplate.java:427)
	at com.alibaba.nacos.client.naming.net.NamingProxy.callServer(NamingProxy.java:603)
	at com.alibaba.nacos.client.naming.net.NamingProxy.reqApi(NamingProxy.java:526)
	at com.alibaba.nacos.client.naming.net.NamingProxy.reqApi(NamingProxy.java:498)
	at com.alibaba.nacos.client.naming.net.NamingProxy.sendBeat(NamingProxy.java:433)
	at com.alibaba.nacos.client.naming.beat.BeatReactor$BeatTask.run(BeatReactor.java:167)
	at java.util.concurrent.Executors$RunnableAdapter.call(Executors.java:511)
	at java.util.concurrent.FutureTask.run(FutureTask.java:266)
	at java.util.concurrent.ScheduledThreadPoolExecutor$ScheduledFutureTask.access$201(ScheduledThreadPoolExecutor.java:180)
	at java.util.concurrent.ScheduledThreadPoolExecutor$ScheduledFutureTask.run(ScheduledThreadPoolExecutor.java:293)
	at java.util.concurrent.ThreadPoolExecutor.runWorker(ThreadPoolExecutor.java:1142)
	at java.util.concurrent.ThreadPoolExecutor$Worker.run(ThreadPoolExecutor.java:617)
	at java.lang.Thread.run(Thread.java:748)
2025-01-04 23:56:13,932 ERROR [com.alibaba.nacos.client.Worker.longPolling.fixed-192.168.128.130_8848-xczx][ServerHttpAgent.java:166] - [NACOS ConnectException httpPost] currentServerAddr: http://192.168.128.130:8848, err : Connection refused: connect
2025-01-04 23:56:14,967 ERROR [com.alibaba.nacos.client.naming.updater][NamingProxy.java:617] - [NA] failed to request
java.net.ConnectException: Connection refused: connect
	at java.net.DualStackPlainSocketImpl.waitForConnect(Native Method)
	at java.net.DualStackPlainSocketImpl.socketConnect(DualStackPlainSocketImpl.java:85)
	at java.net.AbstractPlainSocketImpl.doConnect(AbstractPlainSocketImpl.java:350)
	at java.net.AbstractPlainSocketImpl.connectToAddress(AbstractPlainSocketImpl.java:206)
	at java.net.AbstractPlainSocketImpl.connect(AbstractPlainSocketImpl.java:188)
	at java.net.PlainSocketImpl.connect(PlainSocketImpl.java:172)
	at java.net.SocksSocketImpl.connect(SocksSocketImpl.java:392)
	at java.net.Socket.connect(Socket.java:589)
	at sun.net.NetworkClient.doConnect(NetworkClient.java:175)
	at sun.net.www.http.HttpClient.openServer(HttpClient.java:463)
	at sun.net.www.http.HttpClient.openServer(HttpClient.java:558)
	at sun.net.www.http.HttpClient.<init>(HttpClient.java:242)
	at sun.net.www.http.HttpClient.New(HttpClient.java:339)
	at sun.net.www.http.HttpClient.New(HttpClient.java:357)
	at sun.net.www.protocol.http.HttpURLConnection.getNewHttpClient(HttpURLConnection.java:1202)
	at sun.net.www.protocol.http.HttpURLConnection.plainConnect0(HttpURLConnection.java:1138)
	at sun.net.www.protocol.http.HttpURLConnection.plainConnect(HttpURLConnection.java:1032)
	at sun.net.www.protocol.http.HttpURLConnection.connect(HttpURLConnection.java:966)
	at com.alibaba.nacos.common.http.client.request.JdkHttpClientRequest.execute(JdkHttpClientRequest.java:112)
	at com.alibaba.nacos.common.http.client.NacosRestTemplate.execute(NacosRestTemplate.java:482)
	at com.alibaba.nacos.common.http.client.NacosRestTemplate.exchangeForm(NacosRestTemplate.java:427)
	at com.alibaba.nacos.client.naming.net.NamingProxy.callServer(NamingProxy.java:603)
	at com.alibaba.nacos.client.naming.net.NamingProxy.reqApi(NamingProxy.java:526)
	at com.alibaba.nacos.client.naming.net.NamingProxy.reqApi(NamingProxy.java:498)
	at com.alibaba.nacos.client.naming.net.NamingProxy.reqApi(NamingProxy.java:493)
	at com.alibaba.nacos.client.naming.net.NamingProxy.queryList(NamingProxy.java:407)
	at com.alibaba.nacos.client.naming.core.HostReactor.updateService(HostReactor.java:382)
	at com.alibaba.nacos.client.naming.core.HostReactor$UpdateTask.run(HostReactor.java:464)
	at java.util.concurrent.Executors$RunnableAdapter.call(Executors.java:511)
	at java.util.concurrent.FutureTask.run(FutureTask.java:266)
	at java.util.concurrent.ScheduledThreadPoolExecutor$ScheduledFutureTask.access$201(ScheduledThreadPoolExecutor.java:180)
	at java.util.concurrent.ScheduledThreadPoolExecutor$ScheduledFutureTask.run(ScheduledThreadPoolExecutor.java:293)
	at java.util.concurrent.ThreadPoolExecutor.runWorker(ThreadPoolExecutor.java:1142)
	at java.util.concurrent.ThreadPoolExecutor$Worker.run(ThreadPoolExecutor.java:617)
	at java.lang.Thread.run(Thread.java:748)
2025-01-04 23:56:16,432 ERROR [com.alibaba.nacos.naming.beat.sender][NamingProxy.java:617] - [NA] failed to request
java.net.SocketTimeoutException: connect timed out
	at java.net.DualStackPlainSocketImpl.waitForConnect(Native Method)
	at java.net.DualStackPlainSocketImpl.socketConnect(DualStackPlainSocketImpl.java:85)
	at java.net.AbstractPlainSocketImpl.doConnect(AbstractPlainSocketImpl.java:350)
	at java.net.AbstractPlainSocketImpl.connectToAddress(AbstractPlainSocketImpl.java:206)
	at java.net.AbstractPlainSocketImpl.connect(AbstractPlainSocketImpl.java:188)
	at java.net.PlainSocketImpl.connect(PlainSocketImpl.java:172)
	at java.net.SocksSocketImpl.connect(SocksSocketImpl.java:392)
	at java.net.Socket.connect(Socket.java:589)
	at sun.net.NetworkClient.doConnect(NetworkClient.java:175)
	at sun.net.www.http.HttpClient.openServer(HttpClient.java:463)
	at sun.net.www.http.HttpClient.openServer(HttpClient.java:558)
	at sun.net.www.http.HttpClient.<init>(HttpClient.java:242)
	at sun.net.www.http.HttpClient.New(HttpClient.java:339)
	at sun.net.www.http.HttpClient.New(HttpClient.java:357)
	at sun.net.www.protocol.http.HttpURLConnection.getNewHttpClient(HttpURLConnection.java:1202)
	at sun.net.www.protocol.http.HttpURLConnection.plainConnect0(HttpURLConnection.java:1138)
	at sun.net.www.protocol.http.HttpURLConnection.plainConnect(HttpURLConnection.java:1032)
	at sun.net.www.protocol.http.HttpURLConnection.connect(HttpURLConnection.java:966)
	at com.alibaba.nacos.common.http.client.request.JdkHttpClientRequest.execute(JdkHttpClientRequest.java:112)
	at com.alibaba.nacos.common.http.client.NacosRestTemplate.execute(NacosRestTemplate.java:482)
	at com.alibaba.nacos.common.http.client.NacosRestTemplate.exchangeForm(NacosRestTemplate.java:427)
	at com.alibaba.nacos.client.naming.net.NamingProxy.callServer(NamingProxy.java:603)
	at com.alibaba.nacos.client.naming.net.NamingProxy.reqApi(NamingProxy.java:526)
	at com.alibaba.nacos.client.naming.net.NamingProxy.reqApi(NamingProxy.java:498)
	at com.alibaba.nacos.client.naming.net.NamingProxy.sendBeat(NamingProxy.java:433)
	at com.alibaba.nacos.client.naming.beat.BeatReactor$BeatTask.run(BeatReactor.java:167)
	at java.util.concurrent.Executors$RunnableAdapter.call(Executors.java:511)
	at java.util.concurrent.FutureTask.run(FutureTask.java:266)
	at java.util.concurrent.ScheduledThreadPoolExecutor$ScheduledFutureTask.access$201(ScheduledThreadPoolExecutor.java:180)
	at java.util.concurrent.ScheduledThreadPoolExecutor$ScheduledFutureTask.run(ScheduledThreadPoolExecutor.java:293)
	at java.util.concurrent.ThreadPoolExecutor.runWorker(ThreadPoolExecutor.java:1142)
	at java.util.concurrent.ThreadPoolExecutor$Worker.run(ThreadPoolExecutor.java:617)
	at java.lang.Thread.run(Thread.java:748)
2025-01-04 23:56:16,433 ERROR [com.alibaba.nacos.naming.beat.sender][NamingProxy.java:552] - request: /nacos/v1/ns/instance/beat failed, servers: [192.168.128.130:8848], code: 500, msg: connect timed out
2025-01-04 23:56:16,433 ERROR [com.alibaba.nacos.naming.beat.sender][BeatReactor.java:198] - [CLIENT-BEAT] failed to send beat: {"port":63045,"ip":"10.65.50.166","weight":1.0,"serviceName":"group001@@system-service","cluster":"DEFAULT","metadata":{"preserved.register.source":"SPRING_CLOUD"},"scheduled":false,"period":5000,"stopped":false}, code: 500, msg: failed to req API:/nacos/v1/ns/instance/beat after all servers([192.168.128.130:8848]) tried: java.net.SocketTimeoutException: connect timed out
2025-01-04 23:56:16,933 ERROR [com.alibaba.nacos.client.Worker.longPolling.fixed-192.168.128.130_8848-xczx][ServerHttpAgent.java:169] - [NACOS SocketTimeoutException httpPost] currentServerAddr: http://192.168.128.130:8848， err : connect timed out
2025-01-04 23:56:17,981 ERROR [com.alibaba.nacos.client.naming.updater][NamingProxy.java:617] - [NA] failed to request
java.net.SocketTimeoutException: connect timed out
	at java.net.DualStackPlainSocketImpl.waitForConnect(Native Method)
	at java.net.DualStackPlainSocketImpl.socketConnect(DualStackPlainSocketImpl.java:85)
	at java.net.AbstractPlainSocketImpl.doConnect(AbstractPlainSocketImpl.java:350)
	at java.net.AbstractPlainSocketImpl.connectToAddress(AbstractPlainSocketImpl.java:206)
	at java.net.AbstractPlainSocketImpl.connect(AbstractPlainSocketImpl.java:188)
	at java.net.PlainSocketImpl.connect(PlainSocketImpl.java:172)
	at java.net.SocksSocketImpl.connect(SocksSocketImpl.java:392)
	at java.net.Socket.connect(Socket.java:589)
	at sun.net.NetworkClient.doConnect(NetworkClient.java:175)
	at sun.net.www.http.HttpClient.openServer(HttpClient.java:463)
	at sun.net.www.http.HttpClient.openServer(HttpClient.java:558)
	at sun.net.www.http.HttpClient.<init>(HttpClient.java:242)
	at sun.net.www.http.HttpClient.New(HttpClient.java:339)
	at sun.net.www.http.HttpClient.New(HttpClient.java:357)
	at sun.net.www.protocol.http.HttpURLConnection.getNewHttpClient(HttpURLConnection.java:1202)
	at sun.net.www.protocol.http.HttpURLConnection.plainConnect0(HttpURLConnection.java:1138)
	at sun.net.www.protocol.http.HttpURLConnection.plainConnect(HttpURLConnection.java:1032)
	at sun.net.www.protocol.http.HttpURLConnection.connect(HttpURLConnection.java:966)
	at com.alibaba.nacos.common.http.client.request.JdkHttpClientRequest.execute(JdkHttpClientRequest.java:112)
	at com.alibaba.nacos.common.http.client.NacosRestTemplate.execute(NacosRestTemplate.java:482)
	at com.alibaba.nacos.common.http.client.NacosRestTemplate.exchangeForm(NacosRestTemplate.java:427)
	at com.alibaba.nacos.client.naming.net.NamingProxy.callServer(NamingProxy.java:603)
	at com.alibaba.nacos.client.naming.net.NamingProxy.reqApi(NamingProxy.java:526)
	at com.alibaba.nacos.client.naming.net.NamingProxy.reqApi(NamingProxy.java:498)
	at com.alibaba.nacos.client.naming.net.NamingProxy.reqApi(NamingProxy.java:493)
	at com.alibaba.nacos.client.naming.net.NamingProxy.queryList(NamingProxy.java:407)
	at com.alibaba.nacos.client.naming.core.HostReactor.updateService(HostReactor.java:382)
	at com.alibaba.nacos.client.naming.core.HostReactor$UpdateTask.run(HostReactor.java:464)
	at java.util.concurrent.Executors$RunnableAdapter.call(Executors.java:511)
	at java.util.concurrent.FutureTask.run(FutureTask.java:266)
	at java.util.concurrent.ScheduledThreadPoolExecutor$ScheduledFutureTask.access$201(ScheduledThreadPoolExecutor.java:180)
	at java.util.concurrent.ScheduledThreadPoolExecutor$ScheduledFutureTask.run(ScheduledThreadPoolExecutor.java:293)
	at java.util.concurrent.ThreadPoolExecutor.runWorker(ThreadPoolExecutor.java:1142)
	at java.util.concurrent.ThreadPoolExecutor$Worker.run(ThreadPoolExecutor.java:617)
	at java.lang.Thread.run(Thread.java:748)
2025-01-04 23:56:19,942 ERROR [com.alibaba.nacos.client.Worker.longPolling.fixed-192.168.128.130_8848-xczx][ServerHttpAgent.java:169] - [NACOS SocketTimeoutException httpPost] currentServerAddr: http://192.168.128.130:8848， err : connect timed out
2025-01-04 23:56:19,942 ERROR [com.alibaba.nacos.client.Worker.longPolling.fixed-192.168.128.130_8848-xczx][ClientWorker.java:393] - [fixed-192.168.128.130_8848-xczx] [check-update] get changed dataId exception
java.net.ConnectException: [NACOS HTTP-POST] The maximum number of tolerable server reconnection errors has been reached
	at com.alibaba.nacos.client.config.http.ServerHttpAgent.httpPost(ServerHttpAgent.java:181)
	at com.alibaba.nacos.client.config.http.MetricsHttpAgent.httpPost(MetricsHttpAgent.java:67)
	at com.alibaba.nacos.client.config.impl.ClientWorker.checkUpdateConfigStr(ClientWorker.java:380)
	at com.alibaba.nacos.client.config.impl.ClientWorker.checkUpdateDataIds(ClientWorker.java:347)
	at com.alibaba.nacos.client.config.impl.ClientWorker$LongPollingRunnable.run(ClientWorker.java:535)
	at java.util.concurrent.Executors$RunnableAdapter.call(Executors.java:511)
	at java.util.concurrent.FutureTask.run(FutureTask.java:266)
	at java.util.concurrent.ScheduledThreadPoolExecutor$ScheduledFutureTask.access$201(ScheduledThreadPoolExecutor.java:180)
	at java.util.concurrent.ScheduledThreadPoolExecutor$ScheduledFutureTask.run(ScheduledThreadPoolExecutor.java:293)
	at java.util.concurrent.ThreadPoolExecutor.runWorker(ThreadPoolExecutor.java:1142)
	at java.util.concurrent.ThreadPoolExecutor$Worker.run(ThreadPoolExecutor.java:617)
	at java.lang.Thread.run(Thread.java:748)
2025-01-04 23:56:19,943 ERROR [com.alibaba.nacos.client.Worker.longPolling.fixed-192.168.128.130_8848-xczx][ClientWorker.java:580] - longPolling error : 
java.net.ConnectException: [NACOS HTTP-POST] The maximum number of tolerable server reconnection errors has been reached
	at com.alibaba.nacos.client.config.http.ServerHttpAgent.httpPost(ServerHttpAgent.java:181)
	at com.alibaba.nacos.client.config.http.MetricsHttpAgent.httpPost(MetricsHttpAgent.java:67)
	at com.alibaba.nacos.client.config.impl.ClientWorker.checkUpdateConfigStr(ClientWorker.java:380)
	at com.alibaba.nacos.client.config.impl.ClientWorker.checkUpdateDataIds(ClientWorker.java:347)
	at com.alibaba.nacos.client.config.impl.ClientWorker$LongPollingRunnable.run(ClientWorker.java:535)
	at java.util.concurrent.Executors$RunnableAdapter.call(Executors.java:511)
	at java.util.concurrent.FutureTask.run(FutureTask.java:266)
	at java.util.concurrent.ScheduledThreadPoolExecutor$ScheduledFutureTask.access$201(ScheduledThreadPoolExecutor.java:180)
	at java.util.concurrent.ScheduledThreadPoolExecutor$ScheduledFutureTask.run(ScheduledThreadPoolExecutor.java:293)
	at java.util.concurrent.ThreadPoolExecutor.runWorker(ThreadPoolExecutor.java:1142)
	at java.util.concurrent.ThreadPoolExecutor$Worker.run(ThreadPoolExecutor.java:617)
	at java.lang.Thread.run(Thread.java:748)
2025-01-04 23:56:20,990 ERROR [com.alibaba.nacos.client.naming.updater][NamingProxy.java:617] - [NA] failed to request
java.net.SocketTimeoutException: connect timed out
	at java.net.DualStackPlainSocketImpl.waitForConnect(Native Method)
	at java.net.DualStackPlainSocketImpl.socketConnect(DualStackPlainSocketImpl.java:85)
	at java.net.AbstractPlainSocketImpl.doConnect(AbstractPlainSocketImpl.java:350)
	at java.net.AbstractPlainSocketImpl.connectToAddress(AbstractPlainSocketImpl.java:206)
	at java.net.AbstractPlainSocketImpl.connect(AbstractPlainSocketImpl.java:188)
	at java.net.PlainSocketImpl.connect(PlainSocketImpl.java:172)
	at java.net.SocksSocketImpl.connect(SocksSocketImpl.java:392)
	at java.net.Socket.connect(Socket.java:589)
	at sun.net.NetworkClient.doConnect(NetworkClient.java:175)
	at sun.net.www.http.HttpClient.openServer(HttpClient.java:463)
	at sun.net.www.http.HttpClient.openServer(HttpClient.java:558)
	at sun.net.www.http.HttpClient.<init>(HttpClient.java:242)
	at sun.net.www.http.HttpClient.New(HttpClient.java:339)
	at sun.net.www.http.HttpClient.New(HttpClient.java:357)
	at sun.net.www.protocol.http.HttpURLConnection.getNewHttpClient(HttpURLConnection.java:1202)
	at sun.net.www.protocol.http.HttpURLConnection.plainConnect0(HttpURLConnection.java:1138)
	at sun.net.www.protocol.http.HttpURLConnection.plainConnect(HttpURLConnection.java:1032)
	at sun.net.www.protocol.http.HttpURLConnection.connect(HttpURLConnection.java:966)
	at com.alibaba.nacos.common.http.client.request.JdkHttpClientRequest.execute(JdkHttpClientRequest.java:112)
	at com.alibaba.nacos.common.http.client.NacosRestTemplate.execute(NacosRestTemplate.java:482)
	at com.alibaba.nacos.common.http.client.NacosRestTemplate.exchangeForm(NacosRestTemplate.java:427)
	at com.alibaba.nacos.client.naming.net.NamingProxy.callServer(NamingProxy.java:603)
	at com.alibaba.nacos.client.naming.net.NamingProxy.reqApi(NamingProxy.java:526)
	at com.alibaba.nacos.client.naming.net.NamingProxy.reqApi(NamingProxy.java:498)
	at com.alibaba.nacos.client.naming.net.NamingProxy.reqApi(NamingProxy.java:493)
	at com.alibaba.nacos.client.naming.net.NamingProxy.queryList(NamingProxy.java:407)
	at com.alibaba.nacos.client.naming.core.HostReactor.updateService(HostReactor.java:382)
	at com.alibaba.nacos.client.naming.core.HostReactor$UpdateTask.run(HostReactor.java:464)
	at java.util.concurrent.Executors$RunnableAdapter.call(Executors.java:511)
	at java.util.concurrent.FutureTask.run(FutureTask.java:266)
	at java.util.concurrent.ScheduledThreadPoolExecutor$ScheduledFutureTask.access$201(ScheduledThreadPoolExecutor.java:180)
	at java.util.concurrent.ScheduledThreadPoolExecutor$ScheduledFutureTask.run(ScheduledThreadPoolExecutor.java:293)
	at java.util.concurrent.ThreadPoolExecutor.runWorker(ThreadPoolExecutor.java:1142)
	at java.util.concurrent.ThreadPoolExecutor$Worker.run(ThreadPoolExecutor.java:617)
	at java.lang.Thread.run(Thread.java:748)
2025-01-04 23:56:20,991 ERROR [com.alibaba.nacos.client.naming.updater][NamingProxy.java:552] - request: /nacos/v1/ns/instance/list failed, servers: [192.168.128.130:8848], code: 500, msg: connect timed out
2025-01-04 23:56:23,349 ERROR [SpringContextShutdownHook][NamingProxy.java:617] - [NA] failed to request
java.net.ConnectException: Connection refused: connect
	at java.net.DualStackPlainSocketImpl.waitForConnect(Native Method)
	at java.net.DualStackPlainSocketImpl.socketConnect(DualStackPlainSocketImpl.java:85)
	at java.net.AbstractPlainSocketImpl.doConnect(AbstractPlainSocketImpl.java:350)
	at java.net.AbstractPlainSocketImpl.connectToAddress(AbstractPlainSocketImpl.java:206)
	at java.net.AbstractPlainSocketImpl.connect(AbstractPlainSocketImpl.java:188)
	at java.net.PlainSocketImpl.connect(PlainSocketImpl.java:172)
	at java.net.SocksSocketImpl.connect(SocksSocketImpl.java:392)
	at java.net.Socket.connect(Socket.java:589)
	at sun.net.NetworkClient.doConnect(NetworkClient.java:175)
	at sun.net.www.http.HttpClient.openServer(HttpClient.java:463)
	at sun.net.www.http.HttpClient.openServer(HttpClient.java:558)
	at sun.net.www.http.HttpClient.<init>(HttpClient.java:242)
	at sun.net.www.http.HttpClient.New(HttpClient.java:339)
	at sun.net.www.http.HttpClient.New(HttpClient.java:357)
	at sun.net.www.protocol.http.HttpURLConnection.getNewHttpClient(HttpURLConnection.java:1202)
	at sun.net.www.protocol.http.HttpURLConnection.plainConnect0(HttpURLConnection.java:1138)
	at sun.net.www.protocol.http.HttpURLConnection.plainConnect(HttpURLConnection.java:1032)
	at sun.net.www.protocol.http.HttpURLConnection.connect(HttpURLConnection.java:966)
	at com.alibaba.nacos.common.http.client.request.JdkHttpClientRequest.execute(JdkHttpClientRequest.java:112)
	at com.alibaba.nacos.common.http.client.NacosRestTemplate.execute(NacosRestTemplate.java:482)
	at com.alibaba.nacos.common.http.client.NacosRestTemplate.exchangeForm(NacosRestTemplate.java:427)
	at com.alibaba.nacos.client.naming.net.NamingProxy.callServer(NamingProxy.java:603)
	at com.alibaba.nacos.client.naming.net.NamingProxy.reqApi(NamingProxy.java:526)
	at com.alibaba.nacos.client.naming.net.NamingProxy.reqApi(NamingProxy.java:498)
	at com.alibaba.nacos.client.naming.net.NamingProxy.reqApi(NamingProxy.java:493)
	at com.alibaba.nacos.client.naming.net.NamingProxy.deregisterService(NamingProxy.java:271)
	at com.alibaba.nacos.client.naming.NacosNamingService.deregisterInstance(NacosNamingService.java:252)
	at com.alibaba.nacos.client.naming.NacosNamingService.deregisterInstance(NacosNamingService.java:238)
	at com.alibaba.cloud.nacos.registry.NacosServiceRegistry.deregister(NacosServiceRegistry.java:106)
	at org.springframework.cloud.client.serviceregistry.AbstractAutoServiceRegistration.deregister(AbstractAutoServiceRegistration.java:256)
	at org.springframework.cloud.client.serviceregistry.AbstractAutoServiceRegistration.stop(AbstractAutoServiceRegistration.java:271)
	at org.springframework.cloud.client.serviceregistry.AbstractAutoServiceRegistration.destroy(AbstractAutoServiceRegistration.java:208)
	at sun.reflect.NativeMethodAccessorImpl.invoke0(Native Method)
	at sun.reflect.NativeMethodAccessorImpl.invoke(NativeMethodAccessorImpl.java:62)
	at sun.reflect.DelegatingMethodAccessorImpl.invoke(DelegatingMethodAccessorImpl.java:43)
	at java.lang.reflect.Method.invoke(Method.java:498)
	at org.springframework.beans.factory.annotation.InitDestroyAnnotationBeanPostProcessor$LifecycleElement.invoke(InitDestroyAnnotationBeanPostProcessor.java:389)
	at org.springframework.beans.factory.annotation.InitDestroyAnnotationBeanPostProcessor$LifecycleMetadata.invokeDestroyMethods(InitDestroyAnnotationBeanPostProcessor.java:347)
	at org.springframework.beans.factory.annotation.InitDestroyAnnotationBeanPostProcessor.postProcessBeforeDestruction(InitDestroyAnnotationBeanPostProcessor.java:177)
	at org.springframework.beans.factory.support.DisposableBeanAdapter.destroy(DisposableBeanAdapter.java:242)
	at org.springframework.beans.factory.support.DefaultSingletonBeanRegistry.destroyBean(DefaultSingletonBeanRegistry.java:587)
	at org.springframework.beans.factory.support.DefaultSingletonBeanRegistry.destroySingleton(DefaultSingletonBeanRegistry.java:559)
	at org.springframework.beans.factory.support.DefaultListableBeanFactory.destroySingleton(DefaultListableBeanFactory.java:1092)
	at org.springframework.beans.factory.support.DefaultSingletonBeanRegistry.destroySingletons(DefaultSingletonBeanRegistry.java:520)
	at org.springframework.beans.factory.support.DefaultListableBeanFactory.destroySingletons(DefaultListableBeanFactory.java:1085)
	at org.springframework.context.support.AbstractApplicationContext.destroyBeans(AbstractApplicationContext.java:1061)
	at org.springframework.context.support.AbstractApplicationContext.doClose(AbstractApplicationContext.java:1030)
	at org.springframework.boot.web.servlet.context.ServletWebServerApplicationContext.doClose(ServletWebServerApplicationContext.java:170)
	at org.springframework.context.support.AbstractApplicationContext$1.run(AbstractApplicationContext.java:949)
2025-01-04 23:56:24,022 ERROR [com.alibaba.nacos.client.Worker.longPolling.fixed-192.168.128.130_8848-xczx][ServerHttpAgent.java:166] - [NACOS ConnectException httpPost] currentServerAddr: http://192.168.128.130:8848, err : Connection refused: connect
2025-01-04 23:56:25,387 ERROR [SpringContextShutdownHook][NamingProxy.java:617] - [NA] failed to request
java.net.ConnectException: Connection refused: connect
	at java.net.DualStackPlainSocketImpl.waitForConnect(Native Method)
	at java.net.DualStackPlainSocketImpl.socketConnect(DualStackPlainSocketImpl.java:85)
	at java.net.AbstractPlainSocketImpl.doConnect(AbstractPlainSocketImpl.java:350)
	at java.net.AbstractPlainSocketImpl.connectToAddress(AbstractPlainSocketImpl.java:206)
	at java.net.AbstractPlainSocketImpl.connect(AbstractPlainSocketImpl.java:188)
	at java.net.PlainSocketImpl.connect(PlainSocketImpl.java:172)
	at java.net.SocksSocketImpl.connect(SocksSocketImpl.java:392)
	at java.net.Socket.connect(Socket.java:589)
	at sun.net.NetworkClient.doConnect(NetworkClient.java:175)
	at sun.net.www.http.HttpClient.openServer(HttpClient.java:463)
	at sun.net.www.http.HttpClient.openServer(HttpClient.java:558)
	at sun.net.www.http.HttpClient.<init>(HttpClient.java:242)
	at sun.net.www.http.HttpClient.New(HttpClient.java:339)
	at sun.net.www.http.HttpClient.New(HttpClient.java:357)
	at sun.net.www.protocol.http.HttpURLConnection.getNewHttpClient(HttpURLConnection.java:1202)
	at sun.net.www.protocol.http.HttpURLConnection.plainConnect0(HttpURLConnection.java:1138)
	at sun.net.www.protocol.http.HttpURLConnection.plainConnect(HttpURLConnection.java:1032)
	at sun.net.www.protocol.http.HttpURLConnection.connect(HttpURLConnection.java:966)
	at com.alibaba.nacos.common.http.client.request.JdkHttpClientRequest.execute(JdkHttpClientRequest.java:112)
	at com.alibaba.nacos.common.http.client.NacosRestTemplate.execute(NacosRestTemplate.java:482)
	at com.alibaba.nacos.common.http.client.NacosRestTemplate.exchangeForm(NacosRestTemplate.java:427)
	at com.alibaba.nacos.client.naming.net.NamingProxy.callServer(NamingProxy.java:603)
	at com.alibaba.nacos.client.naming.net.NamingProxy.reqApi(NamingProxy.java:526)
	at com.alibaba.nacos.client.naming.net.NamingProxy.reqApi(NamingProxy.java:498)
	at com.alibaba.nacos.client.naming.net.NamingProxy.reqApi(NamingProxy.java:493)
	at com.alibaba.nacos.client.naming.net.NamingProxy.deregisterService(NamingProxy.java:271)
	at com.alibaba.nacos.client.naming.NacosNamingService.deregisterInstance(NacosNamingService.java:252)
	at com.alibaba.nacos.client.naming.NacosNamingService.deregisterInstance(NacosNamingService.java:238)
	at com.alibaba.cloud.nacos.registry.NacosServiceRegistry.deregister(NacosServiceRegistry.java:106)
	at org.springframework.cloud.client.serviceregistry.AbstractAutoServiceRegistration.deregister(AbstractAutoServiceRegistration.java:256)
	at org.springframework.cloud.client.serviceregistry.AbstractAutoServiceRegistration.stop(AbstractAutoServiceRegistration.java:271)
	at org.springframework.cloud.client.serviceregistry.AbstractAutoServiceRegistration.destroy(AbstractAutoServiceRegistration.java:208)
	at sun.reflect.NativeMethodAccessorImpl.invoke0(Native Method)
	at sun.reflect.NativeMethodAccessorImpl.invoke(NativeMethodAccessorImpl.java:62)
	at sun.reflect.DelegatingMethodAccessorImpl.invoke(DelegatingMethodAccessorImpl.java:43)
	at java.lang.reflect.Method.invoke(Method.java:498)
	at org.springframework.beans.factory.annotation.InitDestroyAnnotationBeanPostProcessor$LifecycleElement.invoke(InitDestroyAnnotationBeanPostProcessor.java:389)
	at org.springframework.beans.factory.annotation.InitDestroyAnnotationBeanPostProcessor$LifecycleMetadata.invokeDestroyMethods(InitDestroyAnnotationBeanPostProcessor.java:347)
	at org.springframework.beans.factory.annotation.InitDestroyAnnotationBeanPostProcessor.postProcessBeforeDestruction(InitDestroyAnnotationBeanPostProcessor.java:177)
	at org.springframework.beans.factory.support.DisposableBeanAdapter.destroy(DisposableBeanAdapter.java:242)
	at org.springframework.beans.factory.support.DefaultSingletonBeanRegistry.destroyBean(DefaultSingletonBeanRegistry.java:587)
	at org.springframework.beans.factory.support.DefaultSingletonBeanRegistry.destroySingleton(DefaultSingletonBeanRegistry.java:559)
	at org.springframework.beans.factory.support.DefaultListableBeanFactory.destroySingleton(DefaultListableBeanFactory.java:1092)
	at org.springframework.beans.factory.support.DefaultSingletonBeanRegistry.destroySingletons(DefaultSingletonBeanRegistry.java:520)
	at org.springframework.beans.factory.support.DefaultListableBeanFactory.destroySingletons(DefaultListableBeanFactory.java:1085)
	at org.springframework.context.support.AbstractApplicationContext.destroyBeans(AbstractApplicationContext.java:1061)
	at org.springframework.context.support.AbstractApplicationContext.doClose(AbstractApplicationContext.java:1030)
	at org.springframework.boot.web.servlet.context.ServletWebServerApplicationContext.doClose(ServletWebServerApplicationContext.java:170)
	at org.springframework.context.support.AbstractApplicationContext$1.run(AbstractApplicationContext.java:949)
2025-01-04 23:56:26,074 ERROR [com.alibaba.nacos.client.Worker.longPolling.fixed-192.168.128.130_8848-xczx][ServerHttpAgent.java:166] - [NACOS ConnectException httpPost] currentServerAddr: http://192.168.128.130:8848, err : Connection refused: connect
2025-01-04 23:56:27,461 ERROR [SpringContextShutdownHook][NamingProxy.java:617] - [NA] failed to request
java.net.ConnectException: Connection refused: connect
	at java.net.DualStackPlainSocketImpl.waitForConnect(Native Method)
	at java.net.DualStackPlainSocketImpl.socketConnect(DualStackPlainSocketImpl.java:85)
	at java.net.AbstractPlainSocketImpl.doConnect(AbstractPlainSocketImpl.java:350)
	at java.net.AbstractPlainSocketImpl.connectToAddress(AbstractPlainSocketImpl.java:206)
	at java.net.AbstractPlainSocketImpl.connect(AbstractPlainSocketImpl.java:188)
	at java.net.PlainSocketImpl.connect(PlainSocketImpl.java:172)
	at java.net.SocksSocketImpl.connect(SocksSocketImpl.java:392)
	at java.net.Socket.connect(Socket.java:589)
	at sun.net.NetworkClient.doConnect(NetworkClient.java:175)
	at sun.net.www.http.HttpClient.openServer(HttpClient.java:463)
	at sun.net.www.http.HttpClient.openServer(HttpClient.java:558)
	at sun.net.www.http.HttpClient.<init>(HttpClient.java:242)
	at sun.net.www.http.HttpClient.New(HttpClient.java:339)
	at sun.net.www.http.HttpClient.New(HttpClient.java:357)
	at sun.net.www.protocol.http.HttpURLConnection.getNewHttpClient(HttpURLConnection.java:1202)
	at sun.net.www.protocol.http.HttpURLConnection.plainConnect0(HttpURLConnection.java:1138)
	at sun.net.www.protocol.http.HttpURLConnection.plainConnect(HttpURLConnection.java:1032)
	at sun.net.www.protocol.http.HttpURLConnection.connect(HttpURLConnection.java:966)
	at com.alibaba.nacos.common.http.client.request.JdkHttpClientRequest.execute(JdkHttpClientRequest.java:112)
	at com.alibaba.nacos.common.http.client.NacosRestTemplate.execute(NacosRestTemplate.java:482)
	at com.alibaba.nacos.common.http.client.NacosRestTemplate.exchangeForm(NacosRestTemplate.java:427)
	at com.alibaba.nacos.client.naming.net.NamingProxy.callServer(NamingProxy.java:603)
	at com.alibaba.nacos.client.naming.net.NamingProxy.reqApi(NamingProxy.java:526)
	at com.alibaba.nacos.client.naming.net.NamingProxy.reqApi(NamingProxy.java:498)
	at com.alibaba.nacos.client.naming.net.NamingProxy.reqApi(NamingProxy.java:493)
	at com.alibaba.nacos.client.naming.net.NamingProxy.deregisterService(NamingProxy.java:271)
	at com.alibaba.nacos.client.naming.NacosNamingService.deregisterInstance(NacosNamingService.java:252)
	at com.alibaba.nacos.client.naming.NacosNamingService.deregisterInstance(NacosNamingService.java:238)
	at com.alibaba.cloud.nacos.registry.NacosServiceRegistry.deregister(NacosServiceRegistry.java:106)
	at org.springframework.cloud.client.serviceregistry.AbstractAutoServiceRegistration.deregister(AbstractAutoServiceRegistration.java:256)
	at org.springframework.cloud.client.serviceregistry.AbstractAutoServiceRegistration.stop(AbstractAutoServiceRegistration.java:271)
	at org.springframework.cloud.client.serviceregistry.AbstractAutoServiceRegistration.destroy(AbstractAutoServiceRegistration.java:208)
	at sun.reflect.NativeMethodAccessorImpl.invoke0(Native Method)
	at sun.reflect.NativeMethodAccessorImpl.invoke(NativeMethodAccessorImpl.java:62)
	at sun.reflect.DelegatingMethodAccessorImpl.invoke(DelegatingMethodAccessorImpl.java:43)
	at java.lang.reflect.Method.invoke(Method.java:498)
	at org.springframework.beans.factory.annotation.InitDestroyAnnotationBeanPostProcessor$LifecycleElement.invoke(InitDestroyAnnotationBeanPostProcessor.java:389)
	at org.springframework.beans.factory.annotation.InitDestroyAnnotationBeanPostProcessor$LifecycleMetadata.invokeDestroyMethods(InitDestroyAnnotationBeanPostProcessor.java:347)
	at org.springframework.beans.factory.annotation.InitDestroyAnnotationBeanPostProcessor.postProcessBeforeDestruction(InitDestroyAnnotationBeanPostProcessor.java:177)
	at org.springframework.beans.factory.support.DisposableBeanAdapter.destroy(DisposableBeanAdapter.java:242)
	at org.springframework.beans.factory.support.DefaultSingletonBeanRegistry.destroyBean(DefaultSingletonBeanRegistry.java:587)
	at org.springframework.beans.factory.support.DefaultSingletonBeanRegistry.destroySingleton(DefaultSingletonBeanRegistry.java:559)
	at org.springframework.beans.factory.support.DefaultListableBeanFactory.destroySingleton(DefaultListableBeanFactory.java:1092)
	at org.springframework.beans.factory.support.DefaultSingletonBeanRegistry.destroySingletons(DefaultSingletonBeanRegistry.java:520)
	at org.springframework.beans.factory.support.DefaultListableBeanFactory.destroySingletons(DefaultListableBeanFactory.java:1085)
	at org.springframework.context.support.AbstractApplicationContext.destroyBeans(AbstractApplicationContext.java:1061)
	at org.springframework.context.support.AbstractApplicationContext.doClose(AbstractApplicationContext.java:1030)
	at org.springframework.boot.web.servlet.context.ServletWebServerApplicationContext.doClose(ServletWebServerApplicationContext.java:170)
	at org.springframework.context.support.AbstractApplicationContext$1.run(AbstractApplicationContext.java:949)
2025-01-04 23:56:27,463 ERROR [SpringContextShutdownHook][NamingProxy.java:552] - request: /nacos/v1/ns/instance failed, servers: [192.168.128.130:8848], code: 500, msg: Connection refused: connect
2025-01-04 23:56:27,464 ERROR [SpringContextShutdownHook][NacosServiceRegistry.java:110] - ERR_NACOS_DEREGISTER, de-register failed...NacosRegistration{nacosDiscoveryProperties=NacosDiscoveryProperties{serverAddr='192.168.128.130:8848', endpoint='', namespace='xczx', watchDelay=30000, logName='', service='system-service', weight=1.0, clusterName='DEFAULT', group='group001', namingLoadCacheAtStart='false', metadata={preserved.register.source=SPRING_CLOUD}, registerEnabled=true, ip='10.65.50.166', networkInterface='', port=63045, secure=false, accessKey='', secretKey='', heartBeatInterval=null, heartBeatTimeout=null, ipDeleteTimeout=null, failFast=true}},
ErrCode:500, ErrMsg:failed to req API:/nacos/v1/ns/instance after all servers([192.168.128.130:8848]) tried: java.net.ConnectException: Connection refused: connect
	at com.alibaba.nacos.client.naming.net.NamingProxy.reqApi(NamingProxy.java:556)
	at com.alibaba.nacos.client.naming.net.NamingProxy.reqApi(NamingProxy.java:498)
	at com.alibaba.nacos.client.naming.net.NamingProxy.reqApi(NamingProxy.java:493)
	at com.alibaba.nacos.client.naming.net.NamingProxy.deregisterService(NamingProxy.java:271)
	at com.alibaba.nacos.client.naming.NacosNamingService.deregisterInstance(NacosNamingService.java:252)
	at com.alibaba.nacos.client.naming.NacosNamingService.deregisterInstance(NacosNamingService.java:238)
	at com.alibaba.cloud.nacos.registry.NacosServiceRegistry.deregister(NacosServiceRegistry.java:106)
	at org.springframework.cloud.client.serviceregistry.AbstractAutoServiceRegistration.deregister(AbstractAutoServiceRegistration.java:256)
	at org.springframework.cloud.client.serviceregistry.AbstractAutoServiceRegistration.stop(AbstractAutoServiceRegistration.java:271)
	at org.springframework.cloud.client.serviceregistry.AbstractAutoServiceRegistration.destroy(AbstractAutoServiceRegistration.java:208)
	at sun.reflect.NativeMethodAccessorImpl.invoke0(Native Method)
	at sun.reflect.NativeMethodAccessorImpl.invoke(NativeMethodAccessorImpl.java:62)
	at sun.reflect.DelegatingMethodAccessorImpl.invoke(DelegatingMethodAccessorImpl.java:43)
	at java.lang.reflect.Method.invoke(Method.java:498)
	at org.springframework.beans.factory.annotation.InitDestroyAnnotationBeanPostProcessor$LifecycleElement.invoke(InitDestroyAnnotationBeanPostProcessor.java:389)
	at org.springframework.beans.factory.annotation.InitDestroyAnnotationBeanPostProcessor$LifecycleMetadata.invokeDestroyMethods(InitDestroyAnnotationBeanPostProcessor.java:347)
	at org.springframework.beans.factory.annotation.InitDestroyAnnotationBeanPostProcessor.postProcessBeforeDestruction(InitDestroyAnnotationBeanPostProcessor.java:177)
	at org.springframework.beans.factory.support.DisposableBeanAdapter.destroy(DisposableBeanAdapter.java:242)
	at org.springframework.beans.factory.support.DefaultSingletonBeanRegistry.destroyBean(DefaultSingletonBeanRegistry.java:587)
	at org.springframework.beans.factory.support.DefaultSingletonBeanRegistry.destroySingleton(DefaultSingletonBeanRegistry.java:559)
	at org.springframework.beans.factory.support.DefaultListableBeanFactory.destroySingleton(DefaultListableBeanFactory.java:1092)
	at org.springframework.beans.factory.support.DefaultSingletonBeanRegistry.destroySingletons(DefaultSingletonBeanRegistry.java:520)
	at org.springframework.beans.factory.support.DefaultListableBeanFactory.destroySingletons(DefaultListableBeanFactory.java:1085)
	at org.springframework.context.support.AbstractApplicationContext.destroyBeans(AbstractApplicationContext.java:1061)
	at org.springframework.context.support.AbstractApplicationContext.doClose(AbstractApplicationContext.java:1030)
	at org.springframework.boot.web.servlet.context.ServletWebServerApplicationContext.doClose(ServletWebServerApplicationContext.java:170)
	at org.springframework.context.support.AbstractApplicationContext$1.run(AbstractApplicationContext.java:949)
2025-01-04 23:56:28,134 ERROR [com.alibaba.nacos.client.Worker.longPolling.fixed-192.168.128.130_8848-xczx][ServerHttpAgent.java:166] - [NACOS ConnectException httpPost] currentServerAddr: http://192.168.128.130:8848, err : Connection refused: connect
2025-01-04 23:56:30,195 ERROR [com.alibaba.nacos.client.Worker.longPolling.fixed-192.168.128.130_8848-xczx][ServerHttpAgent.java:166] - [NACOS ConnectException httpPost] currentServerAddr: http://192.168.128.130:8848, err : Connection refused: connect
2025-01-04 23:56:30,196 ERROR [com.alibaba.nacos.client.Worker.longPolling.fixed-192.168.128.130_8848-xczx][ClientWorker.java:393] - [fixed-192.168.128.130_8848-xczx] [check-update] get changed dataId exception
java.net.ConnectException: [NACOS HTTP-POST] The maximum number of tolerable server reconnection errors has been reached
	at com.alibaba.nacos.client.config.http.ServerHttpAgent.httpPost(ServerHttpAgent.java:181)
	at com.alibaba.nacos.client.config.http.MetricsHttpAgent.httpPost(MetricsHttpAgent.java:67)
	at com.alibaba.nacos.client.config.impl.ClientWorker.checkUpdateConfigStr(ClientWorker.java:380)
	at com.alibaba.nacos.client.config.impl.ClientWorker.checkUpdateDataIds(ClientWorker.java:347)
	at com.alibaba.nacos.client.config.impl.ClientWorker$LongPollingRunnable.run(ClientWorker.java:535)
	at java.util.concurrent.Executors$RunnableAdapter.call(Executors.java:511)
	at java.util.concurrent.FutureTask.run(FutureTask.java:266)
	at java.util.concurrent.ScheduledThreadPoolExecutor$ScheduledFutureTask.access$201(ScheduledThreadPoolExecutor.java:180)
	at java.util.concurrent.ScheduledThreadPoolExecutor$ScheduledFutureTask.run(ScheduledThreadPoolExecutor.java:293)
	at java.util.concurrent.ThreadPoolExecutor.runWorker(ThreadPoolExecutor.java:1142)
	at java.util.concurrent.ThreadPoolExecutor$Worker.run(ThreadPoolExecutor.java:617)
	at java.lang.Thread.run(Thread.java:748)
2025-01-04 23:56:30,196 ERROR [com.alibaba.nacos.client.Worker.longPolling.fixed-192.168.128.130_8848-xczx][ClientWorker.java:580] - longPolling error : 
java.net.ConnectException: [NACOS HTTP-POST] The maximum number of tolerable server reconnection errors has been reached
	at com.alibaba.nacos.client.config.http.ServerHttpAgent.httpPost(ServerHttpAgent.java:181)
	at com.alibaba.nacos.client.config.http.MetricsHttpAgent.httpPost(MetricsHttpAgent.java:67)
	at com.alibaba.nacos.client.config.impl.ClientWorker.checkUpdateConfigStr(ClientWorker.java:380)
	at com.alibaba.nacos.client.config.impl.ClientWorker.checkUpdateDataIds(ClientWorker.java:347)
	at com.alibaba.nacos.client.config.impl.ClientWorker$LongPollingRunnable.run(ClientWorker.java:535)
	at java.util.concurrent.Executors$RunnableAdapter.call(Executors.java:511)
	at java.util.concurrent.FutureTask.run(FutureTask.java:266)
	at java.util.concurrent.ScheduledThreadPoolExecutor$ScheduledFutureTask.access$201(ScheduledThreadPoolExecutor.java:180)
	at java.util.concurrent.ScheduledThreadPoolExecutor$ScheduledFutureTask.run(ScheduledThreadPoolExecutor.java:293)
	at java.util.concurrent.ThreadPoolExecutor.runWorker(ThreadPoolExecutor.java:1142)
	at java.util.concurrent.ThreadPoolExecutor$Worker.run(ThreadPoolExecutor.java:617)
	at java.lang.Thread.run(Thread.java:748)
2025-01-04 23:56:31,040 ERROR [com.alibaba.nacos.client.naming.updater][NamingProxy.java:617] - [NA] failed to request
java.net.ConnectException: Connection refused: connect
	at java.net.DualStackPlainSocketImpl.waitForConnect(Native Method)
	at java.net.DualStackPlainSocketImpl.socketConnect(DualStackPlainSocketImpl.java:85)
	at java.net.AbstractPlainSocketImpl.doConnect(AbstractPlainSocketImpl.java:350)
	at java.net.AbstractPlainSocketImpl.connectToAddress(AbstractPlainSocketImpl.java:206)
	at java.net.AbstractPlainSocketImpl.connect(AbstractPlainSocketImpl.java:188)
	at java.net.PlainSocketImpl.connect(PlainSocketImpl.java:172)
	at java.net.SocksSocketImpl.connect(SocksSocketImpl.java:392)
	at java.net.Socket.connect(Socket.java:589)
	at sun.net.NetworkClient.doConnect(NetworkClient.java:175)
	at sun.net.www.http.HttpClient.openServer(HttpClient.java:463)
	at sun.net.www.http.HttpClient.openServer(HttpClient.java:558)
	at sun.net.www.http.HttpClient.<init>(HttpClient.java:242)
	at sun.net.www.http.HttpClient.New(HttpClient.java:339)
	at sun.net.www.http.HttpClient.New(HttpClient.java:357)
	at sun.net.www.protocol.http.HttpURLConnection.getNewHttpClient(HttpURLConnection.java:1202)
	at sun.net.www.protocol.http.HttpURLConnection.plainConnect0(HttpURLConnection.java:1138)
	at sun.net.www.protocol.http.HttpURLConnection.plainConnect(HttpURLConnection.java:1032)
	at sun.net.www.protocol.http.HttpURLConnection.connect(HttpURLConnection.java:966)
	at com.alibaba.nacos.common.http.client.request.JdkHttpClientRequest.execute(JdkHttpClientRequest.java:112)
	at com.alibaba.nacos.common.http.client.NacosRestTemplate.execute(NacosRestTemplate.java:482)
	at com.alibaba.nacos.common.http.client.NacosRestTemplate.exchangeForm(NacosRestTemplate.java:427)
	at com.alibaba.nacos.client.naming.net.NamingProxy.callServer(NamingProxy.java:603)
	at com.alibaba.nacos.client.naming.net.NamingProxy.reqApi(NamingProxy.java:526)
	at com.alibaba.nacos.client.naming.net.NamingProxy.reqApi(NamingProxy.java:498)
	at com.alibaba.nacos.client.naming.net.NamingProxy.reqApi(NamingProxy.java:493)
	at com.alibaba.nacos.client.naming.net.NamingProxy.queryList(NamingProxy.java:407)
	at com.alibaba.nacos.client.naming.core.HostReactor.updateService(HostReactor.java:382)
	at com.alibaba.nacos.client.naming.core.HostReactor$UpdateTask.run(HostReactor.java:464)
	at java.util.concurrent.Executors$RunnableAdapter.call(Executors.java:511)
	at java.util.concurrent.FutureTask.run(FutureTask.java:266)
	at java.util.concurrent.ScheduledThreadPoolExecutor$ScheduledFutureTask.access$201(ScheduledThreadPoolExecutor.java:180)
	at java.util.concurrent.ScheduledThreadPoolExecutor$ScheduledFutureTask.run(ScheduledThreadPoolExecutor.java:293)
	at java.util.concurrent.ThreadPoolExecutor.runWorker(ThreadPoolExecutor.java:1142)
	at java.util.concurrent.ThreadPoolExecutor$Worker.run(ThreadPoolExecutor.java:617)
	at java.lang.Thread.run(Thread.java:748)
2025-01-04 23:56:33,093 ERROR [com.alibaba.nacos.client.naming.updater][NamingProxy.java:617] - [NA] failed to request
java.net.ConnectException: Connection refused: connect
	at java.net.DualStackPlainSocketImpl.waitForConnect(Native Method)
	at java.net.DualStackPlainSocketImpl.socketConnect(DualStackPlainSocketImpl.java:85)
	at java.net.AbstractPlainSocketImpl.doConnect(AbstractPlainSocketImpl.java:350)
	at java.net.AbstractPlainSocketImpl.connectToAddress(AbstractPlainSocketImpl.java:206)
	at java.net.AbstractPlainSocketImpl.connect(AbstractPlainSocketImpl.java:188)
	at java.net.PlainSocketImpl.connect(PlainSocketImpl.java:172)
	at java.net.SocksSocketImpl.connect(SocksSocketImpl.java:392)
	at java.net.Socket.connect(Socket.java:589)
	at sun.net.NetworkClient.doConnect(NetworkClient.java:175)
	at sun.net.www.http.HttpClient.openServer(HttpClient.java:463)
	at sun.net.www.http.HttpClient.openServer(HttpClient.java:558)
	at sun.net.www.http.HttpClient.<init>(HttpClient.java:242)
	at sun.net.www.http.HttpClient.New(HttpClient.java:339)
	at sun.net.www.http.HttpClient.New(HttpClient.java:357)
	at sun.net.www.protocol.http.HttpURLConnection.getNewHttpClient(HttpURLConnection.java:1202)
	at sun.net.www.protocol.http.HttpURLConnection.plainConnect0(HttpURLConnection.java:1138)
	at sun.net.www.protocol.http.HttpURLConnection.plainConnect(HttpURLConnection.java:1032)
	at sun.net.www.protocol.http.HttpURLConnection.connect(HttpURLConnection.java:966)
	at com.alibaba.nacos.common.http.client.request.JdkHttpClientRequest.execute(JdkHttpClientRequest.java:112)
	at com.alibaba.nacos.common.http.client.NacosRestTemplate.execute(NacosRestTemplate.java:482)
	at com.alibaba.nacos.common.http.client.NacosRestTemplate.exchangeForm(NacosRestTemplate.java:427)
	at com.alibaba.nacos.client.naming.net.NamingProxy.callServer(NamingProxy.java:603)
	at com.alibaba.nacos.client.naming.net.NamingProxy.reqApi(NamingProxy.java:526)
	at com.alibaba.nacos.client.naming.net.NamingProxy.reqApi(NamingProxy.java:498)
	at com.alibaba.nacos.client.naming.net.NamingProxy.reqApi(NamingProxy.java:493)
	at com.alibaba.nacos.client.naming.net.NamingProxy.queryList(NamingProxy.java:407)
	at com.alibaba.nacos.client.naming.core.HostReactor.updateService(HostReactor.java:382)
	at com.alibaba.nacos.client.naming.core.HostReactor$UpdateTask.run(HostReactor.java:464)
	at java.util.concurrent.Executors$RunnableAdapter.call(Executors.java:511)
	at java.util.concurrent.FutureTask.run(FutureTask.java:266)
	at java.util.concurrent.ScheduledThreadPoolExecutor$ScheduledFutureTask.access$201(ScheduledThreadPoolExecutor.java:180)
	at java.util.concurrent.ScheduledThreadPoolExecutor$ScheduledFutureTask.run(ScheduledThreadPoolExecutor.java:293)
	at java.util.concurrent.ThreadPoolExecutor.runWorker(ThreadPoolExecutor.java:1142)
	at java.util.concurrent.ThreadPoolExecutor$Worker.run(ThreadPoolExecutor.java:617)
	at java.lang.Thread.run(Thread.java:748)
